<stg><name>addrbound18</name>


<trans_list>

<trans id="21" from="1" to="2">
<condition id="-1">
<or_exp><and_exp></and_exp></or_exp>
</condition>
</trans>

<trans id="22" from="2" to="3">
<condition id="-1">
<or_exp><and_exp></and_exp></or_exp>
</condition>
</trans>

<trans id="23" from="3" to="4">
<condition id="-1">
<or_exp><and_exp></and_exp></or_exp>
</condition>
</trans>
</trans_list>



<state_list>

<state id="1" st_id="1">

<operation id="5" st_id="1" stage="1" lat="1">
<core>FIFO_SRL</core>
<MemPortIdVec></MemPortIdVec>
<condition id="-1">
<or_exp><and_exp></and_exp></or_exp>
</condition>

<Node id="8" bw="32" op_0_bw="32" op_1_bw="32">
<![CDATA[
entry:2 %rows_read = read i32 @_ssdm_op_Read.ap_fifo.i32P, i32 %rows

]]></Node>
<StgValue><ssdm name="rows_read"/></StgValue>
</operation>

<operation id="6" st_id="1" stage="1" lat="1">
<core>FIFO_SRL</core>
<MemPortIdVec></MemPortIdVec>
<condition id="-1">
<or_exp><and_exp></and_exp></or_exp>
</condition>

<Node id="9" bw="32" op_0_bw="32" op_1_bw="32">
<![CDATA[
entry:3 %cols_read = read i32 @_ssdm_op_Read.ap_fifo.i32P, i32 %cols

]]></Node>
<StgValue><ssdm name="cols_read"/></StgValue>
</operation>

<operation id="7" st_id="1" stage="1" lat="1">
<core>FIFO_SRL</core>
<MemPortIdVec></MemPortIdVec>
<condition id="-1">
<or_exp><and_exp></and_exp></or_exp>
</condition>

<Node id="11" bw="0" op_0_bw="0" op_1_bw="32" op_2_bw="32">
<![CDATA[
entry:5 %write_ln1116 = write void @_ssdm_op_Write.ap_fifo.i32P, i32 %rows_out, i32 %rows_read

]]></Node>
<StgValue><ssdm name="write_ln1116"/></StgValue>
</operation>

<operation id="8" st_id="1" stage="1" lat="1">
<core>FIFO_SRL</core>
<MemPortIdVec></MemPortIdVec>
<condition id="-1">
<or_exp><and_exp></and_exp></or_exp>
</condition>

<Node id="13" bw="0" op_0_bw="0" op_1_bw="32" op_2_bw="32">
<![CDATA[
entry:7 %write_ln1116 = write void @_ssdm_op_Write.ap_fifo.i32P, i32 %cols_out, i32 %cols_read

]]></Node>
<StgValue><ssdm name="write_ln1116"/></StgValue>
</operation>

<operation id="9" st_id="1" stage="1" lat="1">
<core>NULL</core>
<MemPortIdVec></MemPortIdVec>
<condition id="-1">
<or_exp><and_exp></and_exp></or_exp>
</condition>

<Node id="14" bw="15" op_0_bw="32">
<![CDATA[
entry:8 %empty = trunc i32 %rows_read

]]></Node>
<StgValue><ssdm name="empty"/></StgValue>
</operation>

<operation id="10" st_id="1" stage="1" lat="1">
<core>NULL</core>
<MemPortIdVec></MemPortIdVec>
<condition id="-1">
<or_exp><and_exp></and_exp></or_exp>
</condition>

<Node id="15" bw="15" op_0_bw="32">
<![CDATA[
entry:9 %empty_60 = trunc i32 %cols_read

]]></Node>
<StgValue><ssdm name="empty_60"/></StgValue>
</operation>

<operation id="11" st_id="1" stage="4" lat="4">
<core>DSP48</core>
<MemPortIdVec></MemPortIdVec>
<condition id="-1">
<or_exp><and_exp></and_exp></or_exp>
</condition>

<Node id="16" bw="15" op_0_bw="15" op_1_bw="15">
<![CDATA[
entry:10 %mul_ln976 = mul i15 %empty_60, i15 %empty

]]></Node>
<StgValue><ssdm name="mul_ln976"/></StgValue>
</operation>
</state>

<state id="2" st_id="2">

<operation id="12" st_id="2" stage="3" lat="4">
<core>DSP48</core>
<MemPortIdVec></MemPortIdVec>
<condition id="-1">
<or_exp><and_exp></and_exp></or_exp>
</condition>

<Node id="16" bw="15" op_0_bw="15" op_1_bw="15">
<![CDATA[
entry:10 %mul_ln976 = mul i15 %empty_60, i15 %empty

]]></Node>
<StgValue><ssdm name="mul_ln976"/></StgValue>
</operation>
</state>

<state id="3" st_id="3">

<operation id="13" st_id="3" stage="2" lat="4">
<core>DSP48</core>
<MemPortIdVec></MemPortIdVec>
<condition id="-1">
<or_exp><and_exp></and_exp></or_exp>
</condition>

<Node id="16" bw="15" op_0_bw="15" op_1_bw="15">
<![CDATA[
entry:10 %mul_ln976 = mul i15 %empty_60, i15 %empty

]]></Node>
<StgValue><ssdm name="mul_ln976"/></StgValue>
</operation>
</state>

<state id="4" st_id="4">

<operation id="14" st_id="4" stage="1" lat="1">
<core>NULL</core>
<MemPortIdVec></MemPortIdVec>
<condition id="-1">
<or_exp><and_exp></and_exp></or_exp>
</condition>

<Node id="6" bw="0" op_0_bw="0" op_1_bw="32" op_2_bw="0" op_3_bw="32" op_4_bw="32" op_5_bw="0" op_6_bw="32" op_7_bw="32" op_8_bw="0" op_9_bw="0" op_10_bw="0" op_11_bw="32" op_12_bw="32" op_13_bw="32" op_14_bw="32" op_15_bw="0" op_16_bw="0">
<![CDATA[
entry:0 %specinterface_ln0 = specinterface void @_ssdm_op_SpecInterface, i32 %cols, void @ap_fifo_str, i32, i32, void @p_str, i32, i32, void @p_str, void @p_str, void @p_str, i32, i32, i32, i32, void @p_str, void @ScalarProp_str

]]></Node>
<StgValue><ssdm name="specinterface_ln0"/></StgValue>
</operation>

<operation id="15" st_id="4" stage="1" lat="1">
<core>NULL</core>
<MemPortIdVec></MemPortIdVec>
<condition id="-1">
<or_exp><and_exp></and_exp></or_exp>
</condition>

<Node id="7" bw="0" op_0_bw="0" op_1_bw="32" op_2_bw="0" op_3_bw="32" op_4_bw="32" op_5_bw="0" op_6_bw="32" op_7_bw="32" op_8_bw="0" op_9_bw="0" op_10_bw="0" op_11_bw="32" op_12_bw="32" op_13_bw="32" op_14_bw="32" op_15_bw="0" op_16_bw="0">
<![CDATA[
entry:1 %specinterface_ln0 = specinterface void @_ssdm_op_SpecInterface, i32 %rows, void @ap_fifo_str, i32, i32, void @p_str, i32, i32, void @p_str, void @p_str, void @p_str, i32, i32, i32, i32, void @p_str, void @ScalarProp_str

]]></Node>
<StgValue><ssdm name="specinterface_ln0"/></StgValue>
</operation>

<operation id="16" st_id="4" stage="1" lat="1">
<core>NULL</core>
<MemPortIdVec></MemPortIdVec>
<condition id="-1">
<or_exp><and_exp></and_exp></or_exp>
</condition>

<Node id="10" bw="0" op_0_bw="0" op_1_bw="32" op_2_bw="0" op_3_bw="32" op_4_bw="32" op_5_bw="0" op_6_bw="32" op_7_bw="32" op_8_bw="0" op_9_bw="0" op_10_bw="0" op_11_bw="32" op_12_bw="32" op_13_bw="32" op_14_bw="32" op_15_bw="0" op_16_bw="0">
<![CDATA[
entry:4 %specinterface_ln0 = specinterface void @_ssdm_op_SpecInterface, i32 %rows_out, void @ap_fifo_str, i32, i32, void @p_str, i32, i32, void @p_str, void @p_str, void @p_str, i32, i32, i32, i32, void @p_str, void @ScalarProp_str

]]></Node>
<StgValue><ssdm name="specinterface_ln0"/></StgValue>
</operation>

<operation id="17" st_id="4" stage="1" lat="1">
<core>NULL</core>
<MemPortIdVec></MemPortIdVec>
<condition id="-1">
<or_exp><and_exp></and_exp></or_exp>
</condition>

<Node id="12" bw="0" op_0_bw="0" op_1_bw="32" op_2_bw="0" op_3_bw="32" op_4_bw="32" op_5_bw="0" op_6_bw="32" op_7_bw="32" op_8_bw="0" op_9_bw="0" op_10_bw="0" op_11_bw="32" op_12_bw="32" op_13_bw="32" op_14_bw="32" op_15_bw="0" op_16_bw="0">
<![CDATA[
entry:6 %specinterface_ln0 = specinterface void @_ssdm_op_SpecInterface, i32 %cols_out, void @ap_fifo_str, i32, i32, void @p_str, i32, i32, void @p_str, void @p_str, void @p_str, i32, i32, i32, i32, void @p_str, void @ScalarProp_str

]]></Node>
<StgValue><ssdm name="specinterface_ln0"/></StgValue>
</operation>

<operation id="18" st_id="4" stage="1" lat="4">
<core>DSP48</core>
<MemPortIdVec></MemPortIdVec>
<condition id="-1">
<or_exp><and_exp></and_exp></or_exp>
</condition>

<Node id="16" bw="15" op_0_bw="15" op_1_bw="15">
<![CDATA[
entry:10 %mul_ln976 = mul i15 %empty_60, i15 %empty

]]></Node>
<StgValue><ssdm name="mul_ln976"/></StgValue>
</operation>

<operation id="19" st_id="4" stage="1" lat="1">
<core>NULL</core>
<MemPortIdVec></MemPortIdVec>
<condition id="-1">
<or_exp><and_exp></and_exp></or_exp>
</condition>

<Node id="17" bw="0" op_0_bw="0" op_1_bw="15" op_2_bw="15">
<![CDATA[
entry:11 %write_ln976 = write void @_ssdm_op_Write.ap_auto.volatile.i15P, i15 %return_r, i15 %mul_ln976

]]></Node>
<StgValue><ssdm name="write_ln976"/></StgValue>
</operation>

<operation id="20" st_id="4" stage="1" lat="1">
<core>NULL</core>
<MemPortIdVec></MemPortIdVec>
<condition id="-1">
<or_exp><and_exp></and_exp></or_exp>
</condition>

<Node id="18" bw="0">
<![CDATA[
entry:12 %ret_ln1116 = ret

]]></Node>
<StgValue><ssdm name="ret_ln1116"/></StgValue>
</operation>
</state>
</state_list>


<ports>
<port id="24" name="return_r" dir="1" iftype="0">
<core>NULL</core><StgValue><ssdm name="return_r"/></StgValue>
</port>
<port id="25" name="rows" dir="0" iftype="3">
<core>FIFO_SRL</core><StgValue><ssdm name="rows"/></StgValue>
</port>
<port id="26" name="cols" dir="0" iftype="3">
<core>FIFO_SRL</core><StgValue><ssdm name="cols"/></StgValue>
</port>
<port id="27" name="rows_out" dir="1" iftype="3">
<core>FIFO_SRL</core><StgValue><ssdm name="rows_out"/></StgValue>
</port>
<port id="28" name="cols_out" dir="1" iftype="3">
<core>FIFO_SRL</core><StgValue><ssdm name="cols_out"/></StgValue>
</port>
</ports>


<dataflows>
<dataflow id="30" from="_ssdm_op_Read.ap_fifo.i32P" to="rows_read" fromId="29" toId="5">
</dataflow>
<dataflow id="31" from="rows" to="rows_read" fromId="25" toId="5">
</dataflow>
<dataflow id="32" from="_ssdm_op_Read.ap_fifo.i32P" to="cols_read" fromId="29" toId="6">
</dataflow>
<dataflow id="33" from="cols" to="cols_read" fromId="26" toId="6">
</dataflow>
<dataflow id="35" from="_ssdm_op_Write.ap_fifo.i32P" to="write_ln1116" fromId="34" toId="7">
</dataflow>
<dataflow id="36" from="rows_out" to="write_ln1116" fromId="27" toId="7">
</dataflow>
<dataflow id="37" from="rows_read" to="write_ln1116" fromId="5" toId="7">
</dataflow>
<dataflow id="38" from="_ssdm_op_Write.ap_fifo.i32P" to="write_ln1116" fromId="34" toId="8">
</dataflow>
<dataflow id="39" from="cols_out" to="write_ln1116" fromId="28" toId="8">
</dataflow>
<dataflow id="40" from="cols_read" to="write_ln1116" fromId="6" toId="8">
</dataflow>
<dataflow id="41" from="rows_read" to="empty" fromId="5" toId="9">
</dataflow>
<dataflow id="42" from="cols_read" to="empty_60" fromId="6" toId="10">
</dataflow>
<dataflow id="43" from="empty_60" to="mul_ln976" fromId="10" toId="11">
</dataflow>
<dataflow id="44" from="empty" to="mul_ln976" fromId="9" toId="11">
</dataflow>
<dataflow id="45" from="empty_60" to="mul_ln976" fromId="10" toId="12">
</dataflow>
<dataflow id="46" from="empty" to="mul_ln976" fromId="9" toId="12">
</dataflow>
<dataflow id="47" from="empty_60" to="mul_ln976" fromId="10" toId="13">
</dataflow>
<dataflow id="48" from="empty" to="mul_ln976" fromId="9" toId="13">
</dataflow>
<dataflow id="50" from="_ssdm_op_SpecInterface" to="specinterface_ln0" fromId="49" toId="14">
</dataflow>
<dataflow id="51" from="cols" to="specinterface_ln0" fromId="26" toId="14">
</dataflow>
<dataflow id="53" from="ap_fifo_str" to="specinterface_ln0" fromId="52" toId="14">
</dataflow>
<dataflow id="55" from="StgValue_54" to="specinterface_ln0" fromId="54" toId="14">
</dataflow>
<dataflow id="56" from="StgValue_54" to="specinterface_ln0" fromId="54" toId="14">
</dataflow>
<dataflow id="58" from="p_str" to="specinterface_ln0" fromId="57" toId="14">
</dataflow>
<dataflow id="59" from="StgValue_54" to="specinterface_ln0" fromId="54" toId="14">
</dataflow>
<dataflow id="60" from="StgValue_54" to="specinterface_ln0" fromId="54" toId="14">
</dataflow>
<dataflow id="61" from="p_str" to="specinterface_ln0" fromId="57" toId="14">
</dataflow>
<dataflow id="62" from="p_str" to="specinterface_ln0" fromId="57" toId="14">
</dataflow>
<dataflow id="63" from="p_str" to="specinterface_ln0" fromId="57" toId="14">
</dataflow>
<dataflow id="65" from="StgValue_64" to="specinterface_ln0" fromId="64" toId="14">
</dataflow>
<dataflow id="66" from="StgValue_64" to="specinterface_ln0" fromId="64" toId="14">
</dataflow>
<dataflow id="68" from="StgValue_67" to="specinterface_ln0" fromId="67" toId="14">
</dataflow>
<dataflow id="69" from="StgValue_67" to="specinterface_ln0" fromId="67" toId="14">
</dataflow>
<dataflow id="70" from="p_str" to="specinterface_ln0" fromId="57" toId="14">
</dataflow>
<dataflow id="72" from="ScalarProp_str" to="specinterface_ln0" fromId="71" toId="14">
</dataflow>
<dataflow id="73" from="_ssdm_op_SpecInterface" to="specinterface_ln0" fromId="49" toId="15">
</dataflow>
<dataflow id="74" from="rows" to="specinterface_ln0" fromId="25" toId="15">
</dataflow>
<dataflow id="75" from="ap_fifo_str" to="specinterface_ln0" fromId="52" toId="15">
</dataflow>
<dataflow id="76" from="StgValue_54" to="specinterface_ln0" fromId="54" toId="15">
</dataflow>
<dataflow id="77" from="StgValue_54" to="specinterface_ln0" fromId="54" toId="15">
</dataflow>
<dataflow id="78" from="p_str" to="specinterface_ln0" fromId="57" toId="15">
</dataflow>
<dataflow id="79" from="StgValue_54" to="specinterface_ln0" fromId="54" toId="15">
</dataflow>
<dataflow id="80" from="StgValue_54" to="specinterface_ln0" fromId="54" toId="15">
</dataflow>
<dataflow id="81" from="p_str" to="specinterface_ln0" fromId="57" toId="15">
</dataflow>
<dataflow id="82" from="p_str" to="specinterface_ln0" fromId="57" toId="15">
</dataflow>
<dataflow id="83" from="p_str" to="specinterface_ln0" fromId="57" toId="15">
</dataflow>
<dataflow id="84" from="StgValue_64" to="specinterface_ln0" fromId="64" toId="15">
</dataflow>
<dataflow id="85" from="StgValue_64" to="specinterface_ln0" fromId="64" toId="15">
</dataflow>
<dataflow id="86" from="StgValue_67" to="specinterface_ln0" fromId="67" toId="15">
</dataflow>
<dataflow id="87" from="StgValue_67" to="specinterface_ln0" fromId="67" toId="15">
</dataflow>
<dataflow id="88" from="p_str" to="specinterface_ln0" fromId="57" toId="15">
</dataflow>
<dataflow id="89" from="ScalarProp_str" to="specinterface_ln0" fromId="71" toId="15">
</dataflow>
<dataflow id="90" from="_ssdm_op_SpecInterface" to="specinterface_ln0" fromId="49" toId="16">
</dataflow>
<dataflow id="91" from="rows_out" to="specinterface_ln0" fromId="27" toId="16">
</dataflow>
<dataflow id="92" from="ap_fifo_str" to="specinterface_ln0" fromId="52" toId="16">
</dataflow>
<dataflow id="93" from="StgValue_54" to="specinterface_ln0" fromId="54" toId="16">
</dataflow>
<dataflow id="94" from="StgValue_54" to="specinterface_ln0" fromId="54" toId="16">
</dataflow>
<dataflow id="95" from="p_str" to="specinterface_ln0" fromId="57" toId="16">
</dataflow>
<dataflow id="96" from="StgValue_54" to="specinterface_ln0" fromId="54" toId="16">
</dataflow>
<dataflow id="97" from="StgValue_54" to="specinterface_ln0" fromId="54" toId="16">
</dataflow>
<dataflow id="98" from="p_str" to="specinterface_ln0" fromId="57" toId="16">
</dataflow>
<dataflow id="99" from="p_str" to="specinterface_ln0" fromId="57" toId="16">
</dataflow>
<dataflow id="100" from="p_str" to="specinterface_ln0" fromId="57" toId="16">
</dataflow>
<dataflow id="101" from="StgValue_64" to="specinterface_ln0" fromId="64" toId="16">
</dataflow>
<dataflow id="102" from="StgValue_64" to="specinterface_ln0" fromId="64" toId="16">
</dataflow>
<dataflow id="103" from="StgValue_67" to="specinterface_ln0" fromId="67" toId="16">
</dataflow>
<dataflow id="104" from="StgValue_67" to="specinterface_ln0" fromId="67" toId="16">
</dataflow>
<dataflow id="105" from="p_str" to="specinterface_ln0" fromId="57" toId="16">
</dataflow>
<dataflow id="106" from="ScalarProp_str" to="specinterface_ln0" fromId="71" toId="16">
</dataflow>
<dataflow id="107" from="_ssdm_op_SpecInterface" to="specinterface_ln0" fromId="49" toId="17">
</dataflow>
<dataflow id="108" from="cols_out" to="specinterface_ln0" fromId="28" toId="17">
</dataflow>
<dataflow id="109" from="ap_fifo_str" to="specinterface_ln0" fromId="52" toId="17">
</dataflow>
<dataflow id="110" from="StgValue_54" to="specinterface_ln0" fromId="54" toId="17">
</dataflow>
<dataflow id="111" from="StgValue_54" to="specinterface_ln0" fromId="54" toId="17">
</dataflow>
<dataflow id="112" from="p_str" to="specinterface_ln0" fromId="57" toId="17">
</dataflow>
<dataflow id="113" from="StgValue_54" to="specinterface_ln0" fromId="54" toId="17">
</dataflow>
<dataflow id="114" from="StgValue_54" to="specinterface_ln0" fromId="54" toId="17">
</dataflow>
<dataflow id="115" from="p_str" to="specinterface_ln0" fromId="57" toId="17">
</dataflow>
<dataflow id="116" from="p_str" to="specinterface_ln0" fromId="57" toId="17">
</dataflow>
<dataflow id="117" from="p_str" to="specinterface_ln0" fromId="57" toId="17">
</dataflow>
<dataflow id="118" from="StgValue_64" to="specinterface_ln0" fromId="64" toId="17">
</dataflow>
<dataflow id="119" from="StgValue_64" to="specinterface_ln0" fromId="64" toId="17">
</dataflow>
<dataflow id="120" from="StgValue_67" to="specinterface_ln0" fromId="67" toId="17">
</dataflow>
<dataflow id="121" from="StgValue_67" to="specinterface_ln0" fromId="67" toId="17">
</dataflow>
<dataflow id="122" from="p_str" to="specinterface_ln0" fromId="57" toId="17">
</dataflow>
<dataflow id="123" from="ScalarProp_str" to="specinterface_ln0" fromId="71" toId="17">
</dataflow>
<dataflow id="124" from="empty_60" to="mul_ln976" fromId="10" toId="18">
</dataflow>
<dataflow id="125" from="empty" to="mul_ln976" fromId="9" toId="18">
</dataflow>
<dataflow id="127" from="_ssdm_op_Write.ap_auto.volatile.i15P" to="write_ln976" fromId="126" toId="19">
</dataflow>
<dataflow id="128" from="return_r" to="write_ln976" fromId="24" toId="19">
</dataflow>
<dataflow id="129" from="mul_ln976" to="write_ln976" fromId="18" toId="19">
</dataflow>
</dataflows>


</stg>
