<profile>

<section name = "Vitis HLS Report for 'Array2xfMat_8_0_128_128_1_s'" level="0">
<item name = "Date">Fri Jan 22 14:17:02 2021
</item>
<item name = "Version">2020.1 (Build 2902540 on Wed May 27 20:16:15 MDT 2020)</item>
<item name = "Project">erosion</item>
<item name = "Solution">solution1 (Vivado IP Flow Target)</item>
<item name = "Product family">virtexuplus</item>
<item name = "Target device">xcvu11p-flga2577-1-e</item>
</section>

<section name = "Performance Estimates" level="0">
<item name = "Timing">
<section name = "" level="1">
<item name = "Summary"><table name="" hasTotal="0">
<keys size="4">Clock, Target, Estimated, Uncertainty</keys>
<column name="ap_clk">10.00 ns, 7.300 ns, 2.70 ns</column>
</table>
</item>
</section>
</item>
<item name = "Latency">
<section name = "" level="1">
<item name = "Summary"><table name="" hasTotal="0">
<keys size="8">, min, max, min, max, min, max, Type</keys>
<column name="">15, 16398, 0.150 us, 0.164 ms, 15, 16398, none</column>
</table>
</item>
<item name = "Detail">
<section name = "" level="1">
<item name = "Instance"><table name="" hasTotal="0">
<keys size="9">Instance, Module, min, max, min, max, min, max, Type</keys>
<column name="grp_Axi2Mat_fu_78">Axi2Mat, 14, 16397, 0.140 us, 0.164 ms, 4, 16395, dataflow</column>
</table>
</item>
<item name = "Loop"><table name="" hasTotal="0">
<keys size="8">Loop Name, min, max, Latency, achieved, target, Count, Pipelined</keys>
</table>
</item>
</section>
</item>
</section>
</item>
</section>

<section name = "Utilization Estimates" level="0">
<item name = "Summary"><table name="" hasTotal="1">
<keys size="6">Name, BRAM_18K, DSP, FF, LUT, URAM</keys>
<column name="DSP">-, -, -, -, -</column>
<column name="Expression">-, -, 0, 6, -</column>
<column name="FIFO">-, -, -, -, -</column>
<column name="Instance">-, 4, 1567, 2460, -</column>
<column name="Memory">-, -, -, -, -</column>
<column name="Multiplexer">-, -, -, 96, -</column>
<column name="Register">-, -, 134, -, -</column>
<specialColumn name="Available SLR">1344, 3072, 864000, 432000, 320</specialColumn>
<specialColumn name="Utilization SLR (%)">0, ~0, ~0, ~0, 0</specialColumn>
<specialColumn name="Available">4032, 9216, 2592000, 1296000, 960</specialColumn>
<specialColumn name="Utilization (%)">0, ~0, ~0, ~0, 0</specialColumn>
</table>
</item>
<item name = "Detail">
<section name = "" level="1">
<item name = "Instance"><table name="" hasTotal="1">
<keys size="7">Instance, Module, BRAM_18K, DSP, FF, LUT, URAM</keys>
<column name="grp_Axi2Mat_fu_78">Axi2Mat, 0, 4, 1567, 2460, 0</column>
</table>
</item>
<item name = "DSP"><table name="" hasTotal="0">
<keys size="3">Instance, Module, Expression</keys>
</table>
</item>
<item name = "Memory"><table name="" hasTotal="1">
<keys size="10">Memory, Module, BRAM_18K, FF, LUT, URAM, Words, Bits, Banks, W*Bits*Banks</keys>
</table>
</item>
<item name = "FIFO"><table name="" hasTotal="1">
<keys size="8">Name, BRAM_18K, FF, LUT, URAM, Depth, Bits, Size:D*B</keys>
</table>
</item>
<item name = "Expression"><table name="" hasTotal="1">
<keys size="7">Variable Name, Operation, DSP, FF, LUT, Bitwidth P0, Bitwidth P1</keys>
<column name="ap_block_state1">or, 0, 0, 2, 1, 1</column>
<column name="ap_sync_grp_Axi2Mat_fu_78_ap_done">or, 0, 0, 2, 1, 1</column>
<column name="ap_sync_grp_Axi2Mat_fu_78_ap_ready">or, 0, 0, 2, 1, 1</column>
</table>
</item>
<item name = "Multiplexer"><table name="" hasTotal="1">
<keys size="5">Name, LUT, Input Size, Bits, Total Bits</keys>
<column name="ap_NS_fsm">15, 3, 1, 3</column>
<column name="ap_done">9, 2, 1, 2</column>
<column name="dstMat_1_blk_n">9, 2, 1, 2</column>
<column name="dstMat_1_out_blk_n">9, 2, 1, 2</column>
<column name="dstMat_2_blk_n">9, 2, 1, 2</column>
<column name="dstMat_2_out_blk_n">9, 2, 1, 2</column>
<column name="imgInput_417_write">9, 2, 1, 2</column>
<column name="m_axi_gmem0_ARVALID">9, 2, 1, 2</column>
<column name="m_axi_gmem0_RREADY">9, 2, 1, 2</column>
<column name="srcPtr_blk_n">9, 2, 1, 2</column>
</table>
</item>
<item name = "Register"><table name="" hasTotal="1">
<keys size="5">Name, FF, LUT, Bits, Const Bits</keys>
<column name="ap_CS_fsm">2, 0, 2, 0</column>
<column name="ap_done_reg">1, 0, 1, 0</column>
<column name="ap_sync_reg_grp_Axi2Mat_fu_78_ap_done">1, 0, 1, 0</column>
<column name="ap_sync_reg_grp_Axi2Mat_fu_78_ap_ready">1, 0, 1, 0</column>
<column name="dstMat_1_read_reg_97">32, 0, 32, 0</column>
<column name="dstMat_2_read_reg_102">32, 0, 32, 0</column>
<column name="grp_Axi2Mat_fu_78_ap_start_reg">1, 0, 1, 0</column>
<column name="srcPtr_read_reg_92">64, 0, 64, 0</column>
</table>
</item>
</section>
</item>
</section>

<section name = "Interface" level="0">
<item name = "Summary"><table name="" hasTotal="0">
<keys size="6">RTL Ports, Dir, Bits, Protocol, Source Object, C Type</keys>
<column name="ap_clk">in, 1, ap_ctrl_hs, Array2xfMat&lt;8, 0, 128, 128, 1&gt;, return value</column>
<column name="ap_rst">in, 1, ap_ctrl_hs, Array2xfMat&lt;8, 0, 128, 128, 1&gt;, return value</column>
<column name="ap_start">in, 1, ap_ctrl_hs, Array2xfMat&lt;8, 0, 128, 128, 1&gt;, return value</column>
<column name="ap_done">out, 1, ap_ctrl_hs, Array2xfMat&lt;8, 0, 128, 128, 1&gt;, return value</column>
<column name="ap_continue">in, 1, ap_ctrl_hs, Array2xfMat&lt;8, 0, 128, 128, 1&gt;, return value</column>
<column name="ap_idle">out, 1, ap_ctrl_hs, Array2xfMat&lt;8, 0, 128, 128, 1&gt;, return value</column>
<column name="ap_ready">out, 1, ap_ctrl_hs, Array2xfMat&lt;8, 0, 128, 128, 1&gt;, return value</column>
<column name="m_axi_gmem0_AWVALID">out, 1, m_axi, gmem0, pointer</column>
<column name="m_axi_gmem0_AWREADY">in, 1, m_axi, gmem0, pointer</column>
<column name="m_axi_gmem0_AWADDR">out, 64, m_axi, gmem0, pointer</column>
<column name="m_axi_gmem0_AWID">out, 1, m_axi, gmem0, pointer</column>
<column name="m_axi_gmem0_AWLEN">out, 32, m_axi, gmem0, pointer</column>
<column name="m_axi_gmem0_AWSIZE">out, 3, m_axi, gmem0, pointer</column>
<column name="m_axi_gmem0_AWBURST">out, 2, m_axi, gmem0, pointer</column>
<column name="m_axi_gmem0_AWLOCK">out, 2, m_axi, gmem0, pointer</column>
<column name="m_axi_gmem0_AWCACHE">out, 4, m_axi, gmem0, pointer</column>
<column name="m_axi_gmem0_AWPROT">out, 3, m_axi, gmem0, pointer</column>
<column name="m_axi_gmem0_AWQOS">out, 4, m_axi, gmem0, pointer</column>
<column name="m_axi_gmem0_AWREGION">out, 4, m_axi, gmem0, pointer</column>
<column name="m_axi_gmem0_AWUSER">out, 1, m_axi, gmem0, pointer</column>
<column name="m_axi_gmem0_WVALID">out, 1, m_axi, gmem0, pointer</column>
<column name="m_axi_gmem0_WREADY">in, 1, m_axi, gmem0, pointer</column>
<column name="m_axi_gmem0_WDATA">out, 8, m_axi, gmem0, pointer</column>
<column name="m_axi_gmem0_WSTRB">out, 1, m_axi, gmem0, pointer</column>
<column name="m_axi_gmem0_WLAST">out, 1, m_axi, gmem0, pointer</column>
<column name="m_axi_gmem0_WID">out, 1, m_axi, gmem0, pointer</column>
<column name="m_axi_gmem0_WUSER">out, 1, m_axi, gmem0, pointer</column>
<column name="m_axi_gmem0_ARVALID">out, 1, m_axi, gmem0, pointer</column>
<column name="m_axi_gmem0_ARREADY">in, 1, m_axi, gmem0, pointer</column>
<column name="m_axi_gmem0_ARADDR">out, 64, m_axi, gmem0, pointer</column>
<column name="m_axi_gmem0_ARID">out, 1, m_axi, gmem0, pointer</column>
<column name="m_axi_gmem0_ARLEN">out, 32, m_axi, gmem0, pointer</column>
<column name="m_axi_gmem0_ARSIZE">out, 3, m_axi, gmem0, pointer</column>
<column name="m_axi_gmem0_ARBURST">out, 2, m_axi, gmem0, pointer</column>
<column name="m_axi_gmem0_ARLOCK">out, 2, m_axi, gmem0, pointer</column>
<column name="m_axi_gmem0_ARCACHE">out, 4, m_axi, gmem0, pointer</column>
<column name="m_axi_gmem0_ARPROT">out, 3, m_axi, gmem0, pointer</column>
<column name="m_axi_gmem0_ARQOS">out, 4, m_axi, gmem0, pointer</column>
<column name="m_axi_gmem0_ARREGION">out, 4, m_axi, gmem0, pointer</column>
<column name="m_axi_gmem0_ARUSER">out, 1, m_axi, gmem0, pointer</column>
<column name="m_axi_gmem0_RVALID">in, 1, m_axi, gmem0, pointer</column>
<column name="m_axi_gmem0_RREADY">out, 1, m_axi, gmem0, pointer</column>
<column name="m_axi_gmem0_RDATA">in, 8, m_axi, gmem0, pointer</column>
<column name="m_axi_gmem0_RLAST">in, 1, m_axi, gmem0, pointer</column>
<column name="m_axi_gmem0_RID">in, 1, m_axi, gmem0, pointer</column>
<column name="m_axi_gmem0_RUSER">in, 1, m_axi, gmem0, pointer</column>
<column name="m_axi_gmem0_RRESP">in, 2, m_axi, gmem0, pointer</column>
<column name="m_axi_gmem0_BVALID">in, 1, m_axi, gmem0, pointer</column>
<column name="m_axi_gmem0_BREADY">out, 1, m_axi, gmem0, pointer</column>
<column name="m_axi_gmem0_BRESP">in, 2, m_axi, gmem0, pointer</column>
<column name="m_axi_gmem0_BID">in, 1, m_axi, gmem0, pointer</column>
<column name="m_axi_gmem0_BUSER">in, 1, m_axi, gmem0, pointer</column>
<column name="imgInput_417_din">out, 8, ap_fifo, imgInput_417, pointer</column>
<column name="imgInput_417_full_n">in, 1, ap_fifo, imgInput_417, pointer</column>
<column name="imgInput_417_write">out, 1, ap_fifo, imgInput_417, pointer</column>
<column name="srcPtr_dout">in, 64, ap_fifo, srcPtr, pointer</column>
<column name="srcPtr_empty_n">in, 1, ap_fifo, srcPtr, pointer</column>
<column name="srcPtr_read">out, 1, ap_fifo, srcPtr, pointer</column>
<column name="dstMat_1_dout">in, 32, ap_fifo, dstMat_1, pointer</column>
<column name="dstMat_1_empty_n">in, 1, ap_fifo, dstMat_1, pointer</column>
<column name="dstMat_1_read">out, 1, ap_fifo, dstMat_1, pointer</column>
<column name="dstMat_2_dout">in, 32, ap_fifo, dstMat_2, pointer</column>
<column name="dstMat_2_empty_n">in, 1, ap_fifo, dstMat_2, pointer</column>
<column name="dstMat_2_read">out, 1, ap_fifo, dstMat_2, pointer</column>
<column name="dstMat_1_out_din">out, 32, ap_fifo, dstMat_1_out, pointer</column>
<column name="dstMat_1_out_full_n">in, 1, ap_fifo, dstMat_1_out, pointer</column>
<column name="dstMat_1_out_write">out, 1, ap_fifo, dstMat_1_out, pointer</column>
<column name="dstMat_2_out_din">out, 32, ap_fifo, dstMat_2_out, pointer</column>
<column name="dstMat_2_out_full_n">in, 1, ap_fifo, dstMat_2_out, pointer</column>
<column name="dstMat_2_out_write">out, 1, ap_fifo, dstMat_2_out, pointer</column>
</table>
</item>
</section>
</profile>
