<stg><name>Axi2AxiStream</name>


<trans_list>

<trans id="44" from="1" to="2">
<condition id="-1">
<or_exp><and_exp><literal name="icmp_ln882" val="0"/>
</and_exp></or_exp>
</condition>
</trans>

<trans id="45" from="1" to="12">
<condition id="-1">
<or_exp><and_exp><literal name="icmp_ln882" val="1"/>
</and_exp></or_exp>
</condition>
</trans>

<trans id="47" from="2" to="3">
<condition id="-1">
<or_exp><and_exp></and_exp></or_exp>
</condition>
</trans>

<trans id="48" from="3" to="4">
<condition id="-1">
<or_exp><and_exp></and_exp></or_exp>
</condition>
</trans>

<trans id="49" from="4" to="5">
<condition id="-1">
<or_exp><and_exp></and_exp></or_exp>
</condition>
</trans>

<trans id="50" from="5" to="6">
<condition id="-1">
<or_exp><and_exp></and_exp></or_exp>
</condition>
</trans>

<trans id="51" from="6" to="7">
<condition id="-1">
<or_exp><and_exp></and_exp></or_exp>
</condition>
</trans>

<trans id="52" from="7" to="8">
<condition id="-1">
<or_exp><and_exp></and_exp></or_exp>
</condition>
</trans>

<trans id="53" from="8" to="9">
<condition id="-1">
<or_exp><and_exp></and_exp></or_exp>
</condition>
</trans>

<trans id="61" from="9" to="12">
<condition id="-1">
<or_exp><and_exp><literal name="icmp_ln1003" val="1"/>
</and_exp></or_exp>
</condition>
</trans>

<trans id="62" from="9" to="10">
<condition id="-1">
<or_exp><and_exp><literal name="icmp_ln1003" val="0"/>
</and_exp></or_exp>
</condition>
</trans>

<trans id="59" from="10" to="11">
<condition id="-1">
<or_exp><and_exp></and_exp></or_exp>
</condition>
</trans>

<trans id="60" from="11" to="9">
<condition id="-1">
<or_exp><and_exp></and_exp></or_exp>
</condition>
</trans>
</trans_list>



<state_list>

<state id="1" st_id="1">

<operation id="13" st_id="1" stage="1" lat="1">
<core>NULL</core>
<MemPortIdVec></MemPortIdVec>
<condition id="-1">
<or_exp><and_exp></and_exp></or_exp>
</condition>

<Node id="5" bw="0" op_0_bw="0" op_1_bw="8" op_2_bw="0" op_3_bw="32" op_4_bw="32" op_5_bw="0" op_6_bw="32" op_7_bw="32" op_8_bw="0" op_9_bw="0" op_10_bw="0" op_11_bw="32" op_12_bw="32" op_13_bw="32" op_14_bw="32" op_15_bw="0" op_16_bw="0">
<![CDATA[
entry:0 %specinterface_ln0 = specinterface void @_ssdm_op_SpecInterface, i8 %gmem0, void @empty_12, i32, i32, void @empty_21, i32, i32, void @empty_21, void @empty_21, void @empty_21, i32, i32, i32, i32, void @empty_21, void @empty_21

]]></Node>
<StgValue><ssdm name="specinterface_ln0"/></StgValue>
</operation>

<operation id="14" st_id="1" stage="1" lat="1">
<core>NULL</core>
<MemPortIdVec></MemPortIdVec>
<condition id="-1">
<or_exp><and_exp></and_exp></or_exp>
</condition>

<Node id="6" bw="0" op_0_bw="0" op_1_bw="8" op_2_bw="0" op_3_bw="32" op_4_bw="32" op_5_bw="0" op_6_bw="32" op_7_bw="32" op_8_bw="0" op_9_bw="0" op_10_bw="0" op_11_bw="32" op_12_bw="32" op_13_bw="32" op_14_bw="32" op_15_bw="0" op_16_bw="0">
<![CDATA[
entry:1 %specinterface_ln0 = specinterface void @_ssdm_op_SpecInterface, i8 %ldata1, void @empty_0, i32, i32, void @empty_21, i32, i32, void @empty_21, void @empty_21, void @empty_21, i32, i32, i32, i32, void @empty_21, void @empty_21

]]></Node>
<StgValue><ssdm name="specinterface_ln0"/></StgValue>
</operation>

<operation id="15" st_id="1" stage="1" lat="1">
<core>NULL</core>
<MemPortIdVec></MemPortIdVec>
<condition id="-1">
<or_exp><and_exp></and_exp></or_exp>
</condition>

<Node id="7" bw="0" op_0_bw="0" op_1_bw="64" op_2_bw="0" op_3_bw="32" op_4_bw="32" op_5_bw="0" op_6_bw="32" op_7_bw="32" op_8_bw="0" op_9_bw="0" op_10_bw="0" op_11_bw="32" op_12_bw="32" op_13_bw="32" op_14_bw="32" op_15_bw="0" op_16_bw="0">
<![CDATA[
entry:2 %specinterface_ln0 = specinterface void @_ssdm_op_SpecInterface, i64 %din, void @ap_fifo_str, i32, i32, void @p_str, i32, i32, void @p_str, void @p_str, void @p_str, i32, i32, i32, i32, void @p_str, void @ScalarProp_str

]]></Node>
<StgValue><ssdm name="specinterface_ln0"/></StgValue>
</operation>

<operation id="16" st_id="1" stage="1" lat="1">
<core>NULL</core>
<MemPortIdVec></MemPortIdVec>
<condition id="-1">
<or_exp><and_exp></and_exp></or_exp>
</condition>

<Node id="8" bw="15" op_0_bw="15" op_1_bw="15">
<![CDATA[
entry:3 %addrbound_V_read_2 = read i15 @_ssdm_op_Read.ap_auto.i15, i15 %addrbound_V_read

]]></Node>
<StgValue><ssdm name="addrbound_V_read_2"/></StgValue>
</operation>

<operation id="17" st_id="1" stage="1" lat="1">
<core>FIFO_SRL</core>
<MemPortIdVec></MemPortIdVec>
<condition id="-1">
<or_exp><and_exp></and_exp></or_exp>
</condition>

<Node id="9" bw="64" op_0_bw="64" op_1_bw="64">
<![CDATA[
entry:4 %din_1 = read i64 @_ssdm_op_Read.ap_fifo.i64P, i64 %din

]]></Node>
<StgValue><ssdm name="din_1"/></StgValue>
</operation>

<operation id="18" st_id="1" stage="1" lat="1">
<core>NULL</core>
<MemPortIdVec></MemPortIdVec>
<condition id="-1">
<or_exp><and_exp></and_exp></or_exp>
</condition>

<Node id="10" bw="0" op_0_bw="0" op_1_bw="8" op_2_bw="0" op_3_bw="32" op_4_bw="32" op_5_bw="0" op_6_bw="32" op_7_bw="32" op_8_bw="0" op_9_bw="0" op_10_bw="0" op_11_bw="32" op_12_bw="32" op_13_bw="32" op_14_bw="32" op_15_bw="0" op_16_bw="0">
<![CDATA[
entry:5 %specinterface_ln0 = specinterface void @_ssdm_op_SpecInterface, i8 %ldata1, void @empty_0, i32, i32, void @empty_21, i32, i32, void @empty_21, void @empty_21, void @empty_21, i32, i32, i32, i32, void @empty_21, void @empty_21

]]></Node>
<StgValue><ssdm name="specinterface_ln0"/></StgValue>
</operation>

<operation id="19" st_id="1" stage="1" lat="1">
<core>NULL</core>
<MemPortIdVec></MemPortIdVec>
<condition id="-1">
<or_exp><and_exp></and_exp></or_exp>
</condition>

<Node id="11" bw="0" op_0_bw="0" op_1_bw="8" op_2_bw="0" op_3_bw="32" op_4_bw="32" op_5_bw="0" op_6_bw="32" op_7_bw="32" op_8_bw="0" op_9_bw="0" op_10_bw="0" op_11_bw="32" op_12_bw="32" op_13_bw="32" op_14_bw="32" op_15_bw="0" op_16_bw="0">
<![CDATA[
entry:6 %specinterface_ln0 = specinterface void @_ssdm_op_SpecInterface, i8 %gmem0, void @empty_12, i32, i32, void @empty_21, i32, i32, void @empty_21, void @empty_21, void @empty_21, i32, i32, i32, i32, void @empty_21, void @empty_21

]]></Node>
<StgValue><ssdm name="specinterface_ln0"/></StgValue>
</operation>

<operation id="20" st_id="1" stage="1" lat="1">
<core>Cmp</core>
<MemPortIdVec></MemPortIdVec>
<condition id="-1">
<or_exp><and_exp></and_exp></or_exp>
</condition>

<Node id="12" bw="1" op_0_bw="15" op_1_bw="15">
<![CDATA[
entry:7 %icmp_ln882 = icmp_eq  i15 %addrbound_V_read_2, i15

]]></Node>
<StgValue><ssdm name="icmp_ln882"/></StgValue>
</operation>

<operation id="21" st_id="1" stage="1" lat="1">
<core>NULL</core>
<MemPortIdVec></MemPortIdVec>
<condition id="-1">
<or_exp><and_exp></and_exp></or_exp>
</condition>

<Node id="13" bw="0" op_0_bw="1" op_1_bw="0" op_2_bw="0">
<![CDATA[
entry:8 %br_ln1003 = br i1 %icmp_ln882, void %.lr.ph.i, void %.exit

]]></Node>
<StgValue><ssdm name="br_ln1003"/></StgValue>
</operation>

<operation id="22" st_id="1" stage="1" lat="1">
<core>NULL</core>
<MemPortIdVec></MemPortIdVec>
<condition id="-1">
<or_exp><and_exp><literal name="icmp_ln882" val="0"/>
</and_exp></or_exp>
</condition>

<Node id="15" bw="8" op_0_bw="8" op_1_bw="64">
<![CDATA[
.lr.ph.i:0 %gmem0_addr = getelementptr i8 %gmem0, i64 %din_1

]]></Node>
<StgValue><ssdm name="gmem0_addr"/></StgValue>
</operation>
</state>

<state id="2" st_id="2">

<operation id="23" st_id="2" stage="1" lat="1">
<core>NULL</core>
<MemPortIdVec></MemPortIdVec>
<condition id="-1">
<or_exp><and_exp></and_exp></or_exp>
</condition>

<Node id="16" bw="32" op_0_bw="15">
<![CDATA[
.lr.ph.i:1 %zext_ln1003 = zext i15 %addrbound_V_read_2

]]></Node>
<StgValue><ssdm name="zext_ln1003"/></StgValue>
</operation>

<operation id="24" st_id="2" stage="7" lat="7">
<core>m_axi</core>
<MemPortIdVec></MemPortIdVec>
<condition id="-1">
<or_exp><and_exp></and_exp></or_exp>
</condition>

<Node id="17" bw="1" op_0_bw="1" op_1_bw="8" op_2_bw="32">
<![CDATA[
.lr.ph.i:2 %empty = readreq i1 @_ssdm_op_ReadReq.m_axi.p1i8, i8 %gmem0_addr, i32 %zext_ln1003

]]></Node>
<StgValue><ssdm name="empty"/></StgValue>
</operation>
</state>

<state id="3" st_id="3">

<operation id="25" st_id="3" stage="6" lat="7">
<core>m_axi</core>
<MemPortIdVec></MemPortIdVec>
<condition id="-1">
<or_exp><and_exp></and_exp></or_exp>
</condition>

<Node id="17" bw="1" op_0_bw="1" op_1_bw="8" op_2_bw="32">
<![CDATA[
.lr.ph.i:2 %empty = readreq i1 @_ssdm_op_ReadReq.m_axi.p1i8, i8 %gmem0_addr, i32 %zext_ln1003

]]></Node>
<StgValue><ssdm name="empty"/></StgValue>
</operation>
</state>

<state id="4" st_id="4">

<operation id="26" st_id="4" stage="5" lat="7">
<core>m_axi</core>
<MemPortIdVec></MemPortIdVec>
<condition id="-1">
<or_exp><and_exp></and_exp></or_exp>
</condition>

<Node id="17" bw="1" op_0_bw="1" op_1_bw="8" op_2_bw="32">
<![CDATA[
.lr.ph.i:2 %empty = readreq i1 @_ssdm_op_ReadReq.m_axi.p1i8, i8 %gmem0_addr, i32 %zext_ln1003

]]></Node>
<StgValue><ssdm name="empty"/></StgValue>
</operation>
</state>

<state id="5" st_id="5">

<operation id="27" st_id="5" stage="4" lat="7">
<core>m_axi</core>
<MemPortIdVec></MemPortIdVec>
<condition id="-1">
<or_exp><and_exp></and_exp></or_exp>
</condition>

<Node id="17" bw="1" op_0_bw="1" op_1_bw="8" op_2_bw="32">
<![CDATA[
.lr.ph.i:2 %empty = readreq i1 @_ssdm_op_ReadReq.m_axi.p1i8, i8 %gmem0_addr, i32 %zext_ln1003

]]></Node>
<StgValue><ssdm name="empty"/></StgValue>
</operation>
</state>

<state id="6" st_id="6">

<operation id="28" st_id="6" stage="3" lat="7">
<core>m_axi</core>
<MemPortIdVec></MemPortIdVec>
<condition id="-1">
<or_exp><and_exp></and_exp></or_exp>
</condition>

<Node id="17" bw="1" op_0_bw="1" op_1_bw="8" op_2_bw="32">
<![CDATA[
.lr.ph.i:2 %empty = readreq i1 @_ssdm_op_ReadReq.m_axi.p1i8, i8 %gmem0_addr, i32 %zext_ln1003

]]></Node>
<StgValue><ssdm name="empty"/></StgValue>
</operation>
</state>

<state id="7" st_id="7">

<operation id="29" st_id="7" stage="2" lat="7">
<core>m_axi</core>
<MemPortIdVec></MemPortIdVec>
<condition id="-1">
<or_exp><and_exp></and_exp></or_exp>
</condition>

<Node id="17" bw="1" op_0_bw="1" op_1_bw="8" op_2_bw="32">
<![CDATA[
.lr.ph.i:2 %empty = readreq i1 @_ssdm_op_ReadReq.m_axi.p1i8, i8 %gmem0_addr, i32 %zext_ln1003

]]></Node>
<StgValue><ssdm name="empty"/></StgValue>
</operation>
</state>

<state id="8" st_id="8">

<operation id="30" st_id="8" stage="1" lat="7">
<core>m_axi</core>
<MemPortIdVec></MemPortIdVec>
<condition id="-1">
<or_exp><and_exp></and_exp></or_exp>
</condition>

<Node id="17" bw="1" op_0_bw="1" op_1_bw="8" op_2_bw="32">
<![CDATA[
.lr.ph.i:2 %empty = readreq i1 @_ssdm_op_ReadReq.m_axi.p1i8, i8 %gmem0_addr, i32 %zext_ln1003

]]></Node>
<StgValue><ssdm name="empty"/></StgValue>
</operation>

<operation id="31" st_id="8" stage="1" lat="1">
<core>NULL</core>
<MemPortIdVec></MemPortIdVec>
<condition id="-1">
<or_exp><and_exp></and_exp></or_exp>
</condition>

<Node id="18" bw="0" op_0_bw="0">
<![CDATA[
.lr.ph.i:3 %br_ln1003 = br void %bb.i

]]></Node>
<StgValue><ssdm name="br_ln1003"/></StgValue>
</operation>
</state>

<state id="9" st_id="9">

<operation id="32" st_id="9" stage="1" lat="1">
<core>NULL</core>
<MemPortIdVec></MemPortIdVec>
<condition id="-1">
<or_exp><and_exp></and_exp></or_exp>
</condition>

<Node id="20" bw="15" op_0_bw="15" op_1_bw="0" op_2_bw="15" op_3_bw="0">
<![CDATA[
bb.i:0 %empty_87 = phi i15, void %.lr.ph.i, i15 %add_ln695, void %bb.split.i

]]></Node>
<StgValue><ssdm name="empty_87"/></StgValue>
</operation>

<operation id="33" st_id="9" stage="1" lat="1">
<core>Cmp</core>
<MemPortIdVec></MemPortIdVec>
<condition id="-1">
<or_exp><and_exp></and_exp></or_exp>
</condition>

<Node id="21" bw="1" op_0_bw="15" op_1_bw="15">
<![CDATA[
bb.i:1 %icmp_ln1003 = icmp_eq  i15 %empty_87, i15 %addrbound_V_read_2

]]></Node>
<StgValue><ssdm name="icmp_ln1003"/></StgValue>
</operation>

<operation id="34" st_id="9" stage="1" lat="1">
<core>Adder</core>
<MemPortIdVec></MemPortIdVec>
<condition id="-1">
<or_exp><and_exp></and_exp></or_exp>
</condition>

<Node id="22" bw="15" op_0_bw="15" op_1_bw="15">
<![CDATA[
bb.i:2 %add_ln695 = add i15 %empty_87, i15

]]></Node>
<StgValue><ssdm name="add_ln695"/></StgValue>
</operation>

<operation id="35" st_id="9" stage="1" lat="1">
<core>NULL</core>
<MemPortIdVec></MemPortIdVec>
<condition id="-1">
<or_exp><and_exp></and_exp></or_exp>
</condition>

<Node id="23" bw="0" op_0_bw="1" op_1_bw="0" op_2_bw="0">
<![CDATA[
bb.i:3 %br_ln1003 = br i1 %icmp_ln1003, void %bb.split.i, void %.exit.loopexit

]]></Node>
<StgValue><ssdm name="br_ln1003"/></StgValue>
</operation>
</state>

<state id="10" st_id="10">

<operation id="36" st_id="10" stage="1" lat="1">
<core>m_axi</core>
<MemPortIdVec></MemPortIdVec>
<condition id="-1">
<or_exp><and_exp><literal name="icmp_ln1003" val="0"/>
</and_exp></or_exp>
</condition>

<Node id="28" bw="8" op_0_bw="8" op_1_bw="8" op_2_bw="0">
<![CDATA[
bb.split.i:3 %gmem0_addr_read = read i8 @_ssdm_op_Read.m_axi.p1i8, i8 %gmem0_addr, i1 %empty

]]></Node>
<StgValue><ssdm name="gmem0_addr_read"/></StgValue>
</operation>
</state>

<state id="11" st_id="11">

<operation id="37" st_id="11" stage="1" lat="1">
<core>NULL</core>
<MemPortIdVec></MemPortIdVec>
<condition id="-1">
<or_exp><and_exp><literal name="icmp_ln1003" val="0"/>
</and_exp></or_exp>
</condition>

<Node id="25" bw="0" op_0_bw="0" op_1_bw="32" op_2_bw="32" op_3_bw="32" op_4_bw="32" op_5_bw="0">
<![CDATA[
bb.split.i:0 %specpipeline_ln0 = specpipeline void @_ssdm_op_SpecPipeline, i32, i32, i32, i32, void @empty_21

]]></Node>
<StgValue><ssdm name="specpipeline_ln0"/></StgValue>
</operation>

<operation id="38" st_id="11" stage="1" lat="1">
<core>NULL</core>
<MemPortIdVec></MemPortIdVec>
<condition id="-1">
<or_exp><and_exp><literal name="icmp_ln1003" val="0"/>
</and_exp></or_exp>
</condition>

<Node id="26" bw="0" op_0_bw="0" op_1_bw="64" op_2_bw="64" op_3_bw="64">
<![CDATA[
bb.split.i:1 %speclooptripcount_ln0 = speclooptripcount void @_ssdm_op_SpecLoopTripCount, i64, i64, i64

]]></Node>
<StgValue><ssdm name="speclooptripcount_ln0"/></StgValue>
</operation>

<operation id="39" st_id="11" stage="1" lat="1">
<core>NULL</core>
<MemPortIdVec></MemPortIdVec>
<condition id="-1">
<or_exp><and_exp><literal name="icmp_ln1003" val="0"/>
</and_exp></or_exp>
</condition>

<Node id="27" bw="0" op_0_bw="0" op_1_bw="0">
<![CDATA[
bb.split.i:2 %specloopname_ln0 = specloopname void @_ssdm_op_SpecLoopName, void @empty_8

]]></Node>
<StgValue><ssdm name="specloopname_ln0"/></StgValue>
</operation>

<operation id="40" st_id="11" stage="1" lat="1">
<core>FIFO_SRL</core>
<MemPortIdVec></MemPortIdVec>
<condition id="-1">
<or_exp><and_exp><literal name="icmp_ln1003" val="0"/>
</and_exp></or_exp>
</condition>

<Node id="29" bw="0" op_0_bw="0" op_1_bw="8" op_2_bw="8">
<![CDATA[
bb.split.i:4 %write_ln167 = write void @_ssdm_op_Write.ap_fifo.volatile.i8P, i8 %ldata1, i8 %gmem0_addr_read

]]></Node>
<StgValue><ssdm name="write_ln167"/></StgValue>
</operation>

<operation id="41" st_id="11" stage="1" lat="1">
<core>NULL</core>
<MemPortIdVec></MemPortIdVec>
<condition id="-1">
<or_exp><and_exp><literal name="icmp_ln1003" val="0"/>
</and_exp></or_exp>
</condition>

<Node id="30" bw="0" op_0_bw="0">
<![CDATA[
bb.split.i:5 %br_ln0 = br void %bb.i

]]></Node>
<StgValue><ssdm name="br_ln0"/></StgValue>
</operation>
</state>

<state id="12" st_id="12">

<operation id="42" st_id="12" stage="1" lat="1">
<core>NULL</core>
<MemPortIdVec></MemPortIdVec>
<condition id="-1">
<or_exp><and_exp><literal name="icmp_ln882" val="0"/>
</and_exp></or_exp>
</condition>

<Node id="32" bw="0" op_0_bw="0">
<![CDATA[
.exit.loopexit:0 %br_ln0 = br void %.exit

]]></Node>
<StgValue><ssdm name="br_ln0"/></StgValue>
</operation>

<operation id="43" st_id="12" stage="1" lat="1">
<core>NULL</core>
<MemPortIdVec></MemPortIdVec>
<condition id="-1">
<or_exp><and_exp></and_exp></or_exp>
</condition>

<Node id="34" bw="0">
<![CDATA[
.exit:0 %ret_ln1115 = ret

]]></Node>
<StgValue><ssdm name="ret_ln1115"/></StgValue>
</operation>
</state>
</state_list>


<ports>
<port id="63" name="gmem0" dir="0" iftype="4">
<core>NULL</core><StgValue><ssdm name="gmem0"/></StgValue>
</port>
<port id="64" name="ldata1" dir="1" iftype="3">
<core>FIFO_SRL</core><StgValue><ssdm name="ldata1"/></StgValue>
</port>
<port id="65" name="din" dir="0" iftype="3">
<core>FIFO_SRL</core><StgValue><ssdm name="din"/></StgValue>
</port>
<port id="66" name="addrbound_V_read" dir="0" iftype="0">
<core>NULL</core><StgValue><ssdm name="addrbound_V_read"/></StgValue>
</port>
</ports>


<dataflows>
<dataflow id="68" from="_ssdm_op_SpecInterface" to="specinterface_ln0" fromId="67" toId="13">
</dataflow>
<dataflow id="69" from="gmem0" to="specinterface_ln0" fromId="63" toId="13">
</dataflow>
<dataflow id="71" from="empty_12" to="specinterface_ln0" fromId="70" toId="13">
</dataflow>
<dataflow id="73" from="StgValue_72" to="specinterface_ln0" fromId="72" toId="13">
</dataflow>
<dataflow id="74" from="StgValue_72" to="specinterface_ln0" fromId="72" toId="13">
</dataflow>
<dataflow id="76" from="empty_21" to="specinterface_ln0" fromId="75" toId="13">
</dataflow>
<dataflow id="77" from="StgValue_72" to="specinterface_ln0" fromId="72" toId="13">
</dataflow>
<dataflow id="79" from="StgValue_78" to="specinterface_ln0" fromId="78" toId="13">
</dataflow>
<dataflow id="80" from="empty_21" to="specinterface_ln0" fromId="75" toId="13">
</dataflow>
<dataflow id="81" from="empty_21" to="specinterface_ln0" fromId="75" toId="13">
</dataflow>
<dataflow id="82" from="empty_21" to="specinterface_ln0" fromId="75" toId="13">
</dataflow>
<dataflow id="84" from="StgValue_83" to="specinterface_ln0" fromId="83" toId="13">
</dataflow>
<dataflow id="85" from="StgValue_83" to="specinterface_ln0" fromId="83" toId="13">
</dataflow>
<dataflow id="86" from="StgValue_83" to="specinterface_ln0" fromId="83" toId="13">
</dataflow>
<dataflow id="87" from="StgValue_83" to="specinterface_ln0" fromId="83" toId="13">
</dataflow>
<dataflow id="88" from="empty_21" to="specinterface_ln0" fromId="75" toId="13">
</dataflow>
<dataflow id="89" from="empty_21" to="specinterface_ln0" fromId="75" toId="13">
</dataflow>
<dataflow id="90" from="_ssdm_op_SpecInterface" to="specinterface_ln0" fromId="67" toId="14">
</dataflow>
<dataflow id="91" from="ldata1" to="specinterface_ln0" fromId="64" toId="14">
</dataflow>
<dataflow id="93" from="empty_0" to="specinterface_ln0" fromId="92" toId="14">
</dataflow>
<dataflow id="94" from="StgValue_72" to="specinterface_ln0" fromId="72" toId="14">
</dataflow>
<dataflow id="95" from="StgValue_72" to="specinterface_ln0" fromId="72" toId="14">
</dataflow>
<dataflow id="96" from="empty_21" to="specinterface_ln0" fromId="75" toId="14">
</dataflow>
<dataflow id="97" from="StgValue_72" to="specinterface_ln0" fromId="72" toId="14">
</dataflow>
<dataflow id="98" from="StgValue_72" to="specinterface_ln0" fromId="72" toId="14">
</dataflow>
<dataflow id="99" from="empty_21" to="specinterface_ln0" fromId="75" toId="14">
</dataflow>
<dataflow id="100" from="empty_21" to="specinterface_ln0" fromId="75" toId="14">
</dataflow>
<dataflow id="101" from="empty_21" to="specinterface_ln0" fromId="75" toId="14">
</dataflow>
<dataflow id="102" from="StgValue_72" to="specinterface_ln0" fromId="72" toId="14">
</dataflow>
<dataflow id="103" from="StgValue_72" to="specinterface_ln0" fromId="72" toId="14">
</dataflow>
<dataflow id="104" from="StgValue_72" to="specinterface_ln0" fromId="72" toId="14">
</dataflow>
<dataflow id="105" from="StgValue_72" to="specinterface_ln0" fromId="72" toId="14">
</dataflow>
<dataflow id="106" from="empty_21" to="specinterface_ln0" fromId="75" toId="14">
</dataflow>
<dataflow id="107" from="empty_21" to="specinterface_ln0" fromId="75" toId="14">
</dataflow>
<dataflow id="108" from="_ssdm_op_SpecInterface" to="specinterface_ln0" fromId="67" toId="15">
</dataflow>
<dataflow id="109" from="din" to="specinterface_ln0" fromId="65" toId="15">
</dataflow>
<dataflow id="111" from="ap_fifo_str" to="specinterface_ln0" fromId="110" toId="15">
</dataflow>
<dataflow id="112" from="StgValue_72" to="specinterface_ln0" fromId="72" toId="15">
</dataflow>
<dataflow id="113" from="StgValue_72" to="specinterface_ln0" fromId="72" toId="15">
</dataflow>
<dataflow id="115" from="p_str" to="specinterface_ln0" fromId="114" toId="15">
</dataflow>
<dataflow id="116" from="StgValue_72" to="specinterface_ln0" fromId="72" toId="15">
</dataflow>
<dataflow id="117" from="StgValue_72" to="specinterface_ln0" fromId="72" toId="15">
</dataflow>
<dataflow id="118" from="p_str" to="specinterface_ln0" fromId="114" toId="15">
</dataflow>
<dataflow id="119" from="p_str" to="specinterface_ln0" fromId="114" toId="15">
</dataflow>
<dataflow id="120" from="p_str" to="specinterface_ln0" fromId="114" toId="15">
</dataflow>
<dataflow id="122" from="StgValue_121" to="specinterface_ln0" fromId="121" toId="15">
</dataflow>
<dataflow id="123" from="StgValue_121" to="specinterface_ln0" fromId="121" toId="15">
</dataflow>
<dataflow id="124" from="StgValue_83" to="specinterface_ln0" fromId="83" toId="15">
</dataflow>
<dataflow id="125" from="StgValue_83" to="specinterface_ln0" fromId="83" toId="15">
</dataflow>
<dataflow id="126" from="p_str" to="specinterface_ln0" fromId="114" toId="15">
</dataflow>
<dataflow id="128" from="ScalarProp_str" to="specinterface_ln0" fromId="127" toId="15">
</dataflow>
<dataflow id="130" from="_ssdm_op_Read.ap_auto.i15" to="addrbound_V_read_2" fromId="129" toId="16">
</dataflow>
<dataflow id="131" from="addrbound_V_read" to="addrbound_V_read_2" fromId="66" toId="16">
</dataflow>
<dataflow id="133" from="_ssdm_op_Read.ap_fifo.i64P" to="din_1" fromId="132" toId="17">
</dataflow>
<dataflow id="134" from="din" to="din_1" fromId="65" toId="17">
</dataflow>
<dataflow id="135" from="_ssdm_op_SpecInterface" to="specinterface_ln0" fromId="67" toId="18">
</dataflow>
<dataflow id="136" from="ldata1" to="specinterface_ln0" fromId="64" toId="18">
</dataflow>
<dataflow id="137" from="empty_0" to="specinterface_ln0" fromId="92" toId="18">
</dataflow>
<dataflow id="138" from="StgValue_72" to="specinterface_ln0" fromId="72" toId="18">
</dataflow>
<dataflow id="139" from="StgValue_72" to="specinterface_ln0" fromId="72" toId="18">
</dataflow>
<dataflow id="140" from="empty_21" to="specinterface_ln0" fromId="75" toId="18">
</dataflow>
<dataflow id="141" from="StgValue_72" to="specinterface_ln0" fromId="72" toId="18">
</dataflow>
<dataflow id="142" from="StgValue_72" to="specinterface_ln0" fromId="72" toId="18">
</dataflow>
<dataflow id="143" from="empty_21" to="specinterface_ln0" fromId="75" toId="18">
</dataflow>
<dataflow id="144" from="empty_21" to="specinterface_ln0" fromId="75" toId="18">
</dataflow>
<dataflow id="145" from="empty_21" to="specinterface_ln0" fromId="75" toId="18">
</dataflow>
<dataflow id="146" from="StgValue_72" to="specinterface_ln0" fromId="72" toId="18">
</dataflow>
<dataflow id="147" from="StgValue_72" to="specinterface_ln0" fromId="72" toId="18">
</dataflow>
<dataflow id="148" from="StgValue_72" to="specinterface_ln0" fromId="72" toId="18">
</dataflow>
<dataflow id="149" from="StgValue_72" to="specinterface_ln0" fromId="72" toId="18">
</dataflow>
<dataflow id="150" from="empty_21" to="specinterface_ln0" fromId="75" toId="18">
</dataflow>
<dataflow id="151" from="empty_21" to="specinterface_ln0" fromId="75" toId="18">
</dataflow>
<dataflow id="152" from="_ssdm_op_SpecInterface" to="specinterface_ln0" fromId="67" toId="19">
</dataflow>
<dataflow id="153" from="gmem0" to="specinterface_ln0" fromId="63" toId="19">
</dataflow>
<dataflow id="154" from="empty_12" to="specinterface_ln0" fromId="70" toId="19">
</dataflow>
<dataflow id="155" from="StgValue_72" to="specinterface_ln0" fromId="72" toId="19">
</dataflow>
<dataflow id="156" from="StgValue_72" to="specinterface_ln0" fromId="72" toId="19">
</dataflow>
<dataflow id="157" from="empty_21" to="specinterface_ln0" fromId="75" toId="19">
</dataflow>
<dataflow id="158" from="StgValue_72" to="specinterface_ln0" fromId="72" toId="19">
</dataflow>
<dataflow id="159" from="StgValue_78" to="specinterface_ln0" fromId="78" toId="19">
</dataflow>
<dataflow id="160" from="empty_21" to="specinterface_ln0" fromId="75" toId="19">
</dataflow>
<dataflow id="161" from="empty_21" to="specinterface_ln0" fromId="75" toId="19">
</dataflow>
<dataflow id="162" from="empty_21" to="specinterface_ln0" fromId="75" toId="19">
</dataflow>
<dataflow id="163" from="StgValue_83" to="specinterface_ln0" fromId="83" toId="19">
</dataflow>
<dataflow id="164" from="StgValue_83" to="specinterface_ln0" fromId="83" toId="19">
</dataflow>
<dataflow id="165" from="StgValue_83" to="specinterface_ln0" fromId="83" toId="19">
</dataflow>
<dataflow id="166" from="StgValue_83" to="specinterface_ln0" fromId="83" toId="19">
</dataflow>
<dataflow id="167" from="empty_21" to="specinterface_ln0" fromId="75" toId="19">
</dataflow>
<dataflow id="168" from="empty_21" to="specinterface_ln0" fromId="75" toId="19">
</dataflow>
<dataflow id="169" from="addrbound_V_read_2" to="icmp_ln882" fromId="16" toId="20">
</dataflow>
<dataflow id="171" from="StgValue_170" to="icmp_ln882" fromId="170" toId="20">
</dataflow>
<dataflow id="172" from="icmp_ln882" to="br_ln1003" fromId="20" toId="21">
</dataflow>
<dataflow id="173" from="gmem0" to="gmem0_addr" fromId="63" toId="22">
</dataflow>
<dataflow id="174" from="din_1" to="gmem0_addr" fromId="17" toId="22">
</dataflow>
<dataflow id="175" from="addrbound_V_read_2" to="zext_ln1003" fromId="16" toId="23">
</dataflow>
<dataflow id="177" from="_ssdm_op_ReadReq.m_axi.p1i8" to="empty" fromId="176" toId="24">
</dataflow>
<dataflow id="178" from="gmem0_addr" to="empty" fromId="22" toId="24">
</dataflow>
<dataflow id="179" from="zext_ln1003" to="empty" fromId="23" toId="24">
</dataflow>
<dataflow id="180" from="_ssdm_op_ReadReq.m_axi.p1i8" to="empty" fromId="176" toId="25">
</dataflow>
<dataflow id="181" from="gmem0_addr" to="empty" fromId="22" toId="25">
</dataflow>
<dataflow id="182" from="zext_ln1003" to="empty" fromId="23" toId="25">
</dataflow>
<dataflow id="183" from="_ssdm_op_ReadReq.m_axi.p1i8" to="empty" fromId="176" toId="26">
</dataflow>
<dataflow id="184" from="gmem0_addr" to="empty" fromId="22" toId="26">
</dataflow>
<dataflow id="185" from="zext_ln1003" to="empty" fromId="23" toId="26">
</dataflow>
<dataflow id="186" from="_ssdm_op_ReadReq.m_axi.p1i8" to="empty" fromId="176" toId="27">
</dataflow>
<dataflow id="187" from="gmem0_addr" to="empty" fromId="22" toId="27">
</dataflow>
<dataflow id="188" from="zext_ln1003" to="empty" fromId="23" toId="27">
</dataflow>
<dataflow id="189" from="_ssdm_op_ReadReq.m_axi.p1i8" to="empty" fromId="176" toId="28">
</dataflow>
<dataflow id="190" from="gmem0_addr" to="empty" fromId="22" toId="28">
</dataflow>
<dataflow id="191" from="zext_ln1003" to="empty" fromId="23" toId="28">
</dataflow>
<dataflow id="192" from="_ssdm_op_ReadReq.m_axi.p1i8" to="empty" fromId="176" toId="29">
</dataflow>
<dataflow id="193" from="gmem0_addr" to="empty" fromId="22" toId="29">
</dataflow>
<dataflow id="194" from="zext_ln1003" to="empty" fromId="23" toId="29">
</dataflow>
<dataflow id="195" from="_ssdm_op_ReadReq.m_axi.p1i8" to="empty" fromId="176" toId="30">
</dataflow>
<dataflow id="196" from="gmem0_addr" to="empty" fromId="22" toId="30">
</dataflow>
<dataflow id="197" from="zext_ln1003" to="empty" fromId="23" toId="30">
</dataflow>
<dataflow id="198" from="StgValue_170" to="empty_87" fromId="170" toId="32">
<condition id="-1">
<or_exp><and_exp></and_exp></or_exp>
</condition>
</dataflow>
<dataflow id="199" from="br_ln1003" to="empty_87" fromId="31" toId="32">
</dataflow>
<dataflow id="200" from="add_ln695" to="empty_87" fromId="34" toId="32">
<BackEdge/>
<condition id="-1">
<or_exp><and_exp><literal name="icmp_ln1003" val="0"/>
</and_exp></or_exp>
</condition>
</dataflow>
<dataflow id="201" from="br_ln0" to="empty_87" fromId="41" toId="32">
<BackEdge/>
</dataflow>
<dataflow id="202" from="empty_87" to="icmp_ln1003" fromId="32" toId="33">
</dataflow>
<dataflow id="203" from="addrbound_V_read_2" to="icmp_ln1003" fromId="16" toId="33">
</dataflow>
<dataflow id="204" from="empty_87" to="add_ln695" fromId="32" toId="34">
</dataflow>
<dataflow id="206" from="StgValue_205" to="add_ln695" fromId="205" toId="34">
</dataflow>
<dataflow id="207" from="icmp_ln1003" to="br_ln1003" fromId="33" toId="35">
</dataflow>
<dataflow id="209" from="_ssdm_op_Read.m_axi.p1i8" to="gmem0_addr_read" fromId="208" toId="36">
</dataflow>
<dataflow id="210" from="gmem0_addr" to="gmem0_addr_read" fromId="22" toId="36">
</dataflow>
<dataflow id="212" from="_ssdm_op_SpecPipeline" to="specpipeline_ln0" fromId="211" toId="37">
</dataflow>
<dataflow id="214" from="StgValue_213" to="specpipeline_ln0" fromId="213" toId="37">
</dataflow>
<dataflow id="216" from="StgValue_215" to="specpipeline_ln0" fromId="215" toId="37">
</dataflow>
<dataflow id="217" from="StgValue_72" to="specpipeline_ln0" fromId="72" toId="37">
</dataflow>
<dataflow id="218" from="StgValue_72" to="specpipeline_ln0" fromId="72" toId="37">
</dataflow>
<dataflow id="219" from="empty_21" to="specpipeline_ln0" fromId="75" toId="37">
</dataflow>
<dataflow id="221" from="_ssdm_op_SpecLoopTripCount" to="speclooptripcount_ln0" fromId="220" toId="38">
</dataflow>
<dataflow id="223" from="StgValue_222" to="speclooptripcount_ln0" fromId="222" toId="38">
</dataflow>
<dataflow id="225" from="StgValue_224" to="speclooptripcount_ln0" fromId="224" toId="38">
</dataflow>
<dataflow id="227" from="StgValue_226" to="speclooptripcount_ln0" fromId="226" toId="38">
</dataflow>
<dataflow id="229" from="_ssdm_op_SpecLoopName" to="specloopname_ln0" fromId="228" toId="39">
</dataflow>
<dataflow id="231" from="empty_8" to="specloopname_ln0" fromId="230" toId="39">
</dataflow>
<dataflow id="233" from="_ssdm_op_Write.ap_fifo.volatile.i8P" to="write_ln167" fromId="232" toId="40">
</dataflow>
<dataflow id="234" from="ldata1" to="write_ln167" fromId="64" toId="40">
</dataflow>
<dataflow id="235" from="gmem0_addr_read" to="write_ln167" fromId="36" toId="40">
</dataflow>
<dataflow id="236" from="icmp_ln882" to="StgValue_1" fromId="20" toId="1">
</dataflow>
<dataflow id="237" from="icmp_ln1003" to="StgValue_10" fromId="33" toId="10">
</dataflow>
<dataflow id="238" from="icmp_ln1003" to="StgValue_11" fromId="33" toId="11">
</dataflow>
<dataflow id="239" from="icmp_ln882" to="StgValue_12" fromId="20" toId="12">
</dataflow>
<dataflow id="240" from="icmp_ln1003" to="StgValue_9" fromId="33" toId="9">
</dataflow>
</dataflows>


</stg>
