<stg><name>Axi2AxiStream</name>


<trans_list>

<trans id="44" from="1" to="2">
<condition id="-1">
<or_exp><and_exp><literal name="icmp_ln882" val="0"/>
</and_exp></or_exp>
</condition>
</trans>

<trans id="45" from="1" to="12">
<condition id="-1">
<or_exp><and_exp><literal name="icmp_ln882" val="1"/>
</and_exp></or_exp>
</condition>
</trans>

<trans id="47" from="2" to="3">
<condition id="-1">
<or_exp><and_exp></and_exp></or_exp>
</condition>
</trans>

<trans id="48" from="3" to="4">
<condition id="-1">
<or_exp><and_exp></and_exp></or_exp>
</condition>
</trans>

<trans id="49" from="4" to="5">
<condition id="-1">
<or_exp><and_exp></and_exp></or_exp>
</condition>
</trans>

<trans id="50" from="5" to="6">
<condition id="-1">
<or_exp><and_exp></and_exp></or_exp>
</condition>
</trans>

<trans id="51" from="6" to="7">
<condition id="-1">
<or_exp><and_exp></and_exp></or_exp>
</condition>
</trans>

<trans id="52" from="7" to="8">
<condition id="-1">
<or_exp><and_exp></and_exp></or_exp>
</condition>
</trans>

<trans id="53" from="8" to="9">
<condition id="-1">
<or_exp><and_exp></and_exp></or_exp>
</condition>
</trans>

<trans id="61" from="9" to="12">
<condition id="-1">
<or_exp><and_exp><literal name="icmp_ln1003" val="1"/>
</and_exp></or_exp>
</condition>
</trans>

<trans id="62" from="9" to="10">
<condition id="-1">
<or_exp><and_exp><literal name="icmp_ln1003" val="0"/>
</and_exp></or_exp>
</condition>
</trans>

<trans id="59" from="10" to="11">
<condition id="-1">
<or_exp><and_exp></and_exp></or_exp>
</condition>
</trans>

<trans id="60" from="11" to="9">
<condition id="-1">
<or_exp><and_exp></and_exp></or_exp>
</condition>
</trans>
</trans_list>



<state_list>

<state id="1" st_id="1">

<operation id="13" st_id="1" stage="1" lat="1">
<core>NULL</core>
<MemPortIdVec></MemPortIdVec>
<condition id="-1">
<or_exp><and_exp></and_exp></or_exp>
</condition>

<Node id="5" bw="0" op_0_bw="0" op_1_bw="8" op_2_bw="0" op_3_bw="32" op_4_bw="32" op_5_bw="0" op_6_bw="32" op_7_bw="32" op_8_bw="0" op_9_bw="0" op_10_bw="0" op_11_bw="32" op_12_bw="32" op_13_bw="32" op_14_bw="32" op_15_bw="0" op_16_bw="0">
<![CDATA[
entry:0 %specinterface_ln0 = specinterface void @_ssdm_op_SpecInterface, i8 %gmem0, void @empty_12, i32, i32, void @empty_21, i32, i32, void @empty_21, void @empty_21, void @empty_21, i32, i32, i32, i32, void @empty_21, void @empty_21

]]></Node>
<StgValue><ssdm name="specinterface_ln0"/></StgValue>
</operation>

<operation id="14" st_id="1" stage="1" lat="1">
<core>NULL</core>
<MemPortIdVec></MemPortIdVec>
<condition id="-1">
<or_exp><and_exp></and_exp></or_exp>
</condition>

<Node id="6" bw="0" op_0_bw="0" op_1_bw="8" op_2_bw="0" op_3_bw="32" op_4_bw="32" op_5_bw="0" op_6_bw="32" op_7_bw="32" op_8_bw="0" op_9_bw="0" op_10_bw="0" op_11_bw="32" op_12_bw="32" op_13_bw="32" op_14_bw="32" op_15_bw="0" op_16_bw="0">
<![CDATA[
entry:1 %specinterface_ln0 = specinterface void @_ssdm_op_SpecInterface, i8 %ldata1, void @empty_0, i32, i32, void @empty_21, i32, i32, void @empty_21, void @empty_21, void @empty_21, i32, i32, i32, i32, void @empty_21, void @empty_21

]]></Node>
<StgValue><ssdm name="specinterface_ln0"/></StgValue>
</operation>

<operation id="15" st_id="1" stage="1" lat="1">
<core>NULL</core>
<MemPortIdVec></MemPortIdVec>
<condition id="-1">
<or_exp><and_exp></and_exp></or_exp>
</condition>

<Node id="7" bw="0" op_0_bw="0" op_1_bw="64" op_2_bw="0" op_3_bw="32" op_4_bw="32" op_5_bw="0" op_6_bw="32" op_7_bw="32" op_8_bw="0" op_9_bw="0" op_10_bw="0" op_11_bw="32" op_12_bw="32" op_13_bw="32" op_14_bw="32" op_15_bw="0" op_16_bw="0">
<![CDATA[
entry:2 %specinterface_ln0 = specinterface void @_ssdm_op_SpecInterface, i64 %din, void @ap_fifo_str, i32, i32, void @p_str, i32, i32, void @p_str, void @p_str, void @p_str, i32, i32, i32, i32, void @p_str, void @ScalarProp_str

]]></Node>
<StgValue><ssdm name="specinterface_ln0"/></StgValue>
</operation>

<operation id="16" st_id="1" stage="1" lat="1">
<core>NULL</core>
<MemPortIdVec></MemPortIdVec>
<condition id="-1">
<or_exp><and_exp></and_exp></or_exp>
</condition>

<Node id="8" bw="15" op_0_bw="15" op_1_bw="15">
<![CDATA[
entry:3 %addrbound_V_read_2 = read i15 @_ssdm_op_Read.ap_auto.i15, i15 %addrbound_V_read

]]></Node>
<StgValue><ssdm name="addrbound_V_read_2"/></StgValue>
</operation>

<operation id="17" st_id="1" stage="1" lat="1">
<core>FIFO_SRL</core>
<MemPortIdVec></MemPortIdVec>
<condition id="-1">
<or_exp><and_exp></and_exp></or_exp>
</condition>

<Node id="9" bw="64" op_0_bw="64" op_1_bw="64">
<![CDATA[
entry:4 %din_1 = read i64 @_ssdm_op_Read.ap_fifo.i64P, i64 %din

]]></Node>
<StgValue><ssdm name="din_1"/></StgValue>
</operation>

<operation id="18" st_id="1" stage="1" lat="1">
<core>NULL</core>
<MemPortIdVec></MemPortIdVec>
<condition id="-1">
<or_exp><and_exp></and_exp></or_exp>
</condition>

<Node id="10" bw="0" op_0_bw="0" op_1_bw="8" op_2_bw="0" op_3_bw="32" op_4_bw="32" op_5_bw="0" op_6_bw="32" op_7_bw="32" op_8_bw="0" op_9_bw="0" op_10_bw="0" op_11_bw="32" op_12_bw="32" op_13_bw="32" op_14_bw="32" op_15_bw="0" op_16_bw="0">
<![CDATA[
entry:5 %specinterface_ln0 = specinterface void @_ssdm_op_SpecInterface, i8 %ldata1, void @empty_0, i32, i32, void @empty_21, i32, i32, void @empty_21, void @empty_21, void @empty_21, i32, i32, i32, i32, void @empty_21, void @empty_21

]]></Node>
<StgValue><ssdm name="specinterface_ln0"/></StgValue>
</operation>

<operation id="19" st_id="1" stage="1" lat="1">
<core>NULL</core>
<MemPortIdVec></MemPortIdVec>
<condition id="-1">
<or_exp><and_exp></and_exp></or_exp>
</condition>

<Node id="11" bw="0" op_0_bw="0" op_1_bw="8" op_2_bw="0" op_3_bw="32" op_4_bw="32" op_5_bw="0" op_6_bw="32" op_7_bw="32" op_8_bw="0" op_9_bw="0" op_10_bw="0" op_11_bw="32" op_12_bw="32" op_13_bw="32" op_14_bw="32" op_15_bw="0" op_16_bw="0">
<![CDATA[
entry:6 %specinterface_ln0 = specinterface void @_ssdm_op_SpecInterface, i8 %gmem0, void @empty_12, i32, i32, void @empty_21, i32, i32, void @empty_21, void @empty_21, void @empty_21, i32, i32, i32, i32, void @empty_21, void @empty_21

]]></Node>
<StgValue><ssdm name="specinterface_ln0"/></StgValue>
</operation>

<operation id="20" st_id="1" stage="1" lat="1">
<core>Cmp</core>
<MemPortIdVec></MemPortIdVec>
<condition id="-1">
<or_exp><and_exp></and_exp></or_exp>
</condition>

<Node id="12" bw="1" op_0_bw="15" op_1_bw="15">
<![CDATA[
entry:7 %icmp_ln882 = icmp_eq  i15 %addrbound_V_read_2, i15

]]></Node>
<StgValue><ssdm name="icmp_ln882"/></StgValue>
</operation>

<operation id="21" st_id="1" stage="1" lat="1">
<core>NULL</core>
<MemPortIdVec></MemPortIdVec>
<condition id="-1">
<or_exp><and_exp></and_exp></or_exp>
</condition>

<Node id="13" bw="0" op_0_bw="1" op_1_bw="0" op_2_bw="0">
<![CDATA[
entry:8 %br_ln1003 = br i1 %icmp_ln882, void %.lr.ph.i, void %.exit

]]></Node>
<StgValue><ssdm name="br_ln1003"/></StgValue>
</operation>

<operation id="22" st_id="1" stage="1" lat="1">
<core>NULL</core>
<MemPortIdVec></MemPortIdVec>
<condition id="-1">
<or_exp><and_exp><literal name="icmp_ln882" val="0"/>
</and_exp></or_exp>
</condition>

<Node id="15" bw="8" op_0_bw="8" op_1_bw="64">
<![CDATA[
.lr.ph.i:0 %gmem0_addr = getelementptr i8 %gmem0, i64 %din_1

]]></Node>
<StgValue><ssdm name="gmem0_addr"/></StgValue>
</operation>
</state>

<state id="2" st_id="2">

<operation id="23" st_id="2" stage="1" lat="1">
<core>NULL</core>
<MemPortIdVec></MemPortIdVec>
<condition id="-1">
<or_exp><and_exp></and_exp></or_exp>
</condition>

<Node id="16" bw="32" op_0_bw="15">
<![CDATA[
.lr.ph.i:1 %zext_ln1003 = zext i15 %addrbound_V_read_2

]]></Node>
<StgValue><ssdm name="zext_ln1003"/></StgValue>
</operation>

<operation id="24" st_id="2" stage="7" lat="7">
<core>m_axi</core>
<MemPortIdVec></MemPortIdVec>
<condition id="-1">
<or_exp><and_exp></and_exp></or_exp>
</condition>

<Node id="17" bw="1" op_0_bw="1" op_1_bw="8" op_2_bw="32">
<![CDATA[
.lr.ph.i:2 %empty = readreq i1 @_ssdm_op_ReadReq.m_axi.p1i8, i8 %gmem0_addr, i32 %zext_ln1003

]]></Node>
<StgValue><ssdm name="empty"/></StgValue>
</operation>
</state>

<state id="3" st_id="3">

<operation id="25" st_id="3" stage="6" lat="7">
<core>m_axi</core>
<MemPortIdVec></MemPortIdVec>
<condition id="-1">
<or_exp><and_exp></and_exp></or_exp>
</condition>

<Node id="17" bw="1" op_0_bw="1" op_1_bw="8" op_2_bw="32">
<![CDATA[
.lr.ph.i:2 %empty = readreq i1 @_ssdm_op_ReadReq.m_axi.p1i8, i8 %gmem0_addr, i32 %zext_ln1003

]]></Node>
<StgValue><ssdm name="empty"/></StgValue>
</operation>
</state>

<state id="4" st_id="4">

<operation id="26" st_id="4" stage="5" lat="7">
<core>m_axi</core>
<MemPortIdVec></MemPortIdVec>
<condition id="-1">
<or_exp><and_exp></and_exp></or_exp>
</condition>

<Node id="17" bw="1" op_0_bw="1" op_1_bw="8" op_2_bw="32">
<![CDATA[
.lr.ph.i:2 %empty = readreq i1 @_ssdm_op_ReadReq.m_axi.p1i8, i8 %gmem0_addr, i32 %zext_ln1003

]]></Node>
<StgValue><ssdm name="empty"/></StgValue>
</operation>
</state>

<state id="5" st_id="5">

<operation id="27" st_id="5" stage="4" lat="7">
<core>m_axi</core>
<MemPortIdVec></MemPortIdVec>
<condition id="-1">
<or_exp><and_exp></and_exp></or_exp>
</condition>

<Node id="17" bw="1" op_0_bw="1" op_1_bw="8" op_2_bw="32">
<![CDATA[
.lr.ph.i:2 %empty = readreq i1 @_ssdm_op_ReadReq.m_axi.p1i8, i8 %gmem0_addr, i32 %zext_ln1003

]]></Node>
<StgValue><ssdm name="empty"/></StgValue>
</operation>
</state>

<state id="6" st_id="6">

<operation id="28" st_id="6" stage="3" lat="7">
<core>m_axi</core>
<MemPortIdVec></MemPortIdVec>
<condition id="-1">
<or_exp><and_exp></and_exp></or_exp>
</condition>

<Node id="17" bw="1" op_0_bw="1" op_1_bw="8" op_2_bw="32">
<![CDATA[
.lr.ph.i:2 %empty = readreq i1 @_ssdm_op_ReadReq.m_axi.p1i8, i8 %gmem0_addr, i32 %zext_ln1003

]]></Node>
<StgValue><ssdm name="empty"/></StgValue>
</operation>
</state>

<state id="7" st_id="7">

<operation id="29" st_id="7" stage="2" lat="7">
<core>m_axi</core>
<MemPortIdVec></MemPortIdVec>
<condition id="-1">
<or_exp><and_exp></and_exp></or_exp>
</condition>

<Node id="17" bw="1" op_0_bw="1" op_1_bw="8" op_2_bw="32">
<![CDATA[
.lr.ph.i:2 %empty = readreq i1 @_ssdm_op_ReadReq.m_axi.p1i8, i8 %gmem0_addr, i32 %zext_ln1003

]]></Node>
<StgValue><ssdm name="empty"/></StgValue>
</operation>
</state>

<state id="8" st_id="8">

<operation id="30" st_id="8" stage="1" lat="7">
<core>m_axi</core>
<MemPortIdVec></MemPortIdVec>
<condition id="-1">
<or_exp><and_exp></and_exp></or_exp>
</condition>

<Node id="17" bw="1" op_0_bw="1" op_1_bw="8" op_2_bw="32">
<![CDATA[
.lr.ph.i:2 %empty = readreq i1 @_ssdm_op_ReadReq.m_axi.p1i8, i8 %gmem0_addr, i32 %zext_ln1003

]]></Node>
<StgValue><ssdm name="empty"/></StgValue>
</operation>

<operation id="31" st_id="8" stage="1" lat="1">
<core>NULL</core>
<MemPortIdVec></MemPortIdVec>
<condition id="-1">
<or_exp><and_exp></and_exp></or_exp>
</condition>

<Node id="18" bw="0" op_0_bw="0">
<![CDATA[
.lr.ph.i:3 %br_ln1003 = br void %bb.i

]]></Node>
<StgValue><ssdm name="br_ln1003"/></StgValue>
</operation>
</state>

<state id="9" st_id="9">

<operation id="32" st_id="9" stage="1" lat="1">
<core>NULL</core>
<MemPortIdVec></MemPortIdVec>
<condition id="-1">
<or_exp><and_exp></and_exp></or_exp>
</condition>

<Node id="20" bw="15" op_0_bw="15" op_1_bw="0" op_2_bw="15" op_3_bw="0">
<![CDATA[
bb.i:0 %empty_87 = phi i15, void %.lr.ph.i, i15 %add_ln695, void %bb.split.i

]]></Node>
<StgValue><ssdm name="empty_87"/></StgValue>
</operation>

<operation id="33" st_id="9" stage="1" lat="1">
<core>Cmp</core>
<MemPortIdVec></MemPortIdVec>
<condition id="-1">
<or_exp><and_exp></and_exp></or_exp>
</condition>

<Node id="21" bw="1" op_0_bw="15" op_1_bw="15">
<![CDATA[
bb.i:1 %icmp_ln1003 = icmp_eq  i15 %empty_87, i15 %addrbound_V_read_2

]]></Node>
<StgValue><ssdm name="icmp_ln1003"/></StgValue>
</operation>

<operation id="34" st_id="9" stage="1" lat="1">
<core>Adder</core>
<MemPortIdVec></MemPortIdVec>
<condition id="-1">
<or_exp><and_exp></and_exp></or_exp>
</condition>

<Node id="22" bw="15" op_0_bw="15" op_1_bw="15">
<![CDATA[
bb.i:2 %add_ln695 = add i15 %empty_87, i15

]]></Node>
<StgValue><ssdm name="add_ln695"/></StgValue>
</operation>

<operation id="35" st_id="9" stage="1" lat="1">
<core>NULL</core>
<MemPortIdVec></MemPortIdVec>
<condition id="-1">
<or_exp><and_exp></and_exp></or_exp>
</condition>

<Node id="23" bw="0" op_0_bw="1" op_1_bw="0" op_2_bw="0">
<![CDATA[
bb.i:3 %br_ln1003 = br i1 %icmp_ln1003, void %bb.split.i, void %.exit.loopexit

]]></Node>
<StgValue><ssdm name="br_ln1003"/></StgValue>
</operation>
</state>

<state id="10" st_id="10">

<operation id="36" st_id="10" stage="1" lat="1">
<core>m_axi</core>
<MemPortIdVec></MemPortIdVec>
<condition id="-1">
<or_exp><and_exp><literal name="icmp_ln1003" val="0"/>
</and_exp></or_exp>
</condition>

<Node id="28" bw="8" op_0_bw="8" op_1_bw="8" op_2_bw="0">
<![CDATA[
bb.split.i:3 %gmem0_addr_read = read i8 @_ssdm_op_Read.m_axi.p1i8, i8 %gmem0_addr, i1 %empty

]]></Node>
<StgValue><ssdm name="gmem0_addr_read"/></StgValue>
</operation>
</state>

<state id="11" st_id="11">

<operation id="37" st_id="11" stage="1" lat="1">
<core>NULL</core>
<MemPortIdVec></MemPortIdVec>
<condition id="-1">
<or_exp><and_exp><literal name="icmp_ln1003" val="0"/>
</and_exp></or_exp>
</condition>

<Node id="25" bw="0" op_0_bw="0" op_1_bw="32" op_2_bw="32" op_3_bw="32" op_4_bw="32" op_5_bw="0">
<![CDATA[
bb.split.i:0 %specpipeline_ln0 = specpipeline void @_ssdm_op_SpecPipeline, i32, i32, i32, i32, void @empty_21

]]></Node>
<StgValue><ssdm name="specpipeline_ln0"/></StgValue>
</operation>

<operation id="38" st_id="11" stage="1" lat="1">
<core>NULL</core>
<MemPortIdVec></MemPortIdVec>
<condition id="-1">
<or_exp><and_exp><literal name="icmp_ln1003" val="0"/>
</and_exp></or_exp>
</condition>

<Node id="26" bw="0" op_0_bw="0" op_1_bw="64" op_2_bw="64" op_3_bw="64">
<![CDATA[
bb.split.i:1 %speclooptripcount_ln0 = speclooptripcount void @_ssdm_op_SpecLoopTripCount, i64, i64, i64

]]></Node>
<StgValue><ssdm name="speclooptripcount_ln0"/></StgValue>
</operation>

<operation id="39" st_id="11" stage="1" lat="1">
<core>NULL</core>
<MemPortIdVec></MemPortIdVec>
<condition id="-1">
<or_exp><and_exp><literal name="icmp_ln1003" val="0"/>
</and_exp></or_exp>
</condition>

<Node id="27" bw="0" op_0_bw="0" op_1_bw="0">
<![CDATA[
bb.split.i:2 %specloopname_ln0 = specloopname void @_ssdm_op_SpecLoopName, void @empty_8

]]></Node>
<StgValue><ssdm name="specloopname_ln0"/></StgValue>
</operation>

<operation id="40" st_id="11" stage="1" lat="1">
<core>FIFO_SRL</core>
<MemPortIdVec></MemPortIdVec>
<condition id="-1">
<or_exp><and_exp><literal name="icmp_ln1003" val="0"/>
</and_exp></or_exp>
</condition>

<Node id="29" bw="0" op_0_bw="0" op_1_bw="8" op_2_bw="8">
<![CDATA[
bb.split.i:4 %write_ln167 = write void @_ssdm_op_Write.ap_fifo.volatile.i8P, i8 %ldata1, i8 %gmem0_addr_read

]]></Node>
<StgValue><ssdm name="write_ln167"/></StgValue>
</operation>

<operation id="41" st_id="11" stage="1" lat="1">
<core>NULL</core>
<MemPortIdVec></MemPortIdVec>
<condition id="-1">
<or_exp><and_exp><literal name="icmp_ln1003" val="0"/>
</and_exp></or_exp>
</condition>

<Node id="30" bw="0" op_0_bw="0">
<![CDATA[
bb.split.i:5 %br_ln0 = br void %bb.i

]]></Node>
<StgValue><ssdm name="br_ln0"/></StgValue>
</operation>
</state>

<state id="12" st_id="12">

<operation id="42" st_id="12" stage="1" lat="1">
<core>NULL</core>
<MemPortIdVec></MemPortIdVec>
<condition id="-1">
<or_exp><and_exp><literal name="icmp_ln882" val="0"/>
</and_exp></or_exp>
</condition>

<Node id="32" bw="0" op_0_bw="0">
<![CDATA[
.exit.loopexit:0 %br_ln0 = br void %.exit

]]></Node>
<StgValue><ssdm name="br_ln0"/></StgValue>
</operation>

<operation id="43" st_id="12" stage="1" lat="1">
<core>NULL</core>
<MemPortIdVec></MemPortIdVec>
<condition id="-1">
<or_exp><and_exp></and_exp></or_exp>
</condition>

<Node id="34" bw="0">
<![CDATA[
.exit:0 %ret_ln1115 = ret

]]></Node>
<StgValue><ssdm name="ret_ln1115"/></StgValue>
</operation>
</state>
</state_list>


<ports>
</ports>


<dataflows>
</dataflows>


</stg>
