<stg><name>Axi2Mat</name>


<trans_list>

<trans id="57" from="1" to="2">
<condition id="-1">
<or_exp><and_exp></and_exp></or_exp>
</condition>
</trans>

<trans id="58" from="2" to="3">
<condition id="-1">
<or_exp><and_exp></and_exp></or_exp>
</condition>
</trans>

<trans id="59" from="3" to="4">
<condition id="-1">
<or_exp><and_exp></and_exp></or_exp>
</condition>
</trans>

<trans id="60" from="4" to="5">
<condition id="-1">
<or_exp><and_exp></and_exp></or_exp>
</condition>
</trans>

<trans id="61" from="5" to="6">
<condition id="-1">
<or_exp><and_exp></and_exp></or_exp>
</condition>
</trans>

<trans id="62" from="6" to="7">
<condition id="-1">
<or_exp><and_exp></and_exp></or_exp>
</condition>
</trans>

<trans id="63" from="7" to="8">
<condition id="-1">
<or_exp><and_exp></and_exp></or_exp>
</condition>
</trans>
</trans_list>



<state_list>

<state id="1" st_id="1">

<operation id="9" st_id="1" stage="1" lat="1">
<core>NULL</core>
<MemPortIdVec></MemPortIdVec>
<condition id="-1">
<or_exp><and_exp></and_exp></or_exp>
</condition>

<Node id="6" bw="32" op_0_bw="32" op_1_bw="32">
<![CDATA[
.split:0 %cols_read = read i32 @_ssdm_op_Read.ap_auto.i32, i32 %cols

]]></Node>
<StgValue><ssdm name="cols_read"/></StgValue>
</operation>

<operation id="10" st_id="1" stage="1" lat="1">
<core>NULL</core>
<MemPortIdVec></MemPortIdVec>
<condition id="-1">
<or_exp><and_exp></and_exp></or_exp>
</condition>

<Node id="7" bw="32" op_0_bw="32" op_1_bw="32">
<![CDATA[
.split:1 %rows_read = read i32 @_ssdm_op_Read.ap_auto.i32, i32 %rows

]]></Node>
<StgValue><ssdm name="rows_read"/></StgValue>
</operation>

<operation id="11" st_id="1" stage="1" lat="1">
<core>NULL</core>
<MemPortIdVec></MemPortIdVec>
<condition id="-1">
<or_exp><and_exp></and_exp></or_exp>
</condition>

<Node id="8" bw="64" op_0_bw="64" op_1_bw="64">
<![CDATA[
.split:2 %din_read = read i64 @_ssdm_op_Read.ap_auto.i64, i64 %din

]]></Node>
<StgValue><ssdm name="din_read"/></StgValue>
</operation>

<operation id="12" st_id="1" stage="1" lat="1">
<core>FIFO_SRL</core>
<MemPortIdVec></MemPortIdVec>
<condition id="-1">
<or_exp><and_exp></and_exp></or_exp>
</condition>

<Node id="9" bw="32" op_0_bw="64">
<![CDATA[
.split:3 %cols_c3 = alloca i64

]]></Node>
<StgValue><ssdm name="cols_c3"/></StgValue>
</operation>

<operation id="13" st_id="1" stage="1" lat="1">
<core>FIFO_SRL</core>
<MemPortIdVec></MemPortIdVec>
<condition id="-1">
<or_exp><and_exp></and_exp></or_exp>
</condition>

<Node id="10" bw="32" op_0_bw="64">
<![CDATA[
.split:4 %rows_c2 = alloca i64

]]></Node>
<StgValue><ssdm name="rows_c2"/></StgValue>
</operation>

<operation id="14" st_id="1" stage="1" lat="1">
<core>FIFO_SRL</core>
<MemPortIdVec></MemPortIdVec>
<condition id="-1">
<or_exp><and_exp></and_exp></or_exp>
</condition>

<Node id="11" bw="64" op_0_bw="64">
<![CDATA[
.split:5 %din_c1 = alloca i64

]]></Node>
<StgValue><ssdm name="din_c1"/></StgValue>
</operation>

<operation id="15" st_id="1" stage="1" lat="1">
<core>FIFO_SRL</core>
<MemPortIdVec></MemPortIdVec>
<condition id="-1">
<or_exp><and_exp></and_exp></or_exp>
</condition>

<Node id="12" bw="15" op_0_bw="64">
<![CDATA[
.split:6 %p_channel = alloca i64

]]></Node>
<StgValue><ssdm name="p_channel"/></StgValue>
</operation>

<operation id="16" st_id="1" stage="1" lat="1">
<core>FIFO_SRL</core>
<MemPortIdVec></MemPortIdVec>
<condition id="-1">
<or_exp><and_exp></and_exp></or_exp>
</condition>

<Node id="13" bw="32" op_0_bw="64">
<![CDATA[
.split:7 %cols_c14 = alloca i64

]]></Node>
<StgValue><ssdm name="cols_c14"/></StgValue>
</operation>

<operation id="17" st_id="1" stage="1" lat="1">
<core>FIFO_SRL</core>
<MemPortIdVec></MemPortIdVec>
<condition id="-1">
<or_exp><and_exp></and_exp></or_exp>
</condition>

<Node id="14" bw="32" op_0_bw="64">
<![CDATA[
.split:8 %rows_c13 = alloca i64

]]></Node>
<StgValue><ssdm name="rows_c13"/></StgValue>
</operation>

<operation id="18" st_id="1" stage="1" lat="1">
<core>FIFO_SRL</core>
<MemPortIdVec></MemPortIdVec>
<condition id="-1">
<or_exp><and_exp></and_exp></or_exp>
</condition>

<Node id="15" bw="4" op_0_bw="64">
<![CDATA[
.split:9 %last_blk_width_c = alloca i64

]]></Node>
<StgValue><ssdm name="last_blk_width_c"/></StgValue>
</operation>

<operation id="19" st_id="1" stage="1" lat="1">
<core>FIFO_SRL</core>
<MemPortIdVec></MemPortIdVec>
<condition id="-1">
<or_exp><and_exp></and_exp></or_exp>
</condition>

<Node id="16" bw="32" op_0_bw="64">
<![CDATA[
.split:10 %cols_c = alloca i64

]]></Node>
<StgValue><ssdm name="cols_c"/></StgValue>
</operation>

<operation id="20" st_id="1" stage="1" lat="1">
<core>FIFO_SRL</core>
<MemPortIdVec></MemPortIdVec>
<condition id="-1">
<or_exp><and_exp></and_exp></or_exp>
</condition>

<Node id="17" bw="32" op_0_bw="64">
<![CDATA[
.split:11 %rows_c = alloca i64

]]></Node>
<StgValue><ssdm name="rows_c"/></StgValue>
</operation>

<operation id="21" st_id="1" stage="1" lat="1">
<core>FIFO_SRL</core>
<MemPortIdVec></MemPortIdVec>
<condition id="-1">
<or_exp><and_exp></and_exp></or_exp>
</condition>

<Node id="18" bw="64" op_0_bw="64">
<![CDATA[
.split:12 %din_c = alloca i64

]]></Node>
<StgValue><ssdm name="din_c"/></StgValue>
</operation>

<operation id="22" st_id="1" stage="1" lat="1">
<core>FIFO_SRL</core>
<MemPortIdVec></MemPortIdVec>
<condition id="-1">
<or_exp><and_exp></and_exp></or_exp>
</condition>

<Node id="22" bw="8" op_0_bw="64">
<![CDATA[
.split:16 %ldata = alloca i64

]]></Node>
<StgValue><ssdm name="ldata"/></StgValue>
</operation>

<operation id="23" st_id="1" stage="1" lat="1">
<core></core>
<MemPortIdVec></MemPortIdVec>
<condition id="-1">
<or_exp><and_exp></and_exp></or_exp>
</condition>

<Node id="37" bw="0" op_0_bw="0" op_1_bw="64" op_2_bw="32" op_3_bw="32" op_4_bw="64" op_5_bw="32" op_6_bw="32">
<![CDATA[
.split:31 %call_ln1115 = call void @Axi2Mat.entry3, i64 %din_read, i32 %rows_read, i32 %cols_read, i64 %din_c1, i32 %rows_c2, i32 %cols_c3

]]></Node>
<StgValue><ssdm name="call_ln1115"/></StgValue>
</operation>
</state>

<state id="2" st_id="2">

<operation id="24" st_id="2" stage="1" lat="1">
<core></core>
<MemPortIdVec></MemPortIdVec>
<condition id="-1">
<or_exp><and_exp></and_exp></or_exp>
</condition>

<Node id="38" bw="0" op_0_bw="0" op_1_bw="64" op_2_bw="32" op_3_bw="32" op_4_bw="64" op_5_bw="32" op_6_bw="32" op_7_bw="0" op_8_bw="0">
<![CDATA[
.split:32 %call_ln1107 = call void @Axi2Mat.entry25, i64 %din_c1, i32 %rows_c2, i32 %cols_c3, i64 %din_c, i32 %rows_c, i32 %cols_c, void %call_ln1115, void %call_ln1115

]]></Node>
<StgValue><ssdm name="call_ln1107"/></StgValue>
</operation>
</state>

<state id="3" st_id="3">

<operation id="25" st_id="3" stage="2" lat="2">
<core></core>
<MemPortIdVec></MemPortIdVec>
<condition id="-1">
<or_exp><and_exp></and_exp></or_exp>
</condition>

<Node id="46" bw="0" op_0_bw="0" op_1_bw="15" op_2_bw="32" op_3_bw="32" op_4_bw="32" op_5_bw="32" op_6_bw="0" op_7_bw="0">
<![CDATA[
.split:40 %call_ln304 = call void @addrbound18, i15 %p_channel, i32 %rows_c, i32 %cols_c, i32 %rows_c13, i32 %cols_c14, void %call_ln1107, void %call_ln1107

]]></Node>
<StgValue><ssdm name="call_ln304"/></StgValue>
</operation>
</state>

<state id="4" st_id="4">

<operation id="26" st_id="4" stage="1" lat="2">
<core></core>
<MemPortIdVec></MemPortIdVec>
<condition id="-1">
<or_exp><and_exp></and_exp></or_exp>
</condition>

<Node id="46" bw="0" op_0_bw="0" op_1_bw="15" op_2_bw="32" op_3_bw="32" op_4_bw="32" op_5_bw="32" op_6_bw="0" op_7_bw="0">
<![CDATA[
.split:40 %call_ln304 = call void @addrbound18, i15 %p_channel, i32 %rows_c, i32 %cols_c, i32 %rows_c13, i32 %cols_c14, void %call_ln1107, void %call_ln1107

]]></Node>
<StgValue><ssdm name="call_ln304"/></StgValue>
</operation>
</state>

<state id="5" st_id="5">

<operation id="27" st_id="5" stage="1" lat="1">
<core>FIFO_SRL</core>
<MemPortIdVec></MemPortIdVec>
<condition id="-1">
<or_exp><and_exp></and_exp></or_exp>
</condition>

<Node id="47" bw="15" op_0_bw="15" op_1_bw="15" op_2_bw="0" op_3_bw="0">
<![CDATA[
.split:41 %axibound_V = call i15 @Axi2Mat_Block_.split15_proc, i15 %p_channel, void %call_ln304, void %call_ln304

]]></Node>
<StgValue><ssdm name="axibound_V"/></StgValue>
</operation>

<operation id="28" st_id="5" stage="2" lat="2">
<core></core>
<MemPortIdVec></MemPortIdVec>
<condition id="-1">
<or_exp><and_exp></and_exp></or_exp>
</condition>

<Node id="48" bw="0" op_0_bw="0" op_1_bw="8" op_2_bw="8" op_3_bw="64" op_4_bw="15" op_5_bw="0">
<![CDATA[
.split:42 %call_ln1118 = call void @Axi2AxiStream, i8 %gmem0, i8 %ldata, i64 %din_c, i15 %axibound_V, void %call_ln1107

]]></Node>
<StgValue><ssdm name="call_ln1118"/></StgValue>
</operation>
</state>

<state id="6" st_id="6">

<operation id="29" st_id="6" stage="1" lat="1">
<core></core>
<MemPortIdVec></MemPortIdVec>
<condition id="-1">
<or_exp><and_exp></and_exp></or_exp>
</condition>

<Node id="41" bw="0" op_0_bw="0" op_1_bw="4">
<![CDATA[
.split:35 %call_ln1116 = call void @last_blk_pxl_width17, i4 %last_blk_width_c

]]></Node>
<StgValue><ssdm name="call_ln1116"/></StgValue>
</operation>

<operation id="30" st_id="6" stage="1" lat="2">
<core></core>
<MemPortIdVec></MemPortIdVec>
<condition id="-1">
<or_exp><and_exp></and_exp></or_exp>
</condition>

<Node id="48" bw="0" op_0_bw="0" op_1_bw="8" op_2_bw="8" op_3_bw="64" op_4_bw="15" op_5_bw="0">
<![CDATA[
.split:42 %call_ln1118 = call void @Axi2AxiStream, i8 %gmem0, i8 %ldata, i64 %din_c, i15 %axibound_V, void %call_ln1107

]]></Node>
<StgValue><ssdm name="call_ln1118"/></StgValue>
</operation>
</state>

<state id="7" st_id="7">

<operation id="31" st_id="7" stage="2" lat="2">
<core></core>
<MemPortIdVec></MemPortIdVec>
<condition id="-1">
<or_exp><and_exp></and_exp></or_exp>
</condition>

<Node id="49" bw="0" op_0_bw="0" op_1_bw="8" op_2_bw="8" op_3_bw="32" op_4_bw="32" op_5_bw="4" op_6_bw="0" op_7_bw="0" op_8_bw="0">
<![CDATA[
.split:43 %call_ln1119 = call void @AxiStream2MatStream, i8 %ldata, i8 %imgInput_417, i32 %rows_c13, i32 %cols_c14, i4 %last_blk_width_c, void %call_ln1118, void %call_ln304, void %call_ln1116

]]></Node>
<StgValue><ssdm name="call_ln1119"/></StgValue>
</operation>
</state>

<state id="8" st_id="8">

<operation id="32" st_id="8" stage="1" lat="1">
<core>NULL</core>
<MemPortIdVec></MemPortIdVec>
<condition id="-1">
<or_exp><and_exp></and_exp></or_exp>
</condition>

<Node id="19" bw="0" op_0_bw="0" op_1_bw="32" op_2_bw="32" op_3_bw="0">
<![CDATA[
.split:13 %specdataflowpipeline_ln0 = specdataflowpipeline void @_ssdm_op_SpecDataflowPipeline, i32, i32, void @empty_21

]]></Node>
<StgValue><ssdm name="specdataflowpipeline_ln0"/></StgValue>
</operation>

<operation id="33" st_id="8" stage="1" lat="1">
<core>NULL</core>
<MemPortIdVec></MemPortIdVec>
<condition id="-1">
<or_exp><and_exp></and_exp></or_exp>
</condition>

<Node id="20" bw="0" op_0_bw="0" op_1_bw="8" op_2_bw="0" op_3_bw="32" op_4_bw="32" op_5_bw="0" op_6_bw="32" op_7_bw="32" op_8_bw="0" op_9_bw="0" op_10_bw="0" op_11_bw="32" op_12_bw="32" op_13_bw="32" op_14_bw="32" op_15_bw="0" op_16_bw="0">
<![CDATA[
.split:14 %specinterface_ln0 = specinterface void @_ssdm_op_SpecInterface, i8 %gmem0, void @empty_12, i32, i32, void @empty_21, i32, i32, void @empty_21, void @empty_21, void @empty_21, i32, i32, i32, i32, void @empty_21, void @empty_21

]]></Node>
<StgValue><ssdm name="specinterface_ln0"/></StgValue>
</operation>

<operation id="34" st_id="8" stage="1" lat="1">
<core>NULL</core>
<MemPortIdVec></MemPortIdVec>
<condition id="-1">
<or_exp><and_exp></and_exp></or_exp>
</condition>

<Node id="21" bw="0" op_0_bw="0" op_1_bw="8" op_2_bw="0" op_3_bw="32" op_4_bw="32" op_5_bw="0" op_6_bw="32" op_7_bw="32" op_8_bw="0" op_9_bw="0" op_10_bw="0" op_11_bw="32" op_12_bw="32" op_13_bw="32" op_14_bw="32" op_15_bw="0" op_16_bw="0">
<![CDATA[
.split:15 %specinterface_ln0 = specinterface void @_ssdm_op_SpecInterface, i8 %imgInput_417, void @empty_0, i32, i32, void @empty_21, i32, i32, void @empty_21, void @empty_21, void @empty_21, i32, i32, i32, i32, void @empty_21, void @empty_21

]]></Node>
<StgValue><ssdm name="specinterface_ln0"/></StgValue>
</operation>

<operation id="35" st_id="8" stage="1" lat="1">
<core>NULL</core>
<MemPortIdVec></MemPortIdVec>
<condition id="-1">
<or_exp><and_exp></and_exp></or_exp>
</condition>

<Node id="23" bw="32" op_0_bw="32" op_1_bw="0" op_2_bw="32" op_3_bw="0" op_4_bw="0" op_5_bw="32" op_6_bw="32" op_7_bw="8" op_8_bw="8">
<![CDATA[
.split:17 %empty = specchannel i32 @_ssdm_op_SpecChannel, void @ldata_str, i32, void @p_str, void @p_str, i32, i32, i8 %ldata, i8 %ldata

]]></Node>
<StgValue><ssdm name="empty"/></StgValue>
</operation>

<operation id="36" st_id="8" stage="1" lat="1">
<core>NULL</core>
<MemPortIdVec></MemPortIdVec>
<condition id="-1">
<or_exp><and_exp></and_exp></or_exp>
</condition>

<Node id="24" bw="0" op_0_bw="0" op_1_bw="8" op_2_bw="0" op_3_bw="32" op_4_bw="32" op_5_bw="0" op_6_bw="32" op_7_bw="32" op_8_bw="0" op_9_bw="0" op_10_bw="0" op_11_bw="32" op_12_bw="32" op_13_bw="32" op_14_bw="32" op_15_bw="0" op_16_bw="0">
<![CDATA[
.split:18 %specinterface_ln0 = specinterface void @_ssdm_op_SpecInterface, i8 %ldata, void @empty_0, i32, i32, void @empty_21, i32, i32, void @empty_21, void @empty_21, void @empty_21, i32, i32, i32, i32, void @empty_21, void @empty_21

]]></Node>
<StgValue><ssdm name="specinterface_ln0"/></StgValue>
</operation>

<operation id="37" st_id="8" stage="1" lat="1">
<core>NULL</core>
<MemPortIdVec></MemPortIdVec>
<condition id="-1">
<or_exp><and_exp></and_exp></or_exp>
</condition>

<Node id="25" bw="32" op_0_bw="32" op_1_bw="0" op_2_bw="32" op_3_bw="0" op_4_bw="0" op_5_bw="32" op_6_bw="32" op_7_bw="64" op_8_bw="64">
<![CDATA[
.split:19 %empty_78 = specchannel i32 @_ssdm_op_SpecChannel, void @din_c_str, i32, void @p_str, void @p_str, i32, i32, i64 %din_c, i64 %din_c

]]></Node>
<StgValue><ssdm name="empty_78"/></StgValue>
</operation>

<operation id="38" st_id="8" stage="1" lat="1">
<core>NULL</core>
<MemPortIdVec></MemPortIdVec>
<condition id="-1">
<or_exp><and_exp></and_exp></or_exp>
</condition>

<Node id="26" bw="0" op_0_bw="0" op_1_bw="64" op_2_bw="0" op_3_bw="32" op_4_bw="32" op_5_bw="0" op_6_bw="32" op_7_bw="32" op_8_bw="0" op_9_bw="0" op_10_bw="0" op_11_bw="32" op_12_bw="32" op_13_bw="32" op_14_bw="32" op_15_bw="0" op_16_bw="0">
<![CDATA[
.split:20 %specinterface_ln1107 = specinterface void @_ssdm_op_SpecInterface, i64 %din_c, void @ap_fifo_str, i32, i32, void @p_str, i32, i32, void @p_str, void @p_str, void @p_str, i32, i32, i32, i32, void @p_str, void @p_str

]]></Node>
<StgValue><ssdm name="specinterface_ln1107"/></StgValue>
</operation>

<operation id="39" st_id="8" stage="1" lat="1">
<core>NULL</core>
<MemPortIdVec></MemPortIdVec>
<condition id="-1">
<or_exp><and_exp></and_exp></or_exp>
</condition>

<Node id="27" bw="32" op_0_bw="32" op_1_bw="0" op_2_bw="32" op_3_bw="0" op_4_bw="0" op_5_bw="32" op_6_bw="32" op_7_bw="32" op_8_bw="32">
<![CDATA[
.split:21 %empty_79 = specchannel i32 @_ssdm_op_SpecChannel, void @rows_c_str, i32, void @p_str, void @p_str, i32, i32, i32 %rows_c, i32 %rows_c

]]></Node>
<StgValue><ssdm name="empty_79"/></StgValue>
</operation>

<operation id="40" st_id="8" stage="1" lat="1">
<core>NULL</core>
<MemPortIdVec></MemPortIdVec>
<condition id="-1">
<or_exp><and_exp></and_exp></or_exp>
</condition>

<Node id="28" bw="0" op_0_bw="0" op_1_bw="32" op_2_bw="0" op_3_bw="32" op_4_bw="32" op_5_bw="0" op_6_bw="32" op_7_bw="32" op_8_bw="0" op_9_bw="0" op_10_bw="0" op_11_bw="32" op_12_bw="32" op_13_bw="32" op_14_bw="32" op_15_bw="0" op_16_bw="0">
<![CDATA[
.split:22 %specinterface_ln1109 = specinterface void @_ssdm_op_SpecInterface, i32 %rows_c, void @ap_fifo_str, i32, i32, void @p_str, i32, i32, void @p_str, void @p_str, void @p_str, i32, i32, i32, i32, void @p_str, void @p_str

]]></Node>
<StgValue><ssdm name="specinterface_ln1109"/></StgValue>
</operation>

<operation id="41" st_id="8" stage="1" lat="1">
<core>NULL</core>
<MemPortIdVec></MemPortIdVec>
<condition id="-1">
<or_exp><and_exp></and_exp></or_exp>
</condition>

<Node id="29" bw="32" op_0_bw="32" op_1_bw="0" op_2_bw="32" op_3_bw="0" op_4_bw="0" op_5_bw="32" op_6_bw="32" op_7_bw="32" op_8_bw="32">
<![CDATA[
.split:23 %empty_80 = specchannel i32 @_ssdm_op_SpecChannel, void @cols_c_str, i32, void @p_str, void @p_str, i32, i32, i32 %cols_c, i32 %cols_c

]]></Node>
<StgValue><ssdm name="empty_80"/></StgValue>
</operation>

<operation id="42" st_id="8" stage="1" lat="1">
<core>NULL</core>
<MemPortIdVec></MemPortIdVec>
<condition id="-1">
<or_exp><and_exp></and_exp></or_exp>
</condition>

<Node id="30" bw="0" op_0_bw="0" op_1_bw="32" op_2_bw="0" op_3_bw="32" op_4_bw="32" op_5_bw="0" op_6_bw="32" op_7_bw="32" op_8_bw="0" op_9_bw="0" op_10_bw="0" op_11_bw="32" op_12_bw="32" op_13_bw="32" op_14_bw="32" op_15_bw="0" op_16_bw="0">
<![CDATA[
.split:24 %specinterface_ln1115 = specinterface void @_ssdm_op_SpecInterface, i32 %cols_c, void @ap_fifo_str, i32, i32, void @p_str, i32, i32, void @p_str, void @p_str, void @p_str, i32, i32, i32, i32, void @p_str, void @p_str

]]></Node>
<StgValue><ssdm name="specinterface_ln1115"/></StgValue>
</operation>

<operation id="43" st_id="8" stage="1" lat="1">
<core>NULL</core>
<MemPortIdVec></MemPortIdVec>
<condition id="-1">
<or_exp><and_exp></and_exp></or_exp>
</condition>

<Node id="31" bw="32" op_0_bw="32" op_1_bw="0" op_2_bw="32" op_3_bw="0" op_4_bw="0" op_5_bw="32" op_6_bw="32" op_7_bw="64" op_8_bw="64">
<![CDATA[
.split:25 %empty_81 = specchannel i32 @_ssdm_op_SpecChannel, void @din_c1_str, i32, void @p_str, void @p_str, i32, i32, i64 %din_c1, i64 %din_c1

]]></Node>
<StgValue><ssdm name="empty_81"/></StgValue>
</operation>

<operation id="44" st_id="8" stage="1" lat="1">
<core>NULL</core>
<MemPortIdVec></MemPortIdVec>
<condition id="-1">
<or_exp><and_exp></and_exp></or_exp>
</condition>

<Node id="32" bw="0" op_0_bw="0" op_1_bw="64" op_2_bw="0" op_3_bw="32" op_4_bw="32" op_5_bw="0" op_6_bw="32" op_7_bw="32" op_8_bw="0" op_9_bw="0" op_10_bw="0" op_11_bw="32" op_12_bw="32" op_13_bw="32" op_14_bw="32" op_15_bw="0" op_16_bw="0">
<![CDATA[
.split:26 %specinterface_ln1107 = specinterface void @_ssdm_op_SpecInterface, i64 %din_c1, void @ap_fifo_str, i32, i32, void @p_str, i32, i32, void @p_str, void @p_str, void @p_str, i32, i32, i32, i32, void @p_str, void @p_str

]]></Node>
<StgValue><ssdm name="specinterface_ln1107"/></StgValue>
</operation>

<operation id="45" st_id="8" stage="1" lat="1">
<core>NULL</core>
<MemPortIdVec></MemPortIdVec>
<condition id="-1">
<or_exp><and_exp></and_exp></or_exp>
</condition>

<Node id="33" bw="32" op_0_bw="32" op_1_bw="0" op_2_bw="32" op_3_bw="0" op_4_bw="0" op_5_bw="32" op_6_bw="32" op_7_bw="32" op_8_bw="32">
<![CDATA[
.split:27 %empty_82 = specchannel i32 @_ssdm_op_SpecChannel, void @rows_c2_str, i32, void @p_str, void @p_str, i32, i32, i32 %rows_c2, i32 %rows_c2

]]></Node>
<StgValue><ssdm name="empty_82"/></StgValue>
</operation>

<operation id="46" st_id="8" stage="1" lat="1">
<core>NULL</core>
<MemPortIdVec></MemPortIdVec>
<condition id="-1">
<or_exp><and_exp></and_exp></or_exp>
</condition>

<Node id="34" bw="0" op_0_bw="0" op_1_bw="32" op_2_bw="0" op_3_bw="32" op_4_bw="32" op_5_bw="0" op_6_bw="32" op_7_bw="32" op_8_bw="0" op_9_bw="0" op_10_bw="0" op_11_bw="32" op_12_bw="32" op_13_bw="32" op_14_bw="32" op_15_bw="0" op_16_bw="0">
<![CDATA[
.split:28 %specinterface_ln1109 = specinterface void @_ssdm_op_SpecInterface, i32 %rows_c2, void @ap_fifo_str, i32, i32, void @p_str, i32, i32, void @p_str, void @p_str, void @p_str, i32, i32, i32, i32, void @p_str, void @p_str

]]></Node>
<StgValue><ssdm name="specinterface_ln1109"/></StgValue>
</operation>

<operation id="47" st_id="8" stage="1" lat="1">
<core>NULL</core>
<MemPortIdVec></MemPortIdVec>
<condition id="-1">
<or_exp><and_exp></and_exp></or_exp>
</condition>

<Node id="35" bw="32" op_0_bw="32" op_1_bw="0" op_2_bw="32" op_3_bw="0" op_4_bw="0" op_5_bw="32" op_6_bw="32" op_7_bw="32" op_8_bw="32">
<![CDATA[
.split:29 %empty_83 = specchannel i32 @_ssdm_op_SpecChannel, void @cols_c3_str, i32, void @p_str, void @p_str, i32, i32, i32 %cols_c3, i32 %cols_c3

]]></Node>
<StgValue><ssdm name="empty_83"/></StgValue>
</operation>

<operation id="48" st_id="8" stage="1" lat="1">
<core>NULL</core>
<MemPortIdVec></MemPortIdVec>
<condition id="-1">
<or_exp><and_exp></and_exp></or_exp>
</condition>

<Node id="36" bw="0" op_0_bw="0" op_1_bw="32" op_2_bw="0" op_3_bw="32" op_4_bw="32" op_5_bw="0" op_6_bw="32" op_7_bw="32" op_8_bw="0" op_9_bw="0" op_10_bw="0" op_11_bw="32" op_12_bw="32" op_13_bw="32" op_14_bw="32" op_15_bw="0" op_16_bw="0">
<![CDATA[
.split:30 %specinterface_ln1115 = specinterface void @_ssdm_op_SpecInterface, i32 %cols_c3, void @ap_fifo_str, i32, i32, void @p_str, i32, i32, void @p_str, void @p_str, void @p_str, i32, i32, i32, i32, void @p_str, void @p_str

]]></Node>
<StgValue><ssdm name="specinterface_ln1115"/></StgValue>
</operation>

<operation id="49" st_id="8" stage="1" lat="1">
<core>NULL</core>
<MemPortIdVec></MemPortIdVec>
<condition id="-1">
<or_exp><and_exp></and_exp></or_exp>
</condition>

<Node id="39" bw="32" op_0_bw="32" op_1_bw="0" op_2_bw="32" op_3_bw="0" op_4_bw="0" op_5_bw="32" op_6_bw="32" op_7_bw="4" op_8_bw="4">
<![CDATA[
.split:33 %empty_84 = specchannel i32 @_ssdm_op_SpecChannel, void @last_blk_width_c_str, i32, void @p_str, void @p_str, i32, i32, i4 %last_blk_width_c, i4 %last_blk_width_c

]]></Node>
<StgValue><ssdm name="empty_84"/></StgValue>
</operation>

<operation id="50" st_id="8" stage="1" lat="1">
<core>NULL</core>
<MemPortIdVec></MemPortIdVec>
<condition id="-1">
<or_exp><and_exp></and_exp></or_exp>
</condition>

<Node id="40" bw="0" op_0_bw="0" op_1_bw="4" op_2_bw="0" op_3_bw="32" op_4_bw="32" op_5_bw="0" op_6_bw="32" op_7_bw="32" op_8_bw="0" op_9_bw="0" op_10_bw="0" op_11_bw="32" op_12_bw="32" op_13_bw="32" op_14_bw="32" op_15_bw="0" op_16_bw="0">
<![CDATA[
.split:34 %specinterface_ln1116 = specinterface void @_ssdm_op_SpecInterface, i4 %last_blk_width_c, void @ap_fifo_str, i32, i32, void @p_str, i32, i32, void @p_str, void @p_str, void @p_str, i32, i32, i32, i32, void @p_str, void @p_str

]]></Node>
<StgValue><ssdm name="specinterface_ln1116"/></StgValue>
</operation>

<operation id="51" st_id="8" stage="1" lat="1">
<core>NULL</core>
<MemPortIdVec></MemPortIdVec>
<condition id="-1">
<or_exp><and_exp></and_exp></or_exp>
</condition>

<Node id="42" bw="32" op_0_bw="32" op_1_bw="0" op_2_bw="32" op_3_bw="0" op_4_bw="0" op_5_bw="32" op_6_bw="32" op_7_bw="32" op_8_bw="32">
<![CDATA[
.split:36 %empty_85 = specchannel i32 @_ssdm_op_SpecChannel, void @rows_c13_str, i32, void @p_str, void @p_str, i32, i32, i32 %rows_c13, i32 %rows_c13

]]></Node>
<StgValue><ssdm name="empty_85"/></StgValue>
</operation>

<operation id="52" st_id="8" stage="1" lat="1">
<core>NULL</core>
<MemPortIdVec></MemPortIdVec>
<condition id="-1">
<or_exp><and_exp></and_exp></or_exp>
</condition>

<Node id="43" bw="0" op_0_bw="0" op_1_bw="32" op_2_bw="0" op_3_bw="32" op_4_bw="32" op_5_bw="0" op_6_bw="32" op_7_bw="32" op_8_bw="0" op_9_bw="0" op_10_bw="0" op_11_bw="32" op_12_bw="32" op_13_bw="32" op_14_bw="32" op_15_bw="0" op_16_bw="0">
<![CDATA[
.split:37 %specinterface_ln1109 = specinterface void @_ssdm_op_SpecInterface, i32 %rows_c13, void @ap_fifo_str, i32, i32, void @p_str, i32, i32, void @p_str, void @p_str, void @p_str, i32, i32, i32, i32, void @p_str, void @p_str

]]></Node>
<StgValue><ssdm name="specinterface_ln1109"/></StgValue>
</operation>

<operation id="53" st_id="8" stage="1" lat="1">
<core>NULL</core>
<MemPortIdVec></MemPortIdVec>
<condition id="-1">
<or_exp><and_exp></and_exp></or_exp>
</condition>

<Node id="44" bw="32" op_0_bw="32" op_1_bw="0" op_2_bw="32" op_3_bw="0" op_4_bw="0" op_5_bw="32" op_6_bw="32" op_7_bw="32" op_8_bw="32">
<![CDATA[
.split:38 %empty_86 = specchannel i32 @_ssdm_op_SpecChannel, void @cols_c14_str, i32, void @p_str, void @p_str, i32, i32, i32 %cols_c14, i32 %cols_c14

]]></Node>
<StgValue><ssdm name="empty_86"/></StgValue>
</operation>

<operation id="54" st_id="8" stage="1" lat="1">
<core>NULL</core>
<MemPortIdVec></MemPortIdVec>
<condition id="-1">
<or_exp><and_exp></and_exp></or_exp>
</condition>

<Node id="45" bw="0" op_0_bw="0" op_1_bw="32" op_2_bw="0" op_3_bw="32" op_4_bw="32" op_5_bw="0" op_6_bw="32" op_7_bw="32" op_8_bw="0" op_9_bw="0" op_10_bw="0" op_11_bw="32" op_12_bw="32" op_13_bw="32" op_14_bw="32" op_15_bw="0" op_16_bw="0">
<![CDATA[
.split:39 %specinterface_ln1115 = specinterface void @_ssdm_op_SpecInterface, i32 %cols_c14, void @ap_fifo_str, i32, i32, void @p_str, i32, i32, void @p_str, void @p_str, void @p_str, i32, i32, i32, i32, void @p_str, void @p_str

]]></Node>
<StgValue><ssdm name="specinterface_ln1115"/></StgValue>
</operation>

<operation id="55" st_id="8" stage="1" lat="2">
<core></core>
<MemPortIdVec></MemPortIdVec>
<condition id="-1">
<or_exp><and_exp></and_exp></or_exp>
</condition>

<Node id="49" bw="0" op_0_bw="0" op_1_bw="8" op_2_bw="8" op_3_bw="32" op_4_bw="32" op_5_bw="4" op_6_bw="0" op_7_bw="0" op_8_bw="0">
<![CDATA[
.split:43 %call_ln1119 = call void @AxiStream2MatStream, i8 %ldata, i8 %imgInput_417, i32 %rows_c13, i32 %cols_c14, i4 %last_blk_width_c, void %call_ln1118, void %call_ln304, void %call_ln1116

]]></Node>
<StgValue><ssdm name="call_ln1119"/></StgValue>
</operation>

<operation id="56" st_id="8" stage="1" lat="1">
<core>NULL</core>
<MemPortIdVec></MemPortIdVec>
<condition id="-1">
<or_exp><and_exp></and_exp></or_exp>
</condition>

<Node id="50" bw="0">
<![CDATA[
.split:44 %ret_ln1120 = ret

]]></Node>
<StgValue><ssdm name="ret_ln1120"/></StgValue>
</operation>
</state>
</state_list>


<ports>
<port id="65" name="gmem0" dir="0" iftype="4">
<core>NULL</core><StgValue><ssdm name="gmem0"/></StgValue>
</port>
<port id="66" name="imgInput_417" dir="1" iftype="3">
<core>FIFO_SRL</core><StgValue><ssdm name="imgInput_417"/></StgValue>
</port>
<port id="67" name="din" dir="0" iftype="0">
<core>NULL</core><StgValue><ssdm name="din"/></StgValue>
</port>
<port id="68" name="rows" dir="0" iftype="0">
<core>NULL</core><StgValue><ssdm name="rows"/></StgValue>
</port>
<port id="69" name="cols" dir="0" iftype="0">
<core>NULL</core><StgValue><ssdm name="cols"/></StgValue>
</port>
</ports>


<dataflows>
<dataflow id="71" from="_ssdm_op_Read.ap_auto.i32" to="cols_read" fromId="70" toId="9">
</dataflow>
<dataflow id="72" from="cols" to="cols_read" fromId="69" toId="9">
</dataflow>
<dataflow id="73" from="_ssdm_op_Read.ap_auto.i32" to="rows_read" fromId="70" toId="10">
</dataflow>
<dataflow id="74" from="rows" to="rows_read" fromId="68" toId="10">
</dataflow>
<dataflow id="76" from="_ssdm_op_Read.ap_auto.i64" to="din_read" fromId="75" toId="11">
</dataflow>
<dataflow id="77" from="din" to="din_read" fromId="67" toId="11">
</dataflow>
<dataflow id="79" from="StgValue_78" to="cols_c3" fromId="78" toId="12">
</dataflow>
<dataflow id="80" from="StgValue_78" to="rows_c2" fromId="78" toId="13">
</dataflow>
<dataflow id="81" from="StgValue_78" to="din_c1" fromId="78" toId="14">
</dataflow>
<dataflow id="82" from="StgValue_78" to="p_channel" fromId="78" toId="15">
</dataflow>
<dataflow id="83" from="StgValue_78" to="cols_c14" fromId="78" toId="16">
</dataflow>
<dataflow id="84" from="StgValue_78" to="rows_c13" fromId="78" toId="17">
</dataflow>
<dataflow id="85" from="StgValue_78" to="last_blk_width_c" fromId="78" toId="18">
</dataflow>
<dataflow id="86" from="StgValue_78" to="cols_c" fromId="78" toId="19">
</dataflow>
<dataflow id="87" from="StgValue_78" to="rows_c" fromId="78" toId="20">
</dataflow>
<dataflow id="88" from="StgValue_78" to="din_c" fromId="78" toId="21">
</dataflow>
<dataflow id="89" from="StgValue_78" to="ldata" fromId="78" toId="22">
</dataflow>
<dataflow id="91" from="Axi2Mat.entry3" to="call_ln1115" fromId="90" toId="23">
</dataflow>
<dataflow id="92" from="din_read" to="call_ln1115" fromId="11" toId="23">
</dataflow>
<dataflow id="93" from="rows_read" to="call_ln1115" fromId="10" toId="23">
</dataflow>
<dataflow id="94" from="cols_read" to="call_ln1115" fromId="9" toId="23">
</dataflow>
<dataflow id="95" from="din_c1" to="call_ln1115" fromId="14" toId="23">
</dataflow>
<dataflow id="96" from="rows_c2" to="call_ln1115" fromId="13" toId="23">
</dataflow>
<dataflow id="97" from="cols_c3" to="call_ln1115" fromId="12" toId="23">
</dataflow>
<dataflow id="99" from="Axi2Mat.entry25" to="call_ln1107" fromId="98" toId="24">
</dataflow>
<dataflow id="100" from="din_c1" to="call_ln1107" fromId="14" toId="24">
</dataflow>
<dataflow id="101" from="rows_c2" to="call_ln1107" fromId="13" toId="24">
</dataflow>
<dataflow id="102" from="cols_c3" to="call_ln1107" fromId="12" toId="24">
</dataflow>
<dataflow id="103" from="din_c" to="call_ln1107" fromId="21" toId="24">
</dataflow>
<dataflow id="104" from="rows_c" to="call_ln1107" fromId="20" toId="24">
</dataflow>
<dataflow id="105" from="cols_c" to="call_ln1107" fromId="19" toId="24">
</dataflow>
<dataflow id="107" from="addrbound18" to="call_ln304" fromId="106" toId="25">
</dataflow>
<dataflow id="108" from="p_channel" to="call_ln304" fromId="15" toId="25">
</dataflow>
<dataflow id="109" from="rows_c" to="call_ln304" fromId="20" toId="25">
</dataflow>
<dataflow id="110" from="cols_c" to="call_ln304" fromId="19" toId="25">
</dataflow>
<dataflow id="111" from="rows_c13" to="call_ln304" fromId="17" toId="25">
</dataflow>
<dataflow id="112" from="cols_c14" to="call_ln304" fromId="16" toId="25">
</dataflow>
<dataflow id="113" from="addrbound18" to="call_ln304" fromId="106" toId="26">
</dataflow>
<dataflow id="114" from="p_channel" to="call_ln304" fromId="15" toId="26">
</dataflow>
<dataflow id="115" from="rows_c" to="call_ln304" fromId="20" toId="26">
</dataflow>
<dataflow id="116" from="cols_c" to="call_ln304" fromId="19" toId="26">
</dataflow>
<dataflow id="117" from="rows_c13" to="call_ln304" fromId="17" toId="26">
</dataflow>
<dataflow id="118" from="cols_c14" to="call_ln304" fromId="16" toId="26">
</dataflow>
<dataflow id="120" from="Axi2Mat_Block_.split15_proc" to="axibound_V" fromId="119" toId="27">
</dataflow>
<dataflow id="121" from="p_channel" to="axibound_V" fromId="15" toId="27">
</dataflow>
<dataflow id="123" from="Axi2AxiStream" to="call_ln1118" fromId="122" toId="28">
</dataflow>
<dataflow id="124" from="gmem0" to="call_ln1118" fromId="65" toId="28">
</dataflow>
<dataflow id="125" from="ldata" to="call_ln1118" fromId="22" toId="28">
</dataflow>
<dataflow id="126" from="din_c" to="call_ln1118" fromId="21" toId="28">
</dataflow>
<dataflow id="127" from="axibound_V" to="call_ln1118" fromId="27" toId="28">
</dataflow>
<dataflow id="129" from="last_blk_pxl_width17" to="call_ln1116" fromId="128" toId="29">
</dataflow>
<dataflow id="130" from="last_blk_width_c" to="call_ln1116" fromId="18" toId="29">
</dataflow>
<dataflow id="131" from="Axi2AxiStream" to="call_ln1118" fromId="122" toId="30">
</dataflow>
<dataflow id="132" from="gmem0" to="call_ln1118" fromId="65" toId="30">
</dataflow>
<dataflow id="133" from="ldata" to="call_ln1118" fromId="22" toId="30">
</dataflow>
<dataflow id="134" from="din_c" to="call_ln1118" fromId="21" toId="30">
</dataflow>
<dataflow id="135" from="axibound_V" to="call_ln1118" fromId="27" toId="30">
</dataflow>
<dataflow id="137" from="AxiStream2MatStream" to="call_ln1119" fromId="136" toId="31">
</dataflow>
<dataflow id="138" from="ldata" to="call_ln1119" fromId="22" toId="31">
</dataflow>
<dataflow id="139" from="imgInput_417" to="call_ln1119" fromId="66" toId="31">
</dataflow>
<dataflow id="140" from="rows_c13" to="call_ln1119" fromId="17" toId="31">
</dataflow>
<dataflow id="141" from="cols_c14" to="call_ln1119" fromId="16" toId="31">
</dataflow>
<dataflow id="142" from="last_blk_width_c" to="call_ln1119" fromId="18" toId="31">
</dataflow>
<dataflow id="144" from="_ssdm_op_SpecDataflowPipeline" to="specdataflowpipeline_ln0" fromId="143" toId="32">
</dataflow>
<dataflow id="146" from="StgValue_145" to="specdataflowpipeline_ln0" fromId="145" toId="32">
</dataflow>
<dataflow id="148" from="StgValue_147" to="specdataflowpipeline_ln0" fromId="147" toId="32">
</dataflow>
<dataflow id="150" from="empty_21" to="specdataflowpipeline_ln0" fromId="149" toId="32">
</dataflow>
<dataflow id="152" from="_ssdm_op_SpecInterface" to="specinterface_ln0" fromId="151" toId="33">
</dataflow>
<dataflow id="153" from="gmem0" to="specinterface_ln0" fromId="65" toId="33">
</dataflow>
<dataflow id="155" from="empty_12" to="specinterface_ln0" fromId="154" toId="33">
</dataflow>
<dataflow id="156" from="StgValue_147" to="specinterface_ln0" fromId="147" toId="33">
</dataflow>
<dataflow id="157" from="StgValue_147" to="specinterface_ln0" fromId="147" toId="33">
</dataflow>
<dataflow id="158" from="empty_21" to="specinterface_ln0" fromId="149" toId="33">
</dataflow>
<dataflow id="159" from="StgValue_147" to="specinterface_ln0" fromId="147" toId="33">
</dataflow>
<dataflow id="161" from="StgValue_160" to="specinterface_ln0" fromId="160" toId="33">
</dataflow>
<dataflow id="162" from="empty_21" to="specinterface_ln0" fromId="149" toId="33">
</dataflow>
<dataflow id="163" from="empty_21" to="specinterface_ln0" fromId="149" toId="33">
</dataflow>
<dataflow id="164" from="empty_21" to="specinterface_ln0" fromId="149" toId="33">
</dataflow>
<dataflow id="166" from="StgValue_165" to="specinterface_ln0" fromId="165" toId="33">
</dataflow>
<dataflow id="167" from="StgValue_165" to="specinterface_ln0" fromId="165" toId="33">
</dataflow>
<dataflow id="168" from="StgValue_165" to="specinterface_ln0" fromId="165" toId="33">
</dataflow>
<dataflow id="169" from="StgValue_165" to="specinterface_ln0" fromId="165" toId="33">
</dataflow>
<dataflow id="170" from="empty_21" to="specinterface_ln0" fromId="149" toId="33">
</dataflow>
<dataflow id="171" from="empty_21" to="specinterface_ln0" fromId="149" toId="33">
</dataflow>
<dataflow id="172" from="_ssdm_op_SpecInterface" to="specinterface_ln0" fromId="151" toId="34">
</dataflow>
<dataflow id="173" from="imgInput_417" to="specinterface_ln0" fromId="66" toId="34">
</dataflow>
<dataflow id="175" from="empty_0" to="specinterface_ln0" fromId="174" toId="34">
</dataflow>
<dataflow id="176" from="StgValue_147" to="specinterface_ln0" fromId="147" toId="34">
</dataflow>
<dataflow id="177" from="StgValue_147" to="specinterface_ln0" fromId="147" toId="34">
</dataflow>
<dataflow id="178" from="empty_21" to="specinterface_ln0" fromId="149" toId="34">
</dataflow>
<dataflow id="179" from="StgValue_147" to="specinterface_ln0" fromId="147" toId="34">
</dataflow>
<dataflow id="180" from="StgValue_147" to="specinterface_ln0" fromId="147" toId="34">
</dataflow>
<dataflow id="181" from="empty_21" to="specinterface_ln0" fromId="149" toId="34">
</dataflow>
<dataflow id="182" from="empty_21" to="specinterface_ln0" fromId="149" toId="34">
</dataflow>
<dataflow id="183" from="empty_21" to="specinterface_ln0" fromId="149" toId="34">
</dataflow>
<dataflow id="184" from="StgValue_147" to="specinterface_ln0" fromId="147" toId="34">
</dataflow>
<dataflow id="185" from="StgValue_147" to="specinterface_ln0" fromId="147" toId="34">
</dataflow>
<dataflow id="186" from="StgValue_147" to="specinterface_ln0" fromId="147" toId="34">
</dataflow>
<dataflow id="187" from="StgValue_147" to="specinterface_ln0" fromId="147" toId="34">
</dataflow>
<dataflow id="188" from="empty_21" to="specinterface_ln0" fromId="149" toId="34">
</dataflow>
<dataflow id="189" from="empty_21" to="specinterface_ln0" fromId="149" toId="34">
</dataflow>
<dataflow id="191" from="_ssdm_op_SpecChannel" to="empty" fromId="190" toId="35">
</dataflow>
<dataflow id="193" from="ldata_str" to="empty" fromId="192" toId="35">
</dataflow>
<dataflow id="195" from="StgValue_194" to="empty" fromId="194" toId="35">
</dataflow>
<dataflow id="197" from="p_str" to="empty" fromId="196" toId="35">
</dataflow>
<dataflow id="198" from="p_str" to="empty" fromId="196" toId="35">
</dataflow>
<dataflow id="200" from="StgValue_199" to="empty" fromId="199" toId="35">
</dataflow>
<dataflow id="201" from="StgValue_199" to="empty" fromId="199" toId="35">
</dataflow>
<dataflow id="202" from="ldata" to="empty" fromId="22" toId="35">
</dataflow>
<dataflow id="203" from="ldata" to="empty" fromId="22" toId="35">
</dataflow>
<dataflow id="204" from="_ssdm_op_SpecInterface" to="specinterface_ln0" fromId="151" toId="36">
</dataflow>
<dataflow id="205" from="ldata" to="specinterface_ln0" fromId="22" toId="36">
</dataflow>
<dataflow id="206" from="empty_0" to="specinterface_ln0" fromId="174" toId="36">
</dataflow>
<dataflow id="207" from="StgValue_147" to="specinterface_ln0" fromId="147" toId="36">
</dataflow>
<dataflow id="208" from="StgValue_147" to="specinterface_ln0" fromId="147" toId="36">
</dataflow>
<dataflow id="209" from="empty_21" to="specinterface_ln0" fromId="149" toId="36">
</dataflow>
<dataflow id="210" from="StgValue_147" to="specinterface_ln0" fromId="147" toId="36">
</dataflow>
<dataflow id="211" from="StgValue_147" to="specinterface_ln0" fromId="147" toId="36">
</dataflow>
<dataflow id="212" from="empty_21" to="specinterface_ln0" fromId="149" toId="36">
</dataflow>
<dataflow id="213" from="empty_21" to="specinterface_ln0" fromId="149" toId="36">
</dataflow>
<dataflow id="214" from="empty_21" to="specinterface_ln0" fromId="149" toId="36">
</dataflow>
<dataflow id="215" from="StgValue_147" to="specinterface_ln0" fromId="147" toId="36">
</dataflow>
<dataflow id="216" from="StgValue_147" to="specinterface_ln0" fromId="147" toId="36">
</dataflow>
<dataflow id="217" from="StgValue_147" to="specinterface_ln0" fromId="147" toId="36">
</dataflow>
<dataflow id="218" from="StgValue_147" to="specinterface_ln0" fromId="147" toId="36">
</dataflow>
<dataflow id="219" from="empty_21" to="specinterface_ln0" fromId="149" toId="36">
</dataflow>
<dataflow id="220" from="empty_21" to="specinterface_ln0" fromId="149" toId="36">
</dataflow>
<dataflow id="221" from="_ssdm_op_SpecChannel" to="empty_78" fromId="190" toId="37">
</dataflow>
<dataflow id="223" from="din_c_str" to="empty_78" fromId="222" toId="37">
</dataflow>
<dataflow id="224" from="StgValue_194" to="empty_78" fromId="194" toId="37">
</dataflow>
<dataflow id="225" from="p_str" to="empty_78" fromId="196" toId="37">
</dataflow>
<dataflow id="226" from="p_str" to="empty_78" fromId="196" toId="37">
</dataflow>
<dataflow id="228" from="StgValue_227" to="empty_78" fromId="227" toId="37">
</dataflow>
<dataflow id="229" from="StgValue_147" to="empty_78" fromId="147" toId="37">
</dataflow>
<dataflow id="230" from="din_c" to="empty_78" fromId="21" toId="37">
</dataflow>
<dataflow id="231" from="din_c" to="empty_78" fromId="21" toId="37">
</dataflow>
<dataflow id="232" from="_ssdm_op_SpecInterface" to="specinterface_ln1107" fromId="151" toId="38">
</dataflow>
<dataflow id="233" from="din_c" to="specinterface_ln1107" fromId="21" toId="38">
</dataflow>
<dataflow id="235" from="ap_fifo_str" to="specinterface_ln1107" fromId="234" toId="38">
</dataflow>
<dataflow id="236" from="StgValue_147" to="specinterface_ln1107" fromId="147" toId="38">
</dataflow>
<dataflow id="237" from="StgValue_147" to="specinterface_ln1107" fromId="147" toId="38">
</dataflow>
<dataflow id="238" from="p_str" to="specinterface_ln1107" fromId="196" toId="38">
</dataflow>
<dataflow id="239" from="StgValue_147" to="specinterface_ln1107" fromId="147" toId="38">
</dataflow>
<dataflow id="240" from="StgValue_147" to="specinterface_ln1107" fromId="147" toId="38">
</dataflow>
<dataflow id="241" from="p_str" to="specinterface_ln1107" fromId="196" toId="38">
</dataflow>
<dataflow id="242" from="p_str" to="specinterface_ln1107" fromId="196" toId="38">
</dataflow>
<dataflow id="243" from="p_str" to="specinterface_ln1107" fromId="196" toId="38">
</dataflow>
<dataflow id="244" from="StgValue_199" to="specinterface_ln1107" fromId="199" toId="38">
</dataflow>
<dataflow id="245" from="StgValue_199" to="specinterface_ln1107" fromId="199" toId="38">
</dataflow>
<dataflow id="246" from="StgValue_165" to="specinterface_ln1107" fromId="165" toId="38">
</dataflow>
<dataflow id="247" from="StgValue_165" to="specinterface_ln1107" fromId="165" toId="38">
</dataflow>
<dataflow id="248" from="p_str" to="specinterface_ln1107" fromId="196" toId="38">
</dataflow>
<dataflow id="249" from="p_str" to="specinterface_ln1107" fromId="196" toId="38">
</dataflow>
<dataflow id="250" from="_ssdm_op_SpecChannel" to="empty_79" fromId="190" toId="39">
</dataflow>
<dataflow id="252" from="rows_c_str" to="empty_79" fromId="251" toId="39">
</dataflow>
<dataflow id="253" from="StgValue_194" to="empty_79" fromId="194" toId="39">
</dataflow>
<dataflow id="254" from="p_str" to="empty_79" fromId="196" toId="39">
</dataflow>
<dataflow id="255" from="p_str" to="empty_79" fromId="196" toId="39">
</dataflow>
<dataflow id="256" from="StgValue_199" to="empty_79" fromId="199" toId="39">
</dataflow>
<dataflow id="257" from="StgValue_147" to="empty_79" fromId="147" toId="39">
</dataflow>
<dataflow id="258" from="rows_c" to="empty_79" fromId="20" toId="39">
</dataflow>
<dataflow id="259" from="rows_c" to="empty_79" fromId="20" toId="39">
</dataflow>
<dataflow id="260" from="_ssdm_op_SpecInterface" to="specinterface_ln1109" fromId="151" toId="40">
</dataflow>
<dataflow id="261" from="rows_c" to="specinterface_ln1109" fromId="20" toId="40">
</dataflow>
<dataflow id="262" from="ap_fifo_str" to="specinterface_ln1109" fromId="234" toId="40">
</dataflow>
<dataflow id="263" from="StgValue_147" to="specinterface_ln1109" fromId="147" toId="40">
</dataflow>
<dataflow id="264" from="StgValue_147" to="specinterface_ln1109" fromId="147" toId="40">
</dataflow>
<dataflow id="265" from="p_str" to="specinterface_ln1109" fromId="196" toId="40">
</dataflow>
<dataflow id="266" from="StgValue_147" to="specinterface_ln1109" fromId="147" toId="40">
</dataflow>
<dataflow id="267" from="StgValue_147" to="specinterface_ln1109" fromId="147" toId="40">
</dataflow>
<dataflow id="268" from="p_str" to="specinterface_ln1109" fromId="196" toId="40">
</dataflow>
<dataflow id="269" from="p_str" to="specinterface_ln1109" fromId="196" toId="40">
</dataflow>
<dataflow id="270" from="p_str" to="specinterface_ln1109" fromId="196" toId="40">
</dataflow>
<dataflow id="271" from="StgValue_199" to="specinterface_ln1109" fromId="199" toId="40">
</dataflow>
<dataflow id="272" from="StgValue_199" to="specinterface_ln1109" fromId="199" toId="40">
</dataflow>
<dataflow id="273" from="StgValue_165" to="specinterface_ln1109" fromId="165" toId="40">
</dataflow>
<dataflow id="274" from="StgValue_165" to="specinterface_ln1109" fromId="165" toId="40">
</dataflow>
<dataflow id="275" from="p_str" to="specinterface_ln1109" fromId="196" toId="40">
</dataflow>
<dataflow id="276" from="p_str" to="specinterface_ln1109" fromId="196" toId="40">
</dataflow>
<dataflow id="277" from="_ssdm_op_SpecChannel" to="empty_80" fromId="190" toId="41">
</dataflow>
<dataflow id="279" from="cols_c_str" to="empty_80" fromId="278" toId="41">
</dataflow>
<dataflow id="280" from="StgValue_194" to="empty_80" fromId="194" toId="41">
</dataflow>
<dataflow id="281" from="p_str" to="empty_80" fromId="196" toId="41">
</dataflow>
<dataflow id="282" from="p_str" to="empty_80" fromId="196" toId="41">
</dataflow>
<dataflow id="283" from="StgValue_199" to="empty_80" fromId="199" toId="41">
</dataflow>
<dataflow id="284" from="StgValue_147" to="empty_80" fromId="147" toId="41">
</dataflow>
<dataflow id="285" from="cols_c" to="empty_80" fromId="19" toId="41">
</dataflow>
<dataflow id="286" from="cols_c" to="empty_80" fromId="19" toId="41">
</dataflow>
<dataflow id="287" from="_ssdm_op_SpecInterface" to="specinterface_ln1115" fromId="151" toId="42">
</dataflow>
<dataflow id="288" from="cols_c" to="specinterface_ln1115" fromId="19" toId="42">
</dataflow>
<dataflow id="289" from="ap_fifo_str" to="specinterface_ln1115" fromId="234" toId="42">
</dataflow>
<dataflow id="290" from="StgValue_147" to="specinterface_ln1115" fromId="147" toId="42">
</dataflow>
<dataflow id="291" from="StgValue_147" to="specinterface_ln1115" fromId="147" toId="42">
</dataflow>
<dataflow id="292" from="p_str" to="specinterface_ln1115" fromId="196" toId="42">
</dataflow>
<dataflow id="293" from="StgValue_147" to="specinterface_ln1115" fromId="147" toId="42">
</dataflow>
<dataflow id="294" from="StgValue_147" to="specinterface_ln1115" fromId="147" toId="42">
</dataflow>
<dataflow id="295" from="p_str" to="specinterface_ln1115" fromId="196" toId="42">
</dataflow>
<dataflow id="296" from="p_str" to="specinterface_ln1115" fromId="196" toId="42">
</dataflow>
<dataflow id="297" from="p_str" to="specinterface_ln1115" fromId="196" toId="42">
</dataflow>
<dataflow id="298" from="StgValue_199" to="specinterface_ln1115" fromId="199" toId="42">
</dataflow>
<dataflow id="299" from="StgValue_199" to="specinterface_ln1115" fromId="199" toId="42">
</dataflow>
<dataflow id="300" from="StgValue_165" to="specinterface_ln1115" fromId="165" toId="42">
</dataflow>
<dataflow id="301" from="StgValue_165" to="specinterface_ln1115" fromId="165" toId="42">
</dataflow>
<dataflow id="302" from="p_str" to="specinterface_ln1115" fromId="196" toId="42">
</dataflow>
<dataflow id="303" from="p_str" to="specinterface_ln1115" fromId="196" toId="42">
</dataflow>
<dataflow id="304" from="_ssdm_op_SpecChannel" to="empty_81" fromId="190" toId="43">
</dataflow>
<dataflow id="306" from="din_c1_str" to="empty_81" fromId="305" toId="43">
</dataflow>
<dataflow id="307" from="StgValue_194" to="empty_81" fromId="194" toId="43">
</dataflow>
<dataflow id="308" from="p_str" to="empty_81" fromId="196" toId="43">
</dataflow>
<dataflow id="309" from="p_str" to="empty_81" fromId="196" toId="43">
</dataflow>
<dataflow id="310" from="StgValue_199" to="empty_81" fromId="199" toId="43">
</dataflow>
<dataflow id="311" from="StgValue_147" to="empty_81" fromId="147" toId="43">
</dataflow>
<dataflow id="312" from="din_c1" to="empty_81" fromId="14" toId="43">
</dataflow>
<dataflow id="313" from="din_c1" to="empty_81" fromId="14" toId="43">
</dataflow>
<dataflow id="314" from="_ssdm_op_SpecInterface" to="specinterface_ln1107" fromId="151" toId="44">
</dataflow>
<dataflow id="315" from="din_c1" to="specinterface_ln1107" fromId="14" toId="44">
</dataflow>
<dataflow id="316" from="ap_fifo_str" to="specinterface_ln1107" fromId="234" toId="44">
</dataflow>
<dataflow id="317" from="StgValue_147" to="specinterface_ln1107" fromId="147" toId="44">
</dataflow>
<dataflow id="318" from="StgValue_147" to="specinterface_ln1107" fromId="147" toId="44">
</dataflow>
<dataflow id="319" from="p_str" to="specinterface_ln1107" fromId="196" toId="44">
</dataflow>
<dataflow id="320" from="StgValue_147" to="specinterface_ln1107" fromId="147" toId="44">
</dataflow>
<dataflow id="321" from="StgValue_147" to="specinterface_ln1107" fromId="147" toId="44">
</dataflow>
<dataflow id="322" from="p_str" to="specinterface_ln1107" fromId="196" toId="44">
</dataflow>
<dataflow id="323" from="p_str" to="specinterface_ln1107" fromId="196" toId="44">
</dataflow>
<dataflow id="324" from="p_str" to="specinterface_ln1107" fromId="196" toId="44">
</dataflow>
<dataflow id="325" from="StgValue_199" to="specinterface_ln1107" fromId="199" toId="44">
</dataflow>
<dataflow id="326" from="StgValue_199" to="specinterface_ln1107" fromId="199" toId="44">
</dataflow>
<dataflow id="327" from="StgValue_165" to="specinterface_ln1107" fromId="165" toId="44">
</dataflow>
<dataflow id="328" from="StgValue_165" to="specinterface_ln1107" fromId="165" toId="44">
</dataflow>
<dataflow id="329" from="p_str" to="specinterface_ln1107" fromId="196" toId="44">
</dataflow>
<dataflow id="330" from="p_str" to="specinterface_ln1107" fromId="196" toId="44">
</dataflow>
<dataflow id="331" from="_ssdm_op_SpecChannel" to="empty_82" fromId="190" toId="45">
</dataflow>
<dataflow id="333" from="rows_c2_str" to="empty_82" fromId="332" toId="45">
</dataflow>
<dataflow id="334" from="StgValue_194" to="empty_82" fromId="194" toId="45">
</dataflow>
<dataflow id="335" from="p_str" to="empty_82" fromId="196" toId="45">
</dataflow>
<dataflow id="336" from="p_str" to="empty_82" fromId="196" toId="45">
</dataflow>
<dataflow id="337" from="StgValue_199" to="empty_82" fromId="199" toId="45">
</dataflow>
<dataflow id="338" from="StgValue_147" to="empty_82" fromId="147" toId="45">
</dataflow>
<dataflow id="339" from="rows_c2" to="empty_82" fromId="13" toId="45">
</dataflow>
<dataflow id="340" from="rows_c2" to="empty_82" fromId="13" toId="45">
</dataflow>
<dataflow id="341" from="_ssdm_op_SpecInterface" to="specinterface_ln1109" fromId="151" toId="46">
</dataflow>
<dataflow id="342" from="rows_c2" to="specinterface_ln1109" fromId="13" toId="46">
</dataflow>
<dataflow id="343" from="ap_fifo_str" to="specinterface_ln1109" fromId="234" toId="46">
</dataflow>
<dataflow id="344" from="StgValue_147" to="specinterface_ln1109" fromId="147" toId="46">
</dataflow>
<dataflow id="345" from="StgValue_147" to="specinterface_ln1109" fromId="147" toId="46">
</dataflow>
<dataflow id="346" from="p_str" to="specinterface_ln1109" fromId="196" toId="46">
</dataflow>
<dataflow id="347" from="StgValue_147" to="specinterface_ln1109" fromId="147" toId="46">
</dataflow>
<dataflow id="348" from="StgValue_147" to="specinterface_ln1109" fromId="147" toId="46">
</dataflow>
<dataflow id="349" from="p_str" to="specinterface_ln1109" fromId="196" toId="46">
</dataflow>
<dataflow id="350" from="p_str" to="specinterface_ln1109" fromId="196" toId="46">
</dataflow>
<dataflow id="351" from="p_str" to="specinterface_ln1109" fromId="196" toId="46">
</dataflow>
<dataflow id="352" from="StgValue_199" to="specinterface_ln1109" fromId="199" toId="46">
</dataflow>
<dataflow id="353" from="StgValue_199" to="specinterface_ln1109" fromId="199" toId="46">
</dataflow>
<dataflow id="354" from="StgValue_165" to="specinterface_ln1109" fromId="165" toId="46">
</dataflow>
<dataflow id="355" from="StgValue_165" to="specinterface_ln1109" fromId="165" toId="46">
</dataflow>
<dataflow id="356" from="p_str" to="specinterface_ln1109" fromId="196" toId="46">
</dataflow>
<dataflow id="357" from="p_str" to="specinterface_ln1109" fromId="196" toId="46">
</dataflow>
<dataflow id="358" from="_ssdm_op_SpecChannel" to="empty_83" fromId="190" toId="47">
</dataflow>
<dataflow id="360" from="cols_c3_str" to="empty_83" fromId="359" toId="47">
</dataflow>
<dataflow id="361" from="StgValue_194" to="empty_83" fromId="194" toId="47">
</dataflow>
<dataflow id="362" from="p_str" to="empty_83" fromId="196" toId="47">
</dataflow>
<dataflow id="363" from="p_str" to="empty_83" fromId="196" toId="47">
</dataflow>
<dataflow id="364" from="StgValue_199" to="empty_83" fromId="199" toId="47">
</dataflow>
<dataflow id="365" from="StgValue_147" to="empty_83" fromId="147" toId="47">
</dataflow>
<dataflow id="366" from="cols_c3" to="empty_83" fromId="12" toId="47">
</dataflow>
<dataflow id="367" from="cols_c3" to="empty_83" fromId="12" toId="47">
</dataflow>
<dataflow id="368" from="_ssdm_op_SpecInterface" to="specinterface_ln1115" fromId="151" toId="48">
</dataflow>
<dataflow id="369" from="cols_c3" to="specinterface_ln1115" fromId="12" toId="48">
</dataflow>
<dataflow id="370" from="ap_fifo_str" to="specinterface_ln1115" fromId="234" toId="48">
</dataflow>
<dataflow id="371" from="StgValue_147" to="specinterface_ln1115" fromId="147" toId="48">
</dataflow>
<dataflow id="372" from="StgValue_147" to="specinterface_ln1115" fromId="147" toId="48">
</dataflow>
<dataflow id="373" from="p_str" to="specinterface_ln1115" fromId="196" toId="48">
</dataflow>
<dataflow id="374" from="StgValue_147" to="specinterface_ln1115" fromId="147" toId="48">
</dataflow>
<dataflow id="375" from="StgValue_147" to="specinterface_ln1115" fromId="147" toId="48">
</dataflow>
<dataflow id="376" from="p_str" to="specinterface_ln1115" fromId="196" toId="48">
</dataflow>
<dataflow id="377" from="p_str" to="specinterface_ln1115" fromId="196" toId="48">
</dataflow>
<dataflow id="378" from="p_str" to="specinterface_ln1115" fromId="196" toId="48">
</dataflow>
<dataflow id="379" from="StgValue_199" to="specinterface_ln1115" fromId="199" toId="48">
</dataflow>
<dataflow id="380" from="StgValue_199" to="specinterface_ln1115" fromId="199" toId="48">
</dataflow>
<dataflow id="381" from="StgValue_165" to="specinterface_ln1115" fromId="165" toId="48">
</dataflow>
<dataflow id="382" from="StgValue_165" to="specinterface_ln1115" fromId="165" toId="48">
</dataflow>
<dataflow id="383" from="p_str" to="specinterface_ln1115" fromId="196" toId="48">
</dataflow>
<dataflow id="384" from="p_str" to="specinterface_ln1115" fromId="196" toId="48">
</dataflow>
<dataflow id="385" from="_ssdm_op_SpecChannel" to="empty_84" fromId="190" toId="49">
</dataflow>
<dataflow id="387" from="last_blk_width_c_str" to="empty_84" fromId="386" toId="49">
</dataflow>
<dataflow id="388" from="StgValue_194" to="empty_84" fromId="194" toId="49">
</dataflow>
<dataflow id="389" from="p_str" to="empty_84" fromId="196" toId="49">
</dataflow>
<dataflow id="390" from="p_str" to="empty_84" fromId="196" toId="49">
</dataflow>
<dataflow id="391" from="StgValue_227" to="empty_84" fromId="227" toId="49">
</dataflow>
<dataflow id="392" from="StgValue_147" to="empty_84" fromId="147" toId="49">
</dataflow>
<dataflow id="393" from="last_blk_width_c" to="empty_84" fromId="18" toId="49">
</dataflow>
<dataflow id="394" from="last_blk_width_c" to="empty_84" fromId="18" toId="49">
</dataflow>
<dataflow id="395" from="_ssdm_op_SpecInterface" to="specinterface_ln1116" fromId="151" toId="50">
</dataflow>
<dataflow id="396" from="last_blk_width_c" to="specinterface_ln1116" fromId="18" toId="50">
</dataflow>
<dataflow id="397" from="ap_fifo_str" to="specinterface_ln1116" fromId="234" toId="50">
</dataflow>
<dataflow id="398" from="StgValue_147" to="specinterface_ln1116" fromId="147" toId="50">
</dataflow>
<dataflow id="399" from="StgValue_147" to="specinterface_ln1116" fromId="147" toId="50">
</dataflow>
<dataflow id="400" from="p_str" to="specinterface_ln1116" fromId="196" toId="50">
</dataflow>
<dataflow id="401" from="StgValue_147" to="specinterface_ln1116" fromId="147" toId="50">
</dataflow>
<dataflow id="402" from="StgValue_147" to="specinterface_ln1116" fromId="147" toId="50">
</dataflow>
<dataflow id="403" from="p_str" to="specinterface_ln1116" fromId="196" toId="50">
</dataflow>
<dataflow id="404" from="p_str" to="specinterface_ln1116" fromId="196" toId="50">
</dataflow>
<dataflow id="405" from="p_str" to="specinterface_ln1116" fromId="196" toId="50">
</dataflow>
<dataflow id="406" from="StgValue_199" to="specinterface_ln1116" fromId="199" toId="50">
</dataflow>
<dataflow id="407" from="StgValue_199" to="specinterface_ln1116" fromId="199" toId="50">
</dataflow>
<dataflow id="408" from="StgValue_165" to="specinterface_ln1116" fromId="165" toId="50">
</dataflow>
<dataflow id="409" from="StgValue_165" to="specinterface_ln1116" fromId="165" toId="50">
</dataflow>
<dataflow id="410" from="p_str" to="specinterface_ln1116" fromId="196" toId="50">
</dataflow>
<dataflow id="411" from="p_str" to="specinterface_ln1116" fromId="196" toId="50">
</dataflow>
<dataflow id="412" from="_ssdm_op_SpecChannel" to="empty_85" fromId="190" toId="51">
</dataflow>
<dataflow id="414" from="rows_c13_str" to="empty_85" fromId="413" toId="51">
</dataflow>
<dataflow id="415" from="StgValue_194" to="empty_85" fromId="194" toId="51">
</dataflow>
<dataflow id="416" from="p_str" to="empty_85" fromId="196" toId="51">
</dataflow>
<dataflow id="417" from="p_str" to="empty_85" fromId="196" toId="51">
</dataflow>
<dataflow id="418" from="StgValue_227" to="empty_85" fromId="227" toId="51">
</dataflow>
<dataflow id="419" from="StgValue_147" to="empty_85" fromId="147" toId="51">
</dataflow>
<dataflow id="420" from="rows_c13" to="empty_85" fromId="17" toId="51">
</dataflow>
<dataflow id="421" from="rows_c13" to="empty_85" fromId="17" toId="51">
</dataflow>
<dataflow id="422" from="_ssdm_op_SpecInterface" to="specinterface_ln1109" fromId="151" toId="52">
</dataflow>
<dataflow id="423" from="rows_c13" to="specinterface_ln1109" fromId="17" toId="52">
</dataflow>
<dataflow id="424" from="ap_fifo_str" to="specinterface_ln1109" fromId="234" toId="52">
</dataflow>
<dataflow id="425" from="StgValue_147" to="specinterface_ln1109" fromId="147" toId="52">
</dataflow>
<dataflow id="426" from="StgValue_147" to="specinterface_ln1109" fromId="147" toId="52">
</dataflow>
<dataflow id="427" from="p_str" to="specinterface_ln1109" fromId="196" toId="52">
</dataflow>
<dataflow id="428" from="StgValue_147" to="specinterface_ln1109" fromId="147" toId="52">
</dataflow>
<dataflow id="429" from="StgValue_147" to="specinterface_ln1109" fromId="147" toId="52">
</dataflow>
<dataflow id="430" from="p_str" to="specinterface_ln1109" fromId="196" toId="52">
</dataflow>
<dataflow id="431" from="p_str" to="specinterface_ln1109" fromId="196" toId="52">
</dataflow>
<dataflow id="432" from="p_str" to="specinterface_ln1109" fromId="196" toId="52">
</dataflow>
<dataflow id="433" from="StgValue_199" to="specinterface_ln1109" fromId="199" toId="52">
</dataflow>
<dataflow id="434" from="StgValue_199" to="specinterface_ln1109" fromId="199" toId="52">
</dataflow>
<dataflow id="435" from="StgValue_165" to="specinterface_ln1109" fromId="165" toId="52">
</dataflow>
<dataflow id="436" from="StgValue_165" to="specinterface_ln1109" fromId="165" toId="52">
</dataflow>
<dataflow id="437" from="p_str" to="specinterface_ln1109" fromId="196" toId="52">
</dataflow>
<dataflow id="438" from="p_str" to="specinterface_ln1109" fromId="196" toId="52">
</dataflow>
<dataflow id="439" from="_ssdm_op_SpecChannel" to="empty_86" fromId="190" toId="53">
</dataflow>
<dataflow id="441" from="cols_c14_str" to="empty_86" fromId="440" toId="53">
</dataflow>
<dataflow id="442" from="StgValue_194" to="empty_86" fromId="194" toId="53">
</dataflow>
<dataflow id="443" from="p_str" to="empty_86" fromId="196" toId="53">
</dataflow>
<dataflow id="444" from="p_str" to="empty_86" fromId="196" toId="53">
</dataflow>
<dataflow id="445" from="StgValue_227" to="empty_86" fromId="227" toId="53">
</dataflow>
<dataflow id="446" from="StgValue_147" to="empty_86" fromId="147" toId="53">
</dataflow>
<dataflow id="447" from="cols_c14" to="empty_86" fromId="16" toId="53">
</dataflow>
<dataflow id="448" from="cols_c14" to="empty_86" fromId="16" toId="53">
</dataflow>
<dataflow id="449" from="_ssdm_op_SpecInterface" to="specinterface_ln1115" fromId="151" toId="54">
</dataflow>
<dataflow id="450" from="cols_c14" to="specinterface_ln1115" fromId="16" toId="54">
</dataflow>
<dataflow id="451" from="ap_fifo_str" to="specinterface_ln1115" fromId="234" toId="54">
</dataflow>
<dataflow id="452" from="StgValue_147" to="specinterface_ln1115" fromId="147" toId="54">
</dataflow>
<dataflow id="453" from="StgValue_147" to="specinterface_ln1115" fromId="147" toId="54">
</dataflow>
<dataflow id="454" from="p_str" to="specinterface_ln1115" fromId="196" toId="54">
</dataflow>
<dataflow id="455" from="StgValue_147" to="specinterface_ln1115" fromId="147" toId="54">
</dataflow>
<dataflow id="456" from="StgValue_147" to="specinterface_ln1115" fromId="147" toId="54">
</dataflow>
<dataflow id="457" from="p_str" to="specinterface_ln1115" fromId="196" toId="54">
</dataflow>
<dataflow id="458" from="p_str" to="specinterface_ln1115" fromId="196" toId="54">
</dataflow>
<dataflow id="459" from="p_str" to="specinterface_ln1115" fromId="196" toId="54">
</dataflow>
<dataflow id="460" from="StgValue_199" to="specinterface_ln1115" fromId="199" toId="54">
</dataflow>
<dataflow id="461" from="StgValue_199" to="specinterface_ln1115" fromId="199" toId="54">
</dataflow>
<dataflow id="462" from="StgValue_165" to="specinterface_ln1115" fromId="165" toId="54">
</dataflow>
<dataflow id="463" from="StgValue_165" to="specinterface_ln1115" fromId="165" toId="54">
</dataflow>
<dataflow id="464" from="p_str" to="specinterface_ln1115" fromId="196" toId="54">
</dataflow>
<dataflow id="465" from="p_str" to="specinterface_ln1115" fromId="196" toId="54">
</dataflow>
<dataflow id="466" from="AxiStream2MatStream" to="call_ln1119" fromId="136" toId="55">
</dataflow>
<dataflow id="467" from="ldata" to="call_ln1119" fromId="22" toId="55">
</dataflow>
<dataflow id="468" from="imgInput_417" to="call_ln1119" fromId="66" toId="55">
</dataflow>
<dataflow id="469" from="rows_c13" to="call_ln1119" fromId="17" toId="55">
</dataflow>
<dataflow id="470" from="cols_c14" to="call_ln1119" fromId="16" toId="55">
</dataflow>
<dataflow id="471" from="last_blk_width_c" to="call_ln1119" fromId="18" toId="55">
</dataflow>
</dataflows>


</stg>
