<profile>

<section name = "Vitis HLS Report for 'Axi2Mat'" level="0">
<item name = "Date">Fri Jan 22 14:16:52 2021
</item>
<item name = "Version">2020.1 (Build 2902540 on Wed May 27 20:16:15 MDT 2020)</item>
<item name = "Project">erosion</item>
<item name = "Solution">solution1 (Vivado IP Flow Target)</item>
<item name = "Product family">virtexuplus</item>
<item name = "Target device">xcvu11p-flga2577-1-e</item>
</section>

<section name = "Performance Estimates" level="0">
<item name = "Timing">
<section name = "" level="1">
<item name = "Summary"><table name="" hasTotal="0">
<keys size="4">Clock, Target, Estimated, Uncertainty</keys>
<column name="ap_clk">10.00 ns, 7.300 ns, 2.70 ns</column>
</table>
</item>
</section>
</item>
<item name = "Latency">
<section name = "" level="1">
<item name = "Summary"><table name="" hasTotal="0">
<keys size="8">, min, max, min, max, min, max, Type</keys>
<column name="">14, 16397, 0.140 us, 0.164 ms, 4, 16395, dataflow</column>
</table>
</item>
<item name = "Detail">
<section name = "" level="1">
<item name = "Instance"><table name="" hasTotal="0">
<keys size="9">Instance, Module, min, max, min, max, min, max, Type</keys>
<column name="grp_AxiStream2MatStream_fu_142">AxiStream2MatStream, 3, 16386, 30.000 ns, 0.164 ms, 3, 16386, none</column>
<column name="grp_Axi2AxiStream_fu_152">Axi2AxiStream, 1, 16394, 10.000 ns, 0.164 ms, 1, 16394, none</column>
<column name="grp_addrbound18_fu_161">addrbound18, 3, 3, 30.000 ns, 30.000 ns, 3, 3, none</column>
<column name="call_ln1115_Axi2Mat_entry3_fu_170">Axi2Mat_entry3, 0, 0, 0 ns, 0 ns, 0, 0, none</column>
<column name="call_ln1107_Axi2Mat_entry25_fu_183">Axi2Mat_entry25, 0, 0, 0 ns, 0 ns, 0, 0, none</column>
<column name="call_ln1116_last_blk_pxl_width17_fu_193">last_blk_pxl_width17, 0, 0, 0 ns, 0 ns, 0, 0, none</column>
<column name="axibound_V_Axi2Mat_Block_split15_proc_fu_198">Axi2Mat_Block_split15_proc, 0, 0, 0 ns, 0 ns, 0, 0, none</column>
</table>
</item>
<item name = "Loop"><table name="" hasTotal="0">
<keys size="8">Loop Name, min, max, Latency, achieved, target, Count, Pipelined</keys>
</table>
</item>
</section>
</item>
</section>
</item>
</section>
</profile>
