<profile>

<section name = "Vitis HLS Report for 'AxiStream2Axi'" level="0">
<item name = "Date">Fri Jan 22 14:17:06 2021
</item>
<item name = "Version">2020.1 (Build 2902540 on Wed May 27 20:16:15 MDT 2020)</item>
<item name = "Project">erosion</item>
<item name = "Solution">solution1 (Vivado IP Flow Target)</item>
<item name = "Product family">virtexuplus</item>
<item name = "Target device">xcvu11p-flga2577-1-e</item>
</section>

<section name = "Performance Estimates" level="0">
<item name = "Timing">
<section name = "" level="1">
<item name = "Summary"><table name="" hasTotal="0">
<keys size="4">Clock, Target, Estimated, Uncertainty</keys>
<column name="ap_clk">10.00 ns, 7.300 ns, 2.70 ns</column>
</table>
</item>
</section>
</item>
<item name = "Latency">
<section name = "" level="1">
<item name = "Summary"><table name="" hasTotal="0">
<keys size="8">, min, max, min, max, min, max, Type</keys>
<column name="">1, 16392, 10.000 ns, 0.164 ms, 1, 16392, none</column>
</table>
</item>
<item name = "Detail">
<section name = "" level="1">
<item name = "Instance"><table name="" hasTotal="0">
<keys size="9">Instance, Module, min, max, min, max, min, max, Type</keys>
</table>
</item>
<item name = "Loop"><table name="" hasTotal="0">
<keys size="8">Loop Name, min, max, Latency, achieved, target, Count, Pipelined</keys>
<column name="- MMIterOutLoop2">2, 16385, 3, 1, 1, 1 ~ 16384, yes</column>
</table>
</item>
</section>
</item>
</section>
</item>
</section>

<section name = "Utilization Estimates" level="0">
<item name = "Summary"><table name="" hasTotal="1">
<keys size="6">Name, BRAM_18K, DSP, FF, LUT, URAM</keys>
<column name="DSP">-, -, -, -, -</column>
<column name="Expression">-, -, 0, 64, -</column>
<column name="FIFO">-, -, -, -, -</column>
<column name="Instance">-, -, -, -, -</column>
<column name="Memory">-, -, -, -, -</column>
<column name="Multiplexer">-, -, -, 125, -</column>
<column name="Register">-, -, 102, -, -</column>
<specialColumn name="Available SLR">1344, 3072, 864000, 432000, 320</specialColumn>
<specialColumn name="Utilization SLR (%)">0, 0, ~0, ~0, 0</specialColumn>
<specialColumn name="Available">4032, 9216, 2592000, 1296000, 960</specialColumn>
<specialColumn name="Utilization (%)">0, 0, ~0, ~0, 0</specialColumn>
</table>
</item>
<item name = "Detail">
<section name = "" level="1">
<item name = "Instance"><table name="" hasTotal="1">
<keys size="7">Instance, Module, BRAM_18K, DSP, FF, LUT, URAM</keys>
</table>
</item>
<item name = "DSP"><table name="" hasTotal="0">
<keys size="3">Instance, Module, Expression</keys>
</table>
</item>
<item name = "Memory"><table name="" hasTotal="1">
<keys size="10">Memory, Module, BRAM_18K, FF, LUT, URAM, Words, Bits, Banks, W*Bits*Banks</keys>
</table>
</item>
<item name = "FIFO"><table name="" hasTotal="1">
<keys size="8">Name, BRAM_18K, FF, LUT, URAM, Depth, Bits, Size:D*B</keys>
</table>
</item>
<item name = "Expression"><table name="" hasTotal="1">
<keys size="7">Variable Name, Operation, DSP, FF, LUT, Bitwidth P0, Bitwidth P1</keys>
<column name="add_ln695_fu_131_p2">+, 0, 0, 22, 15, 1</column>
<column name="ap_block_pp0_stage0_01001">and, 0, 0, 2, 1, 1</column>
<column name="ap_block_state10">and, 0, 0, 2, 1, 1</column>
<column name="ap_block_state4_pp0_stage0_iter1">and, 0, 0, 2, 1, 1</column>
<column name="ap_block_state5_io">and, 0, 0, 2, 1, 1</column>
<column name="icmp_ln1305_fu_126_p2">icmp, 0, 0, 13, 15, 15</column>
<column name="icmp_ln882_fu_110_p2">icmp, 0, 0, 13, 15, 1</column>
<column name="ap_block_pp0_stage0_11001">or, 0, 0, 2, 1, 1</column>
<column name="ap_block_state1">or, 0, 0, 2, 1, 1</column>
<column name="ap_enable_pp0">xor, 0, 0, 2, 1, 2</column>
<column name="ap_enable_reg_pp0_iter1">xor, 0, 0, 2, 2, 1</column>
</table>
</item>
<item name = "Multiplexer"><table name="" hasTotal="1">
<keys size="5">Name, LUT, Input Size, Bits, Total Bits</keys>
<column name="ap_NS_fsm">44, 9, 1, 9</column>
<column name="ap_done">9, 2, 1, 2</column>
<column name="ap_enable_reg_pp0_iter1">9, 2, 1, 2</column>
<column name="ap_enable_reg_pp0_iter2">9, 2, 1, 2</column>
<column name="dout_blk_n">9, 2, 1, 2</column>
<column name="empty_76_reg_99">9, 2, 15, 30</column>
<column name="gmem2_blk_n_AW">9, 2, 1, 2</column>
<column name="gmem2_blk_n_B">9, 2, 1, 2</column>
<column name="gmem2_blk_n_W">9, 2, 1, 2</column>
<column name="ldata1_blk_n">9, 2, 1, 2</column>
</table>
</item>
<item name = "Register"><table name="" hasTotal="1">
<keys size="5">Name, FF, LUT, Bits, Const Bits</keys>
<column name="ap_CS_fsm">8, 0, 8, 0</column>
<column name="ap_done_reg">1, 0, 1, 0</column>
<column name="ap_enable_reg_pp0_iter0">1, 0, 1, 0</column>
<column name="ap_enable_reg_pp0_iter1">1, 0, 1, 0</column>
<column name="ap_enable_reg_pp0_iter2">1, 0, 1, 0</column>
<column name="empty_76_reg_99">15, 0, 15, 0</column>
<column name="gmem2_addr_reg_147">64, 0, 64, 0</column>
<column name="icmp_ln1305_reg_153">1, 0, 1, 0</column>
<column name="icmp_ln1305_reg_153_pp0_iter1_reg">1, 0, 1, 0</column>
<column name="icmp_ln882_reg_143">1, 0, 1, 0</column>
<column name="ldata1_read_reg_162">8, 0, 8, 0</column>
</table>
</item>
</section>
</item>
</section>

<section name = "Interface" level="0">
<item name = "Summary"><table name="" hasTotal="0">
<keys size="6">RTL Ports, Dir, Bits, Protocol, Source Object, C Type</keys>
<column name="ap_clk">in, 1, ap_ctrl_hs, AxiStream2Axi, return value</column>
<column name="ap_rst">in, 1, ap_ctrl_hs, AxiStream2Axi, return value</column>
<column name="ap_start">in, 1, ap_ctrl_hs, AxiStream2Axi, return value</column>
<column name="ap_done">out, 1, ap_ctrl_hs, AxiStream2Axi, return value</column>
<column name="ap_continue">in, 1, ap_ctrl_hs, AxiStream2Axi, return value</column>
<column name="ap_idle">out, 1, ap_ctrl_hs, AxiStream2Axi, return value</column>
<column name="ap_ready">out, 1, ap_ctrl_hs, AxiStream2Axi, return value</column>
<column name="ldata1_dout">in, 8, ap_fifo, ldata1, pointer</column>
<column name="ldata1_empty_n">in, 1, ap_fifo, ldata1, pointer</column>
<column name="ldata1_read">out, 1, ap_fifo, ldata1, pointer</column>
<column name="m_axi_gmem2_AWVALID">out, 1, m_axi, gmem2, pointer</column>
<column name="m_axi_gmem2_AWREADY">in, 1, m_axi, gmem2, pointer</column>
<column name="m_axi_gmem2_AWADDR">out, 64, m_axi, gmem2, pointer</column>
<column name="m_axi_gmem2_AWID">out, 1, m_axi, gmem2, pointer</column>
<column name="m_axi_gmem2_AWLEN">out, 32, m_axi, gmem2, pointer</column>
<column name="m_axi_gmem2_AWSIZE">out, 3, m_axi, gmem2, pointer</column>
<column name="m_axi_gmem2_AWBURST">out, 2, m_axi, gmem2, pointer</column>
<column name="m_axi_gmem2_AWLOCK">out, 2, m_axi, gmem2, pointer</column>
<column name="m_axi_gmem2_AWCACHE">out, 4, m_axi, gmem2, pointer</column>
<column name="m_axi_gmem2_AWPROT">out, 3, m_axi, gmem2, pointer</column>
<column name="m_axi_gmem2_AWQOS">out, 4, m_axi, gmem2, pointer</column>
<column name="m_axi_gmem2_AWREGION">out, 4, m_axi, gmem2, pointer</column>
<column name="m_axi_gmem2_AWUSER">out, 1, m_axi, gmem2, pointer</column>
<column name="m_axi_gmem2_WVALID">out, 1, m_axi, gmem2, pointer</column>
<column name="m_axi_gmem2_WREADY">in, 1, m_axi, gmem2, pointer</column>
<column name="m_axi_gmem2_WDATA">out, 8, m_axi, gmem2, pointer</column>
<column name="m_axi_gmem2_WSTRB">out, 1, m_axi, gmem2, pointer</column>
<column name="m_axi_gmem2_WLAST">out, 1, m_axi, gmem2, pointer</column>
<column name="m_axi_gmem2_WID">out, 1, m_axi, gmem2, pointer</column>
<column name="m_axi_gmem2_WUSER">out, 1, m_axi, gmem2, pointer</column>
<column name="m_axi_gmem2_ARVALID">out, 1, m_axi, gmem2, pointer</column>
<column name="m_axi_gmem2_ARREADY">in, 1, m_axi, gmem2, pointer</column>
<column name="m_axi_gmem2_ARADDR">out, 64, m_axi, gmem2, pointer</column>
<column name="m_axi_gmem2_ARID">out, 1, m_axi, gmem2, pointer</column>
<column name="m_axi_gmem2_ARLEN">out, 32, m_axi, gmem2, pointer</column>
<column name="m_axi_gmem2_ARSIZE">out, 3, m_axi, gmem2, pointer</column>
<column name="m_axi_gmem2_ARBURST">out, 2, m_axi, gmem2, pointer</column>
<column name="m_axi_gmem2_ARLOCK">out, 2, m_axi, gmem2, pointer</column>
<column name="m_axi_gmem2_ARCACHE">out, 4, m_axi, gmem2, pointer</column>
<column name="m_axi_gmem2_ARPROT">out, 3, m_axi, gmem2, pointer</column>
<column name="m_axi_gmem2_ARQOS">out, 4, m_axi, gmem2, pointer</column>
<column name="m_axi_gmem2_ARREGION">out, 4, m_axi, gmem2, pointer</column>
<column name="m_axi_gmem2_ARUSER">out, 1, m_axi, gmem2, pointer</column>
<column name="m_axi_gmem2_RVALID">in, 1, m_axi, gmem2, pointer</column>
<column name="m_axi_gmem2_RREADY">out, 1, m_axi, gmem2, pointer</column>
<column name="m_axi_gmem2_RDATA">in, 8, m_axi, gmem2, pointer</column>
<column name="m_axi_gmem2_RLAST">in, 1, m_axi, gmem2, pointer</column>
<column name="m_axi_gmem2_RID">in, 1, m_axi, gmem2, pointer</column>
<column name="m_axi_gmem2_RUSER">in, 1, m_axi, gmem2, pointer</column>
<column name="m_axi_gmem2_RRESP">in, 2, m_axi, gmem2, pointer</column>
<column name="m_axi_gmem2_BVALID">in, 1, m_axi, gmem2, pointer</column>
<column name="m_axi_gmem2_BREADY">out, 1, m_axi, gmem2, pointer</column>
<column name="m_axi_gmem2_BRESP">in, 2, m_axi, gmem2, pointer</column>
<column name="m_axi_gmem2_BID">in, 1, m_axi, gmem2, pointer</column>
<column name="m_axi_gmem2_BUSER">in, 1, m_axi, gmem2, pointer</column>
<column name="dout_dout">in, 64, ap_fifo, dout, pointer</column>
<column name="dout_empty_n">in, 1, ap_fifo, dout, pointer</column>
<column name="dout_read">out, 1, ap_fifo, dout, pointer</column>
<column name="addrbound_V_read">in, 15, ap_none, addrbound_V_read, scalar</column>
</table>
</item>
</section>
</profile>
