<stg><name>AxiStream2MatStream</name>


<trans_list>

<trans id="132" from="1" to="2">
<condition id="-1">
<or_exp><and_exp></and_exp></or_exp>
</condition>
</trans>

<trans id="142" from="2" to="4">
<condition id="-1">
<or_exp><and_exp><literal name="icmp_ln1038" val="0"/>
</and_exp></or_exp>
</condition>
</trans>

<trans id="143" from="2" to="3">
<condition id="-1">
<or_exp><and_exp><literal name="icmp_ln1038" val="1"/>
</and_exp></or_exp>
</condition>
</trans>

<trans id="141" from="3" to="2">
<condition id="-1">
<or_exp><and_exp></and_exp></or_exp>
</condition>
</trans>
</trans_list>



<state_list>

<state id="1" st_id="1">

<operation id="5" st_id="1" stage="1" lat="1">
<core>NULL</core>
<MemPortIdVec></MemPortIdVec>
<condition id="-1">
<or_exp><and_exp></and_exp></or_exp>
</condition>

<Node id="6" bw="32" op_0_bw="32">
<![CDATA[
entry:0 %rem = alloca i32

]]></Node>
<StgValue><ssdm name="rem"/></StgValue>
</operation>

<operation id="6" st_id="1" stage="1" lat="1">
<core>NULL</core>
<MemPortIdVec></MemPortIdVec>
<condition id="-1">
<or_exp><and_exp></and_exp></or_exp>
</condition>

<Node id="7" bw="8" op_0_bw="32">
<![CDATA[
entry:1 %p_Val2_s = alloca i32

]]></Node>
<StgValue><ssdm name="p_Val2_s"/></StgValue>
</operation>

<operation id="7" st_id="1" stage="1" lat="1">
<core>NULL</core>
<MemPortIdVec></MemPortIdVec>
<condition id="-1">
<or_exp><and_exp></and_exp></or_exp>
</condition>

<Node id="8" bw="0" op_0_bw="0" op_1_bw="8" op_2_bw="0" op_3_bw="32" op_4_bw="32" op_5_bw="0" op_6_bw="32" op_7_bw="32" op_8_bw="0" op_9_bw="0" op_10_bw="0" op_11_bw="32" op_12_bw="32" op_13_bw="32" op_14_bw="32" op_15_bw="0" op_16_bw="0">
<![CDATA[
entry:2 %specinterface_ln0 = specinterface void @_ssdm_op_SpecInterface, i8 %ldata1, void @empty_0, i32, i32, void @empty_21, i32, i32, void @empty_21, void @empty_21, void @empty_21, i32, i32, i32, i32, void @empty_21, void @empty_21

]]></Node>
<StgValue><ssdm name="specinterface_ln0"/></StgValue>
</operation>

<operation id="8" st_id="1" stage="1" lat="1">
<core>NULL</core>
<MemPortIdVec></MemPortIdVec>
<condition id="-1">
<or_exp><and_exp></and_exp></or_exp>
</condition>

<Node id="9" bw="0" op_0_bw="0" op_1_bw="8" op_2_bw="0" op_3_bw="32" op_4_bw="32" op_5_bw="0" op_6_bw="32" op_7_bw="32" op_8_bw="0" op_9_bw="0" op_10_bw="0" op_11_bw="32" op_12_bw="32" op_13_bw="32" op_14_bw="32" op_15_bw="0" op_16_bw="0">
<![CDATA[
entry:3 %specinterface_ln0 = specinterface void @_ssdm_op_SpecInterface, i8 %imgInput_417, void @empty_0, i32, i32, void @empty_21, i32, i32, void @empty_21, void @empty_21, void @empty_21, i32, i32, i32, i32, void @empty_21, void @empty_21

]]></Node>
<StgValue><ssdm name="specinterface_ln0"/></StgValue>
</operation>

<operation id="9" st_id="1" stage="1" lat="1">
<core>NULL</core>
<MemPortIdVec></MemPortIdVec>
<condition id="-1">
<or_exp><and_exp></and_exp></or_exp>
</condition>

<Node id="10" bw="0" op_0_bw="0" op_1_bw="4" op_2_bw="0" op_3_bw="32" op_4_bw="32" op_5_bw="0" op_6_bw="32" op_7_bw="32" op_8_bw="0" op_9_bw="0" op_10_bw="0" op_11_bw="32" op_12_bw="32" op_13_bw="32" op_14_bw="32" op_15_bw="0" op_16_bw="0">
<![CDATA[
entry:4 %specinterface_ln0 = specinterface void @_ssdm_op_SpecInterface, i4 %last_blk_width, void @ap_fifo_str, i32, i32, void @p_str, i32, i32, void @p_str, void @p_str, void @p_str, i32, i32, i32, i32, void @p_str, void @ScalarProp_str

]]></Node>
<StgValue><ssdm name="specinterface_ln0"/></StgValue>
</operation>

<operation id="10" st_id="1" stage="1" lat="1">
<core>NULL</core>
<MemPortIdVec></MemPortIdVec>
<condition id="-1">
<or_exp><and_exp></and_exp></or_exp>
</condition>

<Node id="11" bw="0" op_0_bw="0" op_1_bw="32" op_2_bw="0" op_3_bw="32" op_4_bw="32" op_5_bw="0" op_6_bw="32" op_7_bw="32" op_8_bw="0" op_9_bw="0" op_10_bw="0" op_11_bw="32" op_12_bw="32" op_13_bw="32" op_14_bw="32" op_15_bw="0" op_16_bw="0">
<![CDATA[
entry:5 %specinterface_ln0 = specinterface void @_ssdm_op_SpecInterface, i32 %cols_bound_per_npc, void @ap_fifo_str, i32, i32, void @p_str, i32, i32, void @p_str, void @p_str, void @p_str, i32, i32, i32, i32, void @p_str, void @ScalarProp_str

]]></Node>
<StgValue><ssdm name="specinterface_ln0"/></StgValue>
</operation>

<operation id="11" st_id="1" stage="1" lat="1">
<core>NULL</core>
<MemPortIdVec></MemPortIdVec>
<condition id="-1">
<or_exp><and_exp></and_exp></or_exp>
</condition>

<Node id="12" bw="0" op_0_bw="0" op_1_bw="32" op_2_bw="0" op_3_bw="32" op_4_bw="32" op_5_bw="0" op_6_bw="32" op_7_bw="32" op_8_bw="0" op_9_bw="0" op_10_bw="0" op_11_bw="32" op_12_bw="32" op_13_bw="32" op_14_bw="32" op_15_bw="0" op_16_bw="0">
<![CDATA[
entry:6 %specinterface_ln0 = specinterface void @_ssdm_op_SpecInterface, i32 %rows, void @ap_fifo_str, i32, i32, void @p_str, i32, i32, void @p_str, void @p_str, void @p_str, i32, i32, i32, i32, void @p_str, void @ScalarProp_str

]]></Node>
<StgValue><ssdm name="specinterface_ln0"/></StgValue>
</operation>

<operation id="12" st_id="1" stage="1" lat="1">
<core>FIFO_SRL</core>
<MemPortIdVec></MemPortIdVec>
<condition id="-1">
<or_exp><and_exp></and_exp></or_exp>
</condition>

<Node id="13" bw="32" op_0_bw="32" op_1_bw="32">
<![CDATA[
entry:7 %rows_2 = read i32 @_ssdm_op_Read.ap_fifo.i32P, i32 %rows

]]></Node>
<StgValue><ssdm name="rows_2"/></StgValue>
</operation>

<operation id="13" st_id="1" stage="1" lat="1">
<core>FIFO_SRL</core>
<MemPortIdVec></MemPortIdVec>
<condition id="-1">
<or_exp><and_exp></and_exp></or_exp>
</condition>

<Node id="14" bw="32" op_0_bw="32" op_1_bw="32">
<![CDATA[
entry:8 %cols_bound_per_npc_2 = read i32 @_ssdm_op_Read.ap_fifo.i32P, i32 %cols_bound_per_npc

]]></Node>
<StgValue><ssdm name="cols_bound_per_npc_2"/></StgValue>
</operation>

<operation id="14" st_id="1" stage="1" lat="1">
<core>FIFO_SRL</core>
<MemPortIdVec></MemPortIdVec>
<condition id="-1">
<or_exp><and_exp></and_exp></or_exp>
</condition>

<Node id="15" bw="4" op_0_bw="4" op_1_bw="4">
<![CDATA[
entry:9 %last_blk_width_1 = read i4 @_ssdm_op_Read.ap_fifo.i4P, i4 %last_blk_width

]]></Node>
<StgValue><ssdm name="last_blk_width_1"/></StgValue>
</operation>

<operation id="15" st_id="1" stage="1" lat="1">
<core>NULL</core>
<MemPortIdVec></MemPortIdVec>
<condition id="-1">
<or_exp><and_exp></and_exp></or_exp>
</condition>

<Node id="16" bw="5" op_0_bw="4">
<![CDATA[
entry:10 %last_blk_width_cast_i = zext i4 %last_blk_width_1

]]></Node>
<StgValue><ssdm name="last_blk_width_cast_i"/></StgValue>
</operation>

<operation id="16" st_id="1" stage="1" lat="1">
<core>NULL</core>
<MemPortIdVec></MemPortIdVec>
<condition id="-1">
<or_exp><and_exp></and_exp></or_exp>
</condition>

<Node id="17" bw="0" op_0_bw="0" op_1_bw="8" op_2_bw="0" op_3_bw="32" op_4_bw="32" op_5_bw="0" op_6_bw="32" op_7_bw="32" op_8_bw="0" op_9_bw="0" op_10_bw="0" op_11_bw="32" op_12_bw="32" op_13_bw="32" op_14_bw="32" op_15_bw="0" op_16_bw="0">
<![CDATA[
entry:11 %specinterface_ln0 = specinterface void @_ssdm_op_SpecInterface, i8 %ldata1, void @empty_0, i32, i32, void @empty_21, i32, i32, void @empty_21, void @empty_21, void @empty_21, i32, i32, i32, i32, void @empty_21, void @empty_21

]]></Node>
<StgValue><ssdm name="specinterface_ln0"/></StgValue>
</operation>

<operation id="17" st_id="1" stage="1" lat="1">
<core>NULL</core>
<MemPortIdVec></MemPortIdVec>
<condition id="-1">
<or_exp><and_exp></and_exp></or_exp>
</condition>

<Node id="18" bw="0" op_0_bw="0" op_1_bw="8" op_2_bw="0" op_3_bw="32" op_4_bw="32" op_5_bw="0" op_6_bw="32" op_7_bw="32" op_8_bw="0" op_9_bw="0" op_10_bw="0" op_11_bw="32" op_12_bw="32" op_13_bw="32" op_14_bw="32" op_15_bw="0" op_16_bw="0">
<![CDATA[
entry:12 %specinterface_ln0 = specinterface void @_ssdm_op_SpecInterface, i8 %imgInput_417, void @empty_0, i32, i32, void @empty_21, i32, i32, void @empty_21, void @empty_21, void @empty_21, i32, i32, i32, i32, void @empty_21, void @empty_21

]]></Node>
<StgValue><ssdm name="specinterface_ln0"/></StgValue>
</operation>

<operation id="18" st_id="1" stage="1" lat="1">
<core>Multiplier</core>
<MemPortIdVec></MemPortIdVec>
<condition id="-1">
<or_exp><and_exp></and_exp></or_exp>
</condition>

<Node id="19" bw="32" op_0_bw="32" op_1_bw="32">
<![CDATA[
entry:13 %bound = mul i32 %cols_bound_per_npc_2, i32 %rows_2

]]></Node>
<StgValue><ssdm name="bound"/></StgValue>
</operation>

<operation id="19" st_id="1" stage="1" lat="1">
<core>Adder</core>
<MemPortIdVec></MemPortIdVec>
<condition id="-1">
<or_exp><and_exp></and_exp></or_exp>
</condition>

<Node id="20" bw="32" op_0_bw="32" op_1_bw="32">
<![CDATA[
entry:14 %sub_i = add i32 %cols_bound_per_npc_2, i32

]]></Node>
<StgValue><ssdm name="sub_i"/></StgValue>
</operation>

<operation id="20" st_id="1" stage="1" lat="1">
<core>Adder</core>
<MemPortIdVec></MemPortIdVec>
<condition id="-1">
<or_exp><and_exp></and_exp></or_exp>
</condition>

<Node id="21" bw="5" op_0_bw="5" op_1_bw="5">
<![CDATA[
entry:15 %sub2_i = sub i5, i5 %last_blk_width_cast_i

]]></Node>
<StgValue><ssdm name="sub2_i"/></StgValue>
</operation>

<operation id="21" st_id="1" stage="1" lat="1">
<core>Adder</core>
<MemPortIdVec></MemPortIdVec>
<condition id="-1">
<or_exp><and_exp></and_exp></or_exp>
</condition>

<Node id="22" bw="5" op_0_bw="5" op_1_bw="5">
<![CDATA[
entry:16 %add_ln1057 = add i5 %last_blk_width_cast_i, i5

]]></Node>
<StgValue><ssdm name="add_ln1057"/></StgValue>
</operation>

<operation id="22" st_id="1" stage="1" lat="1">
<core>NULL</core>
<MemPortIdVec></MemPortIdVec>
<condition id="-1">
<or_exp><and_exp></and_exp></or_exp>
</condition>

<Node id="23" bw="0" op_0_bw="8" op_1_bw="8">
<![CDATA[
entry:17 %store_ln1038 = store i8, i8 %p_Val2_s

]]></Node>
<StgValue><ssdm name="store_ln1038"/></StgValue>
</operation>

<operation id="23" st_id="1" stage="1" lat="1">
<core>NULL</core>
<MemPortIdVec></MemPortIdVec>
<condition id="-1">
<or_exp><and_exp></and_exp></or_exp>
</condition>

<Node id="24" bw="0" op_0_bw="32" op_1_bw="32">
<![CDATA[
entry:18 %store_ln1038 = store i32, i32 %rem

]]></Node>
<StgValue><ssdm name="store_ln1038"/></StgValue>
</operation>

<operation id="24" st_id="1" stage="1" lat="1">
<core>NULL</core>
<MemPortIdVec></MemPortIdVec>
<condition id="-1">
<or_exp><and_exp></and_exp></or_exp>
</condition>

<Node id="25" bw="0" op_0_bw="0">
<![CDATA[
entry:19 %br_ln1038 = br void

]]></Node>
<StgValue><ssdm name="br_ln1038"/></StgValue>
</operation>
</state>

<state id="2" st_id="2">

<operation id="25" st_id="2" stage="1" lat="1">
<core>NULL</core>
<MemPortIdVec></MemPortIdVec>
<condition id="-1">
<or_exp><and_exp></and_exp></or_exp>
</condition>

<Node id="27" bw="32" op_0_bw="32" op_1_bw="0" op_2_bw="32" op_3_bw="0">
<![CDATA[
:0 %j = phi i32, void %entry, i32 %j_2, void

]]></Node>
<StgValue><ssdm name="j"/></StgValue>
</operation>

<operation id="26" st_id="2" stage="1" lat="1">
<core>NULL</core>
<MemPortIdVec></MemPortIdVec>
<condition id="-1">
<or_exp><and_exp></and_exp></or_exp>
</condition>

<Node id="28" bw="31" op_0_bw="31" op_1_bw="0" op_2_bw="31" op_3_bw="0">
<![CDATA[
:1 %i = phi i31, void %entry, i31 %add_ln1038, void

]]></Node>
<StgValue><ssdm name="i"/></StgValue>
</operation>

<operation id="27" st_id="2" stage="1" lat="1">
<core>NULL</core>
<MemPortIdVec></MemPortIdVec>
<condition id="-1">
<or_exp><and_exp></and_exp></or_exp>
</condition>

<Node id="29" bw="32" op_0_bw="31">
<![CDATA[
:2 %zext_ln1027 = zext i31 %i

]]></Node>
<StgValue><ssdm name="zext_ln1027"/></StgValue>
</operation>

<operation id="28" st_id="2" stage="1" lat="1">
<core>Cmp</core>
<MemPortIdVec></MemPortIdVec>
<condition id="-1">
<or_exp><and_exp></and_exp></or_exp>
</condition>

<Node id="30" bw="1" op_0_bw="32" op_1_bw="32">
<![CDATA[
:3 %icmp_ln1038 = icmp_slt  i32 %zext_ln1027, i32 %bound

]]></Node>
<StgValue><ssdm name="icmp_ln1038"/></StgValue>
</operation>

<operation id="29" st_id="2" stage="1" lat="1">
<core>Adder</core>
<MemPortIdVec></MemPortIdVec>
<condition id="-1">
<or_exp><and_exp></and_exp></or_exp>
</condition>

<Node id="31" bw="31" op_0_bw="31" op_1_bw="31">
<![CDATA[
:4 %add_ln1038 = add i31 %i, i31

]]></Node>
<StgValue><ssdm name="add_ln1038"/></StgValue>
</operation>

<operation id="30" st_id="2" stage="1" lat="1">
<core>NULL</core>
<MemPortIdVec></MemPortIdVec>
<condition id="-1">
<or_exp><and_exp></and_exp></or_exp>
</condition>

<Node id="32" bw="0" op_0_bw="1" op_1_bw="0" op_2_bw="0">
<![CDATA[
:5 %br_ln1038 = br i1 %icmp_ln1038, void %.exit, void %.split.i

]]></Node>
<StgValue><ssdm name="br_ln1038"/></StgValue>
</operation>

<operation id="31" st_id="2" stage="1" lat="1">
<core>NULL</core>
<MemPortIdVec></MemPortIdVec>
<condition id="-1">
<or_exp><and_exp><literal name="icmp_ln1038" val="1"/>
</and_exp></or_exp>
</condition>

<Node id="34" bw="32" op_0_bw="32" op_1_bw="0">
<![CDATA[
.split.i:0 %rem_load = load i32 %rem, void %store_ln1038

]]></Node>
<StgValue><ssdm name="rem_load"/></StgValue>
</operation>

<operation id="32" st_id="2" stage="1" lat="1">
<core>Cmp</core>
<MemPortIdVec></MemPortIdVec>
<condition id="-1">
<or_exp><and_exp><literal name="icmp_ln1038" val="1"/>
</and_exp></or_exp>
</condition>

<Node id="38" bw="1" op_0_bw="32" op_1_bw="32">
<![CDATA[
.split.i:4 %bLast = icmp_eq  i32 %j, i32 %sub_i

]]></Node>
<StgValue><ssdm name="bLast"/></StgValue>
</operation>

<operation id="33" st_id="2" stage="1" lat="1">
<core>Sel</core>
<MemPortIdVec></MemPortIdVec>
<condition id="-1">
<or_exp><and_exp><literal name="icmp_ln1038" val="1"/>
</and_exp></or_exp>
</condition>

<Node id="39" bw="4" op_0_bw="1" op_1_bw="4" op_2_bw="4">
<![CDATA[
.split.i:5 %xf_bits_per_clock = select i1 %bLast, i4 %last_blk_width_1, i4

]]></Node>
<StgValue><ssdm name="xf_bits_per_clock"/></StgValue>
</operation>

<operation id="34" st_id="2" stage="1" lat="1">
<core>NULL</core>
<MemPortIdVec></MemPortIdVec>
<condition id="-1">
<or_exp><and_exp><literal name="icmp_ln1038" val="1"/>
</and_exp></or_exp>
</condition>

<Node id="40" bw="32" op_0_bw="4">
<![CDATA[
.split.i:6 %zext_ln1044 = zext i4 %xf_bits_per_clock

]]></Node>
<StgValue><ssdm name="zext_ln1044"/></StgValue>
</operation>

<operation id="35" st_id="2" stage="1" lat="1">
<core>NULL</core>
<MemPortIdVec></MemPortIdVec>
<condition id="-1">
<or_exp><and_exp><literal name="icmp_ln1038" val="1"/>
</and_exp></or_exp>
</condition>

<Node id="41" bw="5" op_0_bw="4">
<![CDATA[
.split.i:7 %zext_ln1044_1 = zext i4 %xf_bits_per_clock

]]></Node>
<StgValue><ssdm name="zext_ln1044_1"/></StgValue>
</operation>

<operation id="36" st_id="2" stage="1" lat="1">
<core>Sel</core>
<MemPortIdVec></MemPortIdVec>
<condition id="-1">
<or_exp><and_exp><literal name="icmp_ln1038" val="1"/>
</and_exp></or_exp>
</condition>

<Node id="42" bw="5" op_0_bw="1" op_1_bw="5" op_2_bw="5">
<![CDATA[
.split.i:8 %ptr_width_minus = select i1 %bLast, i5 %sub2_i, i5

]]></Node>
<StgValue><ssdm name="ptr_width_minus"/></StgValue>
</operation>

<operation id="37" st_id="2" stage="1" lat="1">
<core>NULL</core>
<MemPortIdVec></MemPortIdVec>
<condition id="-1">
<or_exp><and_exp><literal name="icmp_ln1038" val="1"/>
</and_exp></or_exp>
</condition>

<Node id="43" bw="32" op_0_bw="5">
<![CDATA[
.split.i:9 %sext_ln1045 = sext i5 %ptr_width_minus

]]></Node>
<StgValue><ssdm name="sext_ln1045"/></StgValue>
</operation>

<operation id="38" st_id="2" stage="1" lat="1">
<core>Cmp</core>
<MemPortIdVec></MemPortIdVec>
<condition id="-1">
<or_exp><and_exp><literal name="icmp_ln1038" val="1"/>
</and_exp></or_exp>
</condition>

<Node id="44" bw="1" op_0_bw="32" op_1_bw="32">
<![CDATA[
.split.i:10 %icmp_ln1049 = icmp_slt  i32 %rem_load, i32 %zext_ln1044

]]></Node>
<StgValue><ssdm name="icmp_ln1049"/></StgValue>
</operation>

<operation id="39" st_id="2" stage="1" lat="1">
<core>NULL</core>
<MemPortIdVec></MemPortIdVec>
<condition id="-1">
<or_exp><and_exp><literal name="icmp_ln1038" val="1"/>
</and_exp></or_exp>
</condition>

<Node id="46" bw="0" op_0_bw="1" op_1_bw="0" op_2_bw="0">
<![CDATA[
.split.i:12 %br_ln1049 = br i1 %icmp_ln1049, void, void %_ifconv

]]></Node>
<StgValue><ssdm name="br_ln1049"/></StgValue>
</operation>

<operation id="40" st_id="2" stage="1" lat="1">
<core>Sel</core>
<MemPortIdVec></MemPortIdVec>
<condition id="-1">
<or_exp><and_exp><literal name="icmp_ln1038" val="1"/>
<literal name="icmp_ln1049" val="0"/>
</and_exp></or_exp>
</condition>

<Node id="48" bw="5" op_0_bw="1" op_1_bw="5" op_2_bw="5">
<![CDATA[
:0 %select_ln1057 = select i1 %bLast, i5 %add_ln1057, i5

]]></Node>
<StgValue><ssdm name="select_ln1057"/></StgValue>
</operation>

<operation id="41" st_id="2" stage="1" lat="1">
<core>NULL</core>
<MemPortIdVec></MemPortIdVec>
<condition id="-1">
<or_exp><and_exp><literal name="icmp_ln1038" val="1"/>
<literal name="icmp_ln1049" val="0"/>
</and_exp></or_exp>
</condition>

<Node id="49" bw="32" op_0_bw="5">
<![CDATA[
:1 %zext_ln1057 = zext i5 %select_ln1057

]]></Node>
<StgValue><ssdm name="zext_ln1057"/></StgValue>
</operation>

<operation id="42" st_id="2" stage="1" lat="1">
<core>Adder</core>
<MemPortIdVec></MemPortIdVec>
<condition id="-1">
<or_exp><and_exp><literal name="icmp_ln1038" val="1"/>
<literal name="icmp_ln1049" val="0"/>
</and_exp></or_exp>
</condition>

<Node id="50" bw="32" op_0_bw="32" op_1_bw="32">
<![CDATA[
:2 %sub_ln1057 = sub i32 %zext_ln1057, i32 %rem_load

]]></Node>
<StgValue><ssdm name="sub_ln1057"/></StgValue>
</operation>

<operation id="43" st_id="2" stage="1" lat="1">
<core>Adder</core>
<MemPortIdVec></MemPortIdVec>
<condition id="-1">
<or_exp><and_exp><literal name="icmp_ln1038" val="1"/>
<literal name="icmp_ln1049" val="0"/>
</and_exp></or_exp>
</condition>

<Node id="51" bw="32" op_0_bw="32" op_1_bw="32">
<![CDATA[
:3 %sub_ln1057_1 = sub i32, i32 %rem_load

]]></Node>
<StgValue><ssdm name="sub_ln1057_1"/></StgValue>
</operation>

<operation id="44" st_id="2" stage="1" lat="1">
<core>Cmp</core>
<MemPortIdVec></MemPortIdVec>
<condition id="-1">
<or_exp><and_exp><literal name="icmp_ln1038" val="1"/>
<literal name="icmp_ln1049" val="0"/>
</and_exp></or_exp>
</condition>

<Node id="52" bw="1" op_0_bw="32" op_1_bw="32">
<![CDATA[
:4 %icmp_ln674_1 = icmp_ugt  i32 %sub_ln1057_1, i32 %sub_ln1057

]]></Node>
<StgValue><ssdm name="icmp_ln674_1"/></StgValue>
</operation>

<operation id="45" st_id="2" stage="1" lat="1">
<core>NULL</core>
<MemPortIdVec></MemPortIdVec>
<condition id="-1">
<or_exp><and_exp><literal name="icmp_ln1038" val="1"/>
<literal name="icmp_ln1049" val="0"/>
</and_exp></or_exp>
</condition>

<Node id="53" bw="4" op_0_bw="32">
<![CDATA[
:5 %trunc_ln674_1 = trunc i32 %sub_ln1057_1

]]></Node>
<StgValue><ssdm name="trunc_ln674_1"/></StgValue>
</operation>

<operation id="46" st_id="2" stage="1" lat="1">
<core>NULL</core>
<MemPortIdVec></MemPortIdVec>
<condition id="-1">
<or_exp><and_exp><literal name="icmp_ln1038" val="1"/>
<literal name="icmp_ln1049" val="0"/>
</and_exp></or_exp>
</condition>

<Node id="54" bw="4" op_0_bw="32">
<![CDATA[
:6 %trunc_ln674_2 = trunc i32 %sub_ln1057

]]></Node>
<StgValue><ssdm name="trunc_ln674_2"/></StgValue>
</operation>

<operation id="47" st_id="2" stage="1" lat="1">
<core>Adder</core>
<MemPortIdVec></MemPortIdVec>
<condition id="-1">
<or_exp><and_exp><literal name="icmp_ln1038" val="1"/>
<literal name="icmp_ln1049" val="0"/>
</and_exp></or_exp>
</condition>

<Node id="68" bw="32" op_0_bw="32" op_1_bw="32">
<![CDATA[
:20 %rem_2 = sub i32 %rem_load, i32 %zext_ln1044

]]></Node>
<StgValue><ssdm name="rem_2"/></StgValue>
</operation>

<operation id="48" st_id="2" stage="1" lat="1">
<core>NULL</core>
<MemPortIdVec></MemPortIdVec>
<condition id="-1">
<or_exp><and_exp><literal name="icmp_ln1038" val="1"/>
<literal name="icmp_ln1049" val="0"/>
</and_exp></or_exp>
</condition>

<Node id="69" bw="0" op_0_bw="32" op_1_bw="32" op_2_bw="0" op_3_bw="0">
<![CDATA[
:21 %store_ln1058 = store i32 %rem_2, i32 %rem, void %store_ln1038, i32 %rem_load

]]></Node>
<StgValue><ssdm name="store_ln1058"/></StgValue>
</operation>

<operation id="49" st_id="2" stage="1" lat="1">
<core>Cmp</core>
<MemPortIdVec></MemPortIdVec>
<condition id="-1">
<or_exp><and_exp><literal name="icmp_ln1038" val="1"/>
<literal name="icmp_ln1049" val="1"/>
</and_exp></or_exp>
</condition>

<Node id="72" bw="1" op_0_bw="32" op_1_bw="32">
<![CDATA[
_ifconv:0 %icmp_ln1050 = icmp_eq  i32 %rem_load, i32

]]></Node>
<StgValue><ssdm name="icmp_ln1050"/></StgValue>
</operation>

<operation id="50" st_id="2" stage="1" lat="1">
<core>Adder</core>
<MemPortIdVec></MemPortIdVec>
<condition id="-1">
<or_exp><and_exp><literal name="icmp_ln1038" val="1"/>
<literal name="icmp_ln1049" val="1"/>
</and_exp></or_exp>
</condition>

<Node id="73" bw="32" op_0_bw="32" op_1_bw="32">
<![CDATA[
_ifconv:1 %sub_ln1051 = sub i32, i32 %rem_load

]]></Node>
<StgValue><ssdm name="sub_ln1051"/></StgValue>
</operation>

<operation id="51" st_id="2" stage="1" lat="1">
<core>NULL</core>
<MemPortIdVec></MemPortIdVec>
<condition id="-1">
<or_exp><and_exp><literal name="icmp_ln1038" val="1"/>
<literal name="icmp_ln1049" val="1"/>
</and_exp></or_exp>
</condition>

<Node id="74" bw="4" op_0_bw="32">
<![CDATA[
_ifconv:2 %trunc_ln1051 = trunc i32 %rem_load

]]></Node>
<StgValue><ssdm name="trunc_ln1051"/></StgValue>
</operation>

<operation id="52" st_id="2" stage="1" lat="1">
<core>NULL</core>
<MemPortIdVec></MemPortIdVec>
<condition id="-1">
<or_exp><and_exp><literal name="icmp_ln1038" val="1"/>
<literal name="icmp_ln1049" val="1"/>
</and_exp></or_exp>
</condition>

<Node id="75" bw="29" op_0_bw="29" op_1_bw="32" op_2_bw="32" op_3_bw="32">
<![CDATA[
_ifconv:3 %tmp = partselect i29 @_ssdm_op_PartSelect.i29.i32.i32.i32, i32 %sub_ln1051, i32, i32

]]></Node>
<StgValue><ssdm name="tmp"/></StgValue>
</operation>

<operation id="53" st_id="2" stage="1" lat="1">
<core>Cmp</core>
<MemPortIdVec></MemPortIdVec>
<condition id="-1">
<or_exp><and_exp><literal name="icmp_ln1038" val="1"/>
<literal name="icmp_ln1049" val="1"/>
</and_exp></or_exp>
</condition>

<Node id="76" bw="1" op_0_bw="29" op_1_bw="29">
<![CDATA[
_ifconv:4 %icmp_ln674 = icmp_ne  i29 %tmp, i29

]]></Node>
<StgValue><ssdm name="icmp_ln674"/></StgValue>
</operation>

<operation id="54" st_id="2" stage="1" lat="1">
<core>NULL</core>
<MemPortIdVec></MemPortIdVec>
<condition id="-1">
<or_exp><and_exp><literal name="icmp_ln1038" val="1"/>
<literal name="icmp_ln1049" val="1"/>
</and_exp></or_exp>
</condition>

<Node id="77" bw="4" op_0_bw="32">
<![CDATA[
_ifconv:5 %trunc_ln674 = trunc i32 %sub_ln1051

]]></Node>
<StgValue><ssdm name="trunc_ln674"/></StgValue>
</operation>

<operation id="55" st_id="2" stage="1" lat="1">
<core>Adder</core>
<MemPortIdVec></MemPortIdVec>
<condition id="-1">
<or_exp><and_exp><literal name="icmp_ln1038" val="1"/>
<literal name="icmp_ln1049" val="1"/>
</and_exp></or_exp>
</condition>

<Node id="97" bw="5" op_0_bw="5" op_1_bw="5">
<![CDATA[
_ifconv:25 %add_ln1054 = add i5, i5 %zext_ln1044_1

]]></Node>
<StgValue><ssdm name="add_ln1054"/></StgValue>
</operation>

<operation id="56" st_id="2" stage="1" lat="1">
<core>NULL</core>
<MemPortIdVec></MemPortIdVec>
<condition id="-1">
<or_exp><and_exp><literal name="icmp_ln1038" val="1"/>
<literal name="icmp_ln1049" val="1"/>
</and_exp></or_exp>
</condition>

<Node id="98" bw="32" op_0_bw="5">
<![CDATA[
_ifconv:26 %sext_ln1054 = sext i5 %add_ln1054

]]></Node>
<StgValue><ssdm name="sext_ln1054"/></StgValue>
</operation>

<operation id="57" st_id="2" stage="1" lat="1">
<core>NULL</core>
<MemPortIdVec></MemPortIdVec>
<condition id="-1">
<or_exp><and_exp><literal name="icmp_ln1038" val="1"/>
<literal name="icmp_ln1049" val="1"/>
</and_exp></or_exp>
</condition>

<Node id="99" bw="4" op_0_bw="5">
<![CDATA[
_ifconv:27 %trunc_ln1054 = trunc i5 %add_ln1054

]]></Node>
<StgValue><ssdm name="trunc_ln1054"/></StgValue>
</operation>

<operation id="58" st_id="2" stage="1" lat="1">
<core>NULL</core>
<MemPortIdVec></MemPortIdVec>
<condition id="-1">
<or_exp><and_exp><literal name="icmp_ln1038" val="1"/>
<literal name="icmp_ln1049" val="1"/>
</and_exp></or_exp>
</condition>

<Node id="100" bw="4" op_0_bw="32">
<![CDATA[
_ifconv:28 %trunc_ln1054_1 = trunc i32 %rem_load

]]></Node>
<StgValue><ssdm name="trunc_ln1054_1"/></StgValue>
</operation>

<operation id="59" st_id="2" stage="1" lat="1">
<core>TAddSub</core>
<MemPortIdVec></MemPortIdVec>
<condition id="-1">
<or_exp><and_exp><literal name="icmp_ln1038" val="1"/>
<literal name="icmp_ln1049" val="1"/>
</and_exp></or_exp>
</condition>

<Node id="101" bw="4" op_0_bw="4" op_1_bw="4">
<![CDATA[
_ifconv:29 %sub_ln674_3 = sub i4 %trunc_ln1054_1, i4 %trunc_ln1054

]]></Node>
<StgValue><ssdm name="sub_ln674_3"/></StgValue>
</operation>

<operation id="60" st_id="2" stage="1" lat="1">
<core>TAddSub</core>
<MemPortIdVec></MemPortIdVec>
<condition id="-1">
<or_exp><and_exp><literal name="icmp_ln1038" val="1"/>
<literal name="icmp_ln1049" val="1"/>
</and_exp></or_exp>
</condition>

<Node id="102" bw="4" op_0_bw="4" op_1_bw="4">
<![CDATA[
_ifconv:30 %add_ln674_1 = add i4, i4 %sub_ln674_3

]]></Node>
<StgValue><ssdm name="add_ln674_1"/></StgValue>
</operation>

<operation id="61" st_id="2" stage="1" lat="1">
<core>Cmp</core>
<MemPortIdVec></MemPortIdVec>
<condition id="-1">
<or_exp><and_exp><literal name="icmp_ln1038" val="1"/>
<literal name="icmp_ln1049" val="1"/>
</and_exp></or_exp>
</condition>

<Node id="106" bw="1" op_0_bw="32" op_1_bw="32">
<![CDATA[
_ifconv:34 %icmp_ln414 = icmp_ugt  i32 %rem_load, i32 %sext_ln1054

]]></Node>
<StgValue><ssdm name="icmp_ln414"/></StgValue>
</operation>

<operation id="62" st_id="2" stage="1" lat="1">
<core>NULL</core>
<MemPortIdVec></MemPortIdVec>
<condition id="-1">
<or_exp><and_exp><literal name="icmp_ln1038" val="1"/>
<literal name="icmp_ln1049" val="1"/>
</and_exp></or_exp>
</condition>

<Node id="107" bw="4" op_0_bw="32">
<![CDATA[
_ifconv:35 %trunc_ln414 = trunc i32 %rem_load

]]></Node>
<StgValue><ssdm name="trunc_ln414"/></StgValue>
</operation>

<operation id="63" st_id="2" stage="1" lat="1">
<core>NULL</core>
<MemPortIdVec></MemPortIdVec>
<condition id="-1">
<or_exp><and_exp><literal name="icmp_ln1038" val="1"/>
<literal name="icmp_ln1049" val="1"/>
</and_exp></or_exp>
</condition>

<Node id="108" bw="4" op_0_bw="5">
<![CDATA[
_ifconv:36 %trunc_ln414_1 = trunc i5 %add_ln1054

]]></Node>
<StgValue><ssdm name="trunc_ln414_1"/></StgValue>
</operation>

<operation id="64" st_id="2" stage="1" lat="1">
<core>Adder</core>
<MemPortIdVec></MemPortIdVec>
<condition id="-1">
<or_exp><and_exp><literal name="icmp_ln1038" val="1"/>
<literal name="icmp_ln1049" val="1"/>
</and_exp></or_exp>
</condition>

<Node id="127" bw="32" op_0_bw="32" op_1_bw="32">
<![CDATA[
_ifconv:55 %rem_1 = add i32 %sext_ln1045, i32 %rem_load

]]></Node>
<StgValue><ssdm name="rem_1"/></StgValue>
</operation>

<operation id="65" st_id="2" stage="1" lat="1">
<core>NULL</core>
<MemPortIdVec></MemPortIdVec>
<condition id="-1">
<or_exp><and_exp><literal name="icmp_ln1038" val="1"/>
<literal name="icmp_ln1049" val="1"/>
</and_exp></or_exp>
</condition>

<Node id="129" bw="0" op_0_bw="32" op_1_bw="32" op_2_bw="0" op_3_bw="0">
<![CDATA[
_ifconv:57 %store_ln1056 = store i32 %rem_1, i32 %rem, void %store_ln1038, i32 %rem_load

]]></Node>
<StgValue><ssdm name="store_ln1056"/></StgValue>
</operation>

<operation id="66" st_id="2" stage="1" lat="1">
<core>Adder</core>
<MemPortIdVec></MemPortIdVec>
<condition id="-1">
<or_exp><and_exp><literal name="icmp_ln1038" val="1"/>
</and_exp></or_exp>
</condition>

<Node id="134" bw="32" op_0_bw="32" op_1_bw="32">
<![CDATA[
:2 %add_ln1061 = add i32 %j, i32

]]></Node>
<StgValue><ssdm name="add_ln1061"/></StgValue>
</operation>

<operation id="67" st_id="2" stage="1" lat="1">
<core>Sel</core>
<MemPortIdVec></MemPortIdVec>
<condition id="-1">
<or_exp><and_exp><literal name="icmp_ln1038" val="1"/>
</and_exp></or_exp>
</condition>

<Node id="135" bw="32" op_0_bw="1" op_1_bw="32" op_2_bw="32">
<![CDATA[
:3 %j_2 = select i1 %bLast, i32, i32 %add_ln1061

]]></Node>
<StgValue><ssdm name="j_2"/></StgValue>
</operation>
</state>

<state id="3" st_id="3">

<operation id="68" st_id="3" stage="1" lat="1">
<core>NULL</core>
<MemPortIdVec></MemPortIdVec>
<condition id="-1">
<or_exp><and_exp><literal name="icmp_ln1038" val="1"/>
</and_exp></or_exp>
</condition>

<Node id="35" bw="0" op_0_bw="0" op_1_bw="32" op_2_bw="32" op_3_bw="32" op_4_bw="32" op_5_bw="0">
<![CDATA[
.split.i:1 %specpipeline_ln1032 = specpipeline void @_ssdm_op_SpecPipeline, i32, i32, i32, i32, void @empty_21

]]></Node>
<StgValue><ssdm name="specpipeline_ln1032"/></StgValue>
</operation>

<operation id="69" st_id="3" stage="1" lat="1">
<core>NULL</core>
<MemPortIdVec></MemPortIdVec>
<condition id="-1">
<or_exp><and_exp><literal name="icmp_ln1038" val="1"/>
</and_exp></or_exp>
</condition>

<Node id="36" bw="0" op_0_bw="0" op_1_bw="64" op_2_bw="64" op_3_bw="64">
<![CDATA[
.split.i:2 %speclooptripcount_ln1032 = speclooptripcount void @_ssdm_op_SpecLoopTripCount, i64, i64, i64

]]></Node>
<StgValue><ssdm name="speclooptripcount_ln1032"/></StgValue>
</operation>

<operation id="70" st_id="3" stage="1" lat="1">
<core>NULL</core>
<MemPortIdVec></MemPortIdVec>
<condition id="-1">
<or_exp><and_exp><literal name="icmp_ln1038" val="1"/>
</and_exp></or_exp>
</condition>

<Node id="37" bw="0" op_0_bw="0" op_1_bw="0">
<![CDATA[
.split.i:3 %specloopname_ln1032 = specloopname void @_ssdm_op_SpecLoopName, void @empty_9

]]></Node>
<StgValue><ssdm name="specloopname_ln1032"/></StgValue>
</operation>

<operation id="71" st_id="3" stage="1" lat="1">
<core>NULL</core>
<MemPortIdVec></MemPortIdVec>
<condition id="-1">
<or_exp><and_exp><literal name="icmp_ln1038" val="1"/>
</and_exp></or_exp>
</condition>

<Node id="45" bw="8" op_0_bw="8" op_1_bw="0">
<![CDATA[
.split.i:11 %p_Val2_load = load i8 %p_Val2_s, void %store_ln1038

]]></Node>
<StgValue><ssdm name="p_Val2_load"/></StgValue>
</operation>

<operation id="72" st_id="3" stage="1" lat="1">
<core>NULL</core>
<MemPortIdVec></MemPortIdVec>
<condition id="-1">
<or_exp><and_exp><literal name="icmp_ln1038" val="1"/>
<literal name="icmp_ln1049" val="0"/>
<literal name="icmp_ln674_1" val="1"/>
</and_exp></or_exp>
</condition>

<Node id="55" bw="8" op_0_bw="8" op_1_bw="8" op_2_bw="32" op_3_bw="32">
<![CDATA[
:7 %tmp_4 = partselect i8 @llvm.part.select.i8, i8 %p_Val2_load, i32, i32

]]></Node>
<StgValue><ssdm name="tmp_4"/></StgValue>
</operation>

<operation id="73" st_id="3" stage="1" lat="1">
<core>Adder</core>
<MemPortIdVec></MemPortIdVec>
<condition id="-1">
<or_exp><and_exp><literal name="icmp_ln1038" val="1"/>
<literal name="icmp_ln1049" val="0"/>
<literal name="icmp_ln674_1" val="1"/>
</and_exp></or_exp>
</condition>

<Node id="56" bw="4" op_0_bw="4" op_1_bw="4">
<![CDATA[
:8 %sub_ln674_4 = sub i4 %trunc_ln674_1, i4 %trunc_ln674_2

]]></Node>
<StgValue><ssdm name="sub_ln674_4"/></StgValue>
</operation>

<operation id="74" st_id="3" stage="1" lat="1">
<core>Adder</core>
<MemPortIdVec></MemPortIdVec>
<condition id="-1">
<or_exp><and_exp><literal name="icmp_ln1038" val="1"/>
<literal name="icmp_ln1049" val="0"/>
<literal name="icmp_ln674_1" val="1"/>
</and_exp></or_exp>
</condition>

<Node id="57" bw="4" op_0_bw="4" op_1_bw="4">
<![CDATA[
:9 %sub_ln674_5 = sub i4, i4 %trunc_ln674_1

]]></Node>
<StgValue><ssdm name="sub_ln674_5"/></StgValue>
</operation>

<operation id="75" st_id="3" stage="1" lat="1">
<core>Adder</core>
<MemPortIdVec></MemPortIdVec>
<condition id="-1">
<or_exp><and_exp><literal name="icmp_ln1038" val="1"/>
<literal name="icmp_ln1049" val="0"/>
<literal name="icmp_ln674_1" val="0"/>
</and_exp></or_exp>
</condition>

<Node id="58" bw="4" op_0_bw="4" op_1_bw="4">
<![CDATA[
:10 %sub_ln674_6 = sub i4 %trunc_ln674_2, i4 %trunc_ln674_1

]]></Node>
<StgValue><ssdm name="sub_ln674_6"/></StgValue>
</operation>

<operation id="76" st_id="3" stage="1" lat="1">
<core>Sel</core>
<MemPortIdVec></MemPortIdVec>
<condition id="-1">
<or_exp><and_exp><literal name="icmp_ln1038" val="1"/>
<literal name="icmp_ln1049" val="0"/>
</and_exp></or_exp>
</condition>

<Node id="59" bw="4" op_0_bw="1" op_1_bw="4" op_2_bw="4">
<![CDATA[
:11 %select_ln674_3 = select i1 %icmp_ln674_1, i4 %sub_ln674_4, i4 %sub_ln674_6

]]></Node>
<StgValue><ssdm name="select_ln674_3"/></StgValue>
</operation>

<operation id="77" st_id="3" stage="1" lat="1">
<core>Sel</core>
<MemPortIdVec></MemPortIdVec>
<condition id="-1">
<or_exp><and_exp><literal name="icmp_ln1038" val="1"/>
<literal name="icmp_ln1049" val="0"/>
</and_exp></or_exp>
</condition>

<Node id="60" bw="8" op_0_bw="1" op_1_bw="8" op_2_bw="8">
<![CDATA[
:12 %select_ln674_4 = select i1 %icmp_ln674_1, i8 %tmp_4, i8 %p_Val2_load

]]></Node>
<StgValue><ssdm name="select_ln674_4"/></StgValue>
</operation>

<operation id="78" st_id="3" stage="1" lat="1">
<core>Sel</core>
<MemPortIdVec></MemPortIdVec>
<condition id="-1">
<or_exp><and_exp><literal name="icmp_ln1038" val="1"/>
<literal name="icmp_ln1049" val="0"/>
</and_exp></or_exp>
</condition>

<Node id="61" bw="4" op_0_bw="1" op_1_bw="4" op_2_bw="4">
<![CDATA[
:13 %select_ln674_5 = select i1 %icmp_ln674_1, i4 %sub_ln674_5, i4 %trunc_ln674_1

]]></Node>
<StgValue><ssdm name="select_ln674_5"/></StgValue>
</operation>

<operation id="79" st_id="3" stage="1" lat="1">
<core>Adder</core>
<MemPortIdVec></MemPortIdVec>
<condition id="-1">
<or_exp><and_exp><literal name="icmp_ln1038" val="1"/>
<literal name="icmp_ln1049" val="0"/>
</and_exp></or_exp>
</condition>

<Node id="62" bw="4" op_0_bw="4" op_1_bw="4">
<![CDATA[
:14 %sub_ln674_7 = sub i4, i4 %select_ln674_3

]]></Node>
<StgValue><ssdm name="sub_ln674_7"/></StgValue>
</operation>

<operation id="80" st_id="3" stage="1" lat="1">
<core>NULL</core>
<MemPortIdVec></MemPortIdVec>
<condition id="-1">
<or_exp><and_exp><literal name="icmp_ln1038" val="1"/>
<literal name="icmp_ln1049" val="0"/>
</and_exp></or_exp>
</condition>

<Node id="63" bw="8" op_0_bw="4">
<![CDATA[
:15 %zext_ln674_3 = zext i4 %select_ln674_5

]]></Node>
<StgValue><ssdm name="zext_ln674_3"/></StgValue>
</operation>

<operation id="81" st_id="3" stage="1" lat="1">
<core>NULL</core>
<MemPortIdVec></MemPortIdVec>
<condition id="-1">
<or_exp><and_exp><literal name="icmp_ln1038" val="1"/>
<literal name="icmp_ln1049" val="0"/>
</and_exp></or_exp>
</condition>

<Node id="64" bw="8" op_0_bw="4">
<![CDATA[
:16 %zext_ln674_4 = zext i4 %sub_ln674_7

]]></Node>
<StgValue><ssdm name="zext_ln674_4"/></StgValue>
</operation>

<operation id="82" st_id="3" stage="1" lat="1">
<core>Shift</core>
<MemPortIdVec></MemPortIdVec>
<condition id="-1">
<or_exp><and_exp><literal name="icmp_ln1038" val="1"/>
<literal name="icmp_ln1049" val="0"/>
</and_exp></or_exp>
</condition>

<Node id="65" bw="8" op_0_bw="8" op_1_bw="8">
<![CDATA[
:17 %lshr_ln674_3 = lshr i8 %select_ln674_4, i8 %zext_ln674_3

]]></Node>
<StgValue><ssdm name="lshr_ln674_3"/></StgValue>
</operation>

<operation id="83" st_id="3" stage="1" lat="1">
<core>Shift</core>
<MemPortIdVec></MemPortIdVec>
<condition id="-1">
<or_exp><and_exp><literal name="icmp_ln1038" val="1"/>
<literal name="icmp_ln1049" val="0"/>
</and_exp></or_exp>
</condition>

<Node id="66" bw="8" op_0_bw="8" op_1_bw="8">
<![CDATA[
:18 %lshr_ln674_4 = lshr i8, i8 %zext_ln674_4

]]></Node>
<StgValue><ssdm name="lshr_ln674_4"/></StgValue>
</operation>

<operation id="84" st_id="3" stage="1" lat="1">
<core>LogicGate</core>
<MemPortIdVec></MemPortIdVec>
<condition id="-1">
<or_exp><and_exp><literal name="icmp_ln1038" val="1"/>
<literal name="icmp_ln1049" val="0"/>
</and_exp></or_exp>
</condition>

<Node id="67" bw="8" op_0_bw="8" op_1_bw="8">
<![CDATA[
:19 %p_Result_13 = and i8 %lshr_ln674_3, i8 %lshr_ln674_4

]]></Node>
<StgValue><ssdm name="p_Result_13"/></StgValue>
</operation>

<operation id="85" st_id="3" stage="1" lat="1">
<core>NULL</core>
<MemPortIdVec></MemPortIdVec>
<condition id="-1">
<or_exp><and_exp><literal name="icmp_ln1038" val="1"/>
<literal name="icmp_ln1049" val="0"/>
</and_exp></or_exp>
</condition>

<Node id="70" bw="0" op_0_bw="0">
<![CDATA[
:22 %br_ln0 = br void

]]></Node>
<StgValue><ssdm name="br_ln0"/></StgValue>
</operation>

<operation id="86" st_id="3" stage="1" lat="1">
<core>NULL</core>
<MemPortIdVec></MemPortIdVec>
<condition id="-1">
<or_exp><and_exp><literal name="icmp_ln1038" val="1"/>
<literal name="icmp_ln1049" val="1"/>
<literal name="icmp_ln674" val="1"/>
<literal name="icmp_ln1050" val="0"/>
</and_exp></or_exp>
</condition>

<Node id="78" bw="8" op_0_bw="8" op_1_bw="8" op_2_bw="32" op_3_bw="32">
<![CDATA[
_ifconv:6 %tmp_2 = partselect i8 @llvm.part.select.i8, i8 %p_Val2_load, i32, i32

]]></Node>
<StgValue><ssdm name="tmp_2"/></StgValue>
</operation>

<operation id="87" st_id="3" stage="1" lat="1">
<core>Adder</core>
<MemPortIdVec></MemPortIdVec>
<condition id="-1">
<or_exp><and_exp><literal name="icmp_ln1038" val="1"/>
<literal name="icmp_ln1049" val="1"/>
<literal name="icmp_ln674" val="1"/>
<literal name="icmp_ln1050" val="0"/>
</and_exp></or_exp>
</condition>

<Node id="79" bw="4" op_0_bw="4" op_1_bw="4">
<![CDATA[
_ifconv:7 %add_ln674 = add i4, i4 %trunc_ln674

]]></Node>
<StgValue><ssdm name="add_ln674"/></StgValue>
</operation>

<operation id="88" st_id="3" stage="1" lat="1">
<core>Adder</core>
<MemPortIdVec></MemPortIdVec>
<condition id="-1">
<or_exp><and_exp><literal name="icmp_ln1038" val="1"/>
<literal name="icmp_ln1049" val="1"/>
<literal name="icmp_ln674" val="1"/>
<literal name="icmp_ln1050" val="0"/>
</and_exp></or_exp>
</condition>

<Node id="80" bw="4" op_0_bw="4" op_1_bw="4">
<![CDATA[
_ifconv:8 %sub_ln674 = sub i4, i4 %trunc_ln674

]]></Node>
<StgValue><ssdm name="sub_ln674"/></StgValue>
</operation>

<operation id="89" st_id="3" stage="1" lat="1">
<core>Adder</core>
<MemPortIdVec></MemPortIdVec>
<condition id="-1">
<or_exp><and_exp><literal name="icmp_ln1038" val="1"/>
<literal name="icmp_ln1049" val="1"/>
<literal name="icmp_ln674" val="0"/>
<literal name="icmp_ln1050" val="0"/>
</and_exp></or_exp>
</condition>

<Node id="81" bw="4" op_0_bw="4" op_1_bw="4">
<![CDATA[
_ifconv:9 %sub_ln674_1 = sub i4, i4 %trunc_ln674

]]></Node>
<StgValue><ssdm name="sub_ln674_1"/></StgValue>
</operation>

<operation id="90" st_id="3" stage="1" lat="1">
<core>Sel</core>
<MemPortIdVec></MemPortIdVec>
<condition id="-1">
<or_exp><and_exp><literal name="icmp_ln1038" val="1"/>
<literal name="icmp_ln1049" val="1"/>
<literal name="icmp_ln1050" val="0"/>
</and_exp></or_exp>
</condition>

<Node id="82" bw="4" op_0_bw="1" op_1_bw="4" op_2_bw="4">
<![CDATA[
_ifconv:10 %select_ln674 = select i1 %icmp_ln674, i4 %add_ln674, i4 %sub_ln674_1

]]></Node>
<StgValue><ssdm name="select_ln674"/></StgValue>
</operation>

<operation id="91" st_id="3" stage="1" lat="1">
<core>Sel</core>
<MemPortIdVec></MemPortIdVec>
<condition id="-1">
<or_exp><and_exp><literal name="icmp_ln1038" val="1"/>
<literal name="icmp_ln1049" val="1"/>
<literal name="icmp_ln1050" val="0"/>
</and_exp></or_exp>
</condition>

<Node id="83" bw="8" op_0_bw="1" op_1_bw="8" op_2_bw="8">
<![CDATA[
_ifconv:11 %select_ln674_1 = select i1 %icmp_ln674, i8 %tmp_2, i8 %p_Val2_load

]]></Node>
<StgValue><ssdm name="select_ln674_1"/></StgValue>
</operation>

<operation id="92" st_id="3" stage="1" lat="1">
<core>Sel</core>
<MemPortIdVec></MemPortIdVec>
<condition id="-1">
<or_exp><and_exp><literal name="icmp_ln1038" val="1"/>
<literal name="icmp_ln1049" val="1"/>
<literal name="icmp_ln1050" val="0"/>
</and_exp></or_exp>
</condition>

<Node id="84" bw="4" op_0_bw="1" op_1_bw="4" op_2_bw="4">
<![CDATA[
_ifconv:12 %select_ln674_2 = select i1 %icmp_ln674, i4 %sub_ln674, i4 %trunc_ln674

]]></Node>
<StgValue><ssdm name="select_ln674_2"/></StgValue>
</operation>

<operation id="93" st_id="3" stage="1" lat="1">
<core>Adder</core>
<MemPortIdVec></MemPortIdVec>
<condition id="-1">
<or_exp><and_exp><literal name="icmp_ln1038" val="1"/>
<literal name="icmp_ln1049" val="1"/>
<literal name="icmp_ln1050" val="0"/>
</and_exp></or_exp>
</condition>

<Node id="85" bw="4" op_0_bw="4" op_1_bw="4">
<![CDATA[
_ifconv:13 %sub_ln674_2 = sub i4, i4 %select_ln674

]]></Node>
<StgValue><ssdm name="sub_ln674_2"/></StgValue>
</operation>

<operation id="94" st_id="3" stage="1" lat="1">
<core>NULL</core>
<MemPortIdVec></MemPortIdVec>
<condition id="-1">
<or_exp><and_exp><literal name="icmp_ln1038" val="1"/>
<literal name="icmp_ln1049" val="1"/>
<literal name="icmp_ln1050" val="0"/>
</and_exp></or_exp>
</condition>

<Node id="86" bw="8" op_0_bw="4">
<![CDATA[
_ifconv:14 %zext_ln674 = zext i4 %select_ln674_2

]]></Node>
<StgValue><ssdm name="zext_ln674"/></StgValue>
</operation>

<operation id="95" st_id="3" stage="1" lat="1">
<core>NULL</core>
<MemPortIdVec></MemPortIdVec>
<condition id="-1">
<or_exp><and_exp><literal name="icmp_ln1038" val="1"/>
<literal name="icmp_ln1049" val="1"/>
<literal name="icmp_ln1050" val="0"/>
</and_exp></or_exp>
</condition>

<Node id="87" bw="8" op_0_bw="4">
<![CDATA[
_ifconv:15 %zext_ln674_1 = zext i4 %sub_ln674_2

]]></Node>
<StgValue><ssdm name="zext_ln674_1"/></StgValue>
</operation>

<operation id="96" st_id="3" stage="1" lat="1">
<core>Shift</core>
<MemPortIdVec></MemPortIdVec>
<condition id="-1">
<or_exp><and_exp><literal name="icmp_ln1038" val="1"/>
<literal name="icmp_ln1049" val="1"/>
<literal name="icmp_ln1050" val="0"/>
</and_exp></or_exp>
</condition>

<Node id="88" bw="8" op_0_bw="8" op_1_bw="8">
<![CDATA[
_ifconv:16 %lshr_ln674 = lshr i8 %select_ln674_1, i8 %zext_ln674

]]></Node>
<StgValue><ssdm name="lshr_ln674"/></StgValue>
</operation>

<operation id="97" st_id="3" stage="1" lat="1">
<core>Shift</core>
<MemPortIdVec></MemPortIdVec>
<condition id="-1">
<or_exp><and_exp><literal name="icmp_ln1038" val="1"/>
<literal name="icmp_ln1049" val="1"/>
<literal name="icmp_ln1050" val="0"/>
</and_exp></or_exp>
</condition>

<Node id="89" bw="8" op_0_bw="8" op_1_bw="8">
<![CDATA[
_ifconv:17 %lshr_ln674_1 = lshr i8, i8 %zext_ln674_1

]]></Node>
<StgValue><ssdm name="lshr_ln674_1"/></StgValue>
</operation>

<operation id="98" st_id="3" stage="1" lat="1">
<core>LogicGate</core>
<MemPortIdVec></MemPortIdVec>
<condition id="-1">
<or_exp><and_exp><literal name="icmp_ln1038" val="1"/>
<literal name="icmp_ln1049" val="1"/>
<literal name="icmp_ln1050" val="0"/>
</and_exp></or_exp>
</condition>

<Node id="90" bw="8" op_0_bw="8" op_1_bw="8">
<![CDATA[
_ifconv:18 %p_Result_14 = and i8 %lshr_ln674, i8 %lshr_ln674_1

]]></Node>
<StgValue><ssdm name="p_Result_14"/></StgValue>
</operation>

<operation id="99" st_id="3" stage="1" lat="1">
<core>Adder</core>
<MemPortIdVec></MemPortIdVec>
<condition id="-1">
<or_exp><and_exp><literal name="icmp_ln1038" val="1"/>
<literal name="icmp_ln1049" val="1"/>
<literal name="icmp_ln1050" val="0"/>
</and_exp></or_exp>
</condition>

<Node id="91" bw="4" op_0_bw="4" op_1_bw="4">
<![CDATA[
_ifconv:19 %sub_ln414 = sub i4, i4 %trunc_ln1051

]]></Node>
<StgValue><ssdm name="sub_ln414"/></StgValue>
</operation>

<operation id="100" st_id="3" stage="1" lat="1">
<core>NULL</core>
<MemPortIdVec></MemPortIdVec>
<condition id="-1">
<or_exp><and_exp><literal name="icmp_ln1038" val="1"/>
<literal name="icmp_ln1049" val="1"/>
<literal name="icmp_ln1050" val="0"/>
</and_exp></or_exp>
</condition>

<Node id="92" bw="8" op_0_bw="4">
<![CDATA[
_ifconv:20 %zext_ln414 = zext i4 %sub_ln414

]]></Node>
<StgValue><ssdm name="zext_ln414"/></StgValue>
</operation>

<operation id="101" st_id="3" stage="1" lat="1">
<core>Shift</core>
<MemPortIdVec></MemPortIdVec>
<condition id="-1">
<or_exp><and_exp><literal name="icmp_ln1038" val="1"/>
<literal name="icmp_ln1049" val="1"/>
<literal name="icmp_ln1050" val="0"/>
</and_exp></or_exp>
</condition>

<Node id="93" bw="8" op_0_bw="8" op_1_bw="8">
<![CDATA[
_ifconv:21 %lshr_ln414 = lshr i8, i8 %zext_ln414

]]></Node>
<StgValue><ssdm name="lshr_ln414"/></StgValue>
</operation>

<operation id="102" st_id="3" stage="1" lat="1">
<core>LogicGate</core>
<MemPortIdVec></MemPortIdVec>
<condition id="-1">
<or_exp><and_exp><literal name="icmp_ln1038" val="1"/>
<literal name="icmp_ln1049" val="1"/>
<literal name="icmp_ln1050" val="0"/>
</and_exp></or_exp>
</condition>

<Node id="94" bw="8" op_0_bw="8" op_1_bw="8">
<![CDATA[
_ifconv:22 %p_Result_s = and i8 %p_Result_14, i8 %lshr_ln414

]]></Node>
<StgValue><ssdm name="p_Result_s"/></StgValue>
</operation>

<operation id="103" st_id="3" stage="1" lat="1">
<core>Sel</core>
<MemPortIdVec></MemPortIdVec>
<condition id="-1">
<or_exp><and_exp><literal name="icmp_ln1038" val="1"/>
<literal name="icmp_ln1049" val="1"/>
</and_exp></or_exp>
</condition>

<Node id="95" bw="8" op_0_bw="1" op_1_bw="8" op_2_bw="8">
<![CDATA[
_ifconv:23 %p_Val2_4 = select i1 %icmp_ln1050, i8, i8 %p_Result_s

]]></Node>
<StgValue><ssdm name="p_Val2_4"/></StgValue>
</operation>

<operation id="104" st_id="3" stage="1" lat="1">
<core>FIFO_SRL</core>
<MemPortIdVec></MemPortIdVec>
<condition id="-1">
<or_exp><and_exp><literal name="icmp_ln1038" val="1"/>
<literal name="icmp_ln1049" val="1"/>
</and_exp></or_exp>
</condition>

<Node id="96" bw="8" op_0_bw="8" op_1_bw="8">
<![CDATA[
_ifconv:24 %val = read i8 @_ssdm_op_Read.ap_fifo.volatile.i8P, i8 %ldata1

]]></Node>
<StgValue><ssdm name="val"/></StgValue>
</operation>

<operation id="105" st_id="3" stage="1" lat="1">
<core>NULL</core>
<MemPortIdVec></MemPortIdVec>
<condition id="-1">
<or_exp><and_exp><literal name="icmp_ln1038" val="1"/>
<literal name="icmp_ln1049" val="1"/>
</and_exp></or_exp>
</condition>

<Node id="103" bw="8" op_0_bw="4">
<![CDATA[
_ifconv:31 %zext_ln674_2 = zext i4 %add_ln674_1

]]></Node>
<StgValue><ssdm name="zext_ln674_2"/></StgValue>
</operation>

<operation id="106" st_id="3" stage="1" lat="1">
<core>Shift</core>
<MemPortIdVec></MemPortIdVec>
<condition id="-1">
<or_exp><and_exp><literal name="icmp_ln1038" val="1"/>
<literal name="icmp_ln1049" val="1"/>
</and_exp></or_exp>
</condition>

<Node id="104" bw="8" op_0_bw="8" op_1_bw="8">
<![CDATA[
_ifconv:32 %lshr_ln674_2 = lshr i8, i8 %zext_ln674_2

]]></Node>
<StgValue><ssdm name="lshr_ln674_2"/></StgValue>
</operation>

<operation id="107" st_id="3" stage="1" lat="1">
<core>LogicGate</core>
<MemPortIdVec></MemPortIdVec>
<condition id="-1">
<or_exp><and_exp><literal name="icmp_ln1038" val="1"/>
<literal name="icmp_ln1049" val="1"/>
</and_exp></or_exp>
</condition>

<Node id="105" bw="8" op_0_bw="8" op_1_bw="8">
<![CDATA[
_ifconv:33 %p_Result_15 = and i8 %val, i8 %lshr_ln674_2

]]></Node>
<StgValue><ssdm name="p_Result_15"/></StgValue>
</operation>

<operation id="108" st_id="3" stage="1" lat="1">
<core>Adder</core>
<MemPortIdVec></MemPortIdVec>
<condition id="-1">
<or_exp><and_exp><literal name="icmp_ln1038" val="1"/>
<literal name="icmp_ln1049" val="1"/>
<literal name="icmp_ln414" val="1"/>
</and_exp></or_exp>
</condition>

<Node id="109" bw="4" op_0_bw="4" op_1_bw="4">
<![CDATA[
_ifconv:37 %sub_ln414_1 = sub i4, i4 %trunc_ln414

]]></Node>
<StgValue><ssdm name="sub_ln414_1"/></StgValue>
</operation>

<operation id="109" st_id="3" stage="1" lat="1">
<core>Sel</core>
<MemPortIdVec></MemPortIdVec>
<condition id="-1">
<or_exp><and_exp><literal name="icmp_ln1038" val="1"/>
<literal name="icmp_ln1049" val="1"/>
</and_exp></or_exp>
</condition>

<Node id="110" bw="4" op_0_bw="1" op_1_bw="4" op_2_bw="4">
<![CDATA[
_ifconv:38 %select_ln414 = select i1 %icmp_ln414, i4 %trunc_ln414, i4 %trunc_ln414_1

]]></Node>
<StgValue><ssdm name="select_ln414"/></StgValue>
</operation>

<operation id="110" st_id="3" stage="1" lat="1">
<core>Sel</core>
<MemPortIdVec></MemPortIdVec>
<condition id="-1">
<or_exp><and_exp><literal name="icmp_ln1038" val="1"/>
<literal name="icmp_ln1049" val="1"/>
</and_exp></or_exp>
</condition>

<Node id="111" bw="4" op_0_bw="1" op_1_bw="4" op_2_bw="4">
<![CDATA[
_ifconv:39 %select_ln414_1 = select i1 %icmp_ln414, i4 %trunc_ln414_1, i4 %trunc_ln414

]]></Node>
<StgValue><ssdm name="select_ln414_1"/></StgValue>
</operation>

<operation id="111" st_id="3" stage="1" lat="1">
<core>Sel</core>
<MemPortIdVec></MemPortIdVec>
<condition id="-1">
<or_exp><and_exp><literal name="icmp_ln1038" val="1"/>
<literal name="icmp_ln1049" val="1"/>
</and_exp></or_exp>
</condition>

<Node id="112" bw="4" op_0_bw="1" op_1_bw="4" op_2_bw="4">
<![CDATA[
_ifconv:40 %select_ln414_2 = select i1 %icmp_ln414, i4 %sub_ln414_1, i4 %trunc_ln414

]]></Node>
<StgValue><ssdm name="select_ln414_2"/></StgValue>
</operation>

<operation id="112" st_id="3" stage="1" lat="1">
<core>Adder</core>
<MemPortIdVec></MemPortIdVec>
<condition id="-1">
<or_exp><and_exp><literal name="icmp_ln1038" val="1"/>
<literal name="icmp_ln1049" val="1"/>
</and_exp></or_exp>
</condition>

<Node id="113" bw="4" op_0_bw="4" op_1_bw="4">
<![CDATA[
_ifconv:41 %sub_ln414_2 = sub i4, i4 %select_ln414

]]></Node>
<StgValue><ssdm name="sub_ln414_2"/></StgValue>
</operation>

<operation id="113" st_id="3" stage="1" lat="1">
<core>NULL</core>
<MemPortIdVec></MemPortIdVec>
<condition id="-1">
<or_exp><and_exp><literal name="icmp_ln1038" val="1"/>
<literal name="icmp_ln1049" val="1"/>
</and_exp></or_exp>
</condition>

<Node id="114" bw="8" op_0_bw="4">
<![CDATA[
_ifconv:42 %zext_ln414_1 = zext i4 %select_ln414_2

]]></Node>
<StgValue><ssdm name="zext_ln414_1"/></StgValue>
</operation>

<operation id="114" st_id="3" stage="1" lat="1">
<core>NULL</core>
<MemPortIdVec></MemPortIdVec>
<condition id="-1">
<or_exp><and_exp><literal name="icmp_ln1038" val="1"/>
<literal name="icmp_ln1049" val="1"/>
</and_exp></or_exp>
</condition>

<Node id="115" bw="8" op_0_bw="4">
<![CDATA[
_ifconv:43 %zext_ln414_2 = zext i4 %select_ln414_1

]]></Node>
<StgValue><ssdm name="zext_ln414_2"/></StgValue>
</operation>

<operation id="115" st_id="3" stage="1" lat="1">
<core>NULL</core>
<MemPortIdVec></MemPortIdVec>
<condition id="-1">
<or_exp><and_exp><literal name="icmp_ln1038" val="1"/>
<literal name="icmp_ln1049" val="1"/>
</and_exp></or_exp>
</condition>

<Node id="116" bw="8" op_0_bw="4">
<![CDATA[
_ifconv:44 %zext_ln414_3 = zext i4 %sub_ln414_2

]]></Node>
<StgValue><ssdm name="zext_ln414_3"/></StgValue>
</operation>

<operation id="116" st_id="3" stage="1" lat="1">
<core>Shift</core>
<MemPortIdVec></MemPortIdVec>
<condition id="-1">
<or_exp><and_exp><literal name="icmp_ln1038" val="1"/>
<literal name="icmp_ln1049" val="1"/>
</and_exp></or_exp>
</condition>

<Node id="117" bw="8" op_0_bw="8" op_1_bw="8">
<![CDATA[
_ifconv:45 %shl_ln414 = shl i8 %p_Result_15, i8 %zext_ln414_1

]]></Node>
<StgValue><ssdm name="shl_ln414"/></StgValue>
</operation>

<operation id="117" st_id="3" stage="1" lat="1">
<core>NULL</core>
<MemPortIdVec></MemPortIdVec>
<condition id="-1">
<or_exp><and_exp><literal name="icmp_ln1038" val="1"/>
<literal name="icmp_ln1049" val="1"/>
<literal name="icmp_ln414" val="1"/>
</and_exp></or_exp>
</condition>

<Node id="118" bw="8" op_0_bw="8" op_1_bw="8" op_2_bw="32" op_3_bw="32">
<![CDATA[
_ifconv:46 %tmp_3 = partselect i8 @llvm.part.select.i8, i8 %shl_ln414, i32, i32

]]></Node>
<StgValue><ssdm name="tmp_3"/></StgValue>
</operation>

<operation id="118" st_id="3" stage="1" lat="1">
<core>Sel</core>
<MemPortIdVec></MemPortIdVec>
<condition id="-1">
<or_exp><and_exp><literal name="icmp_ln1038" val="1"/>
<literal name="icmp_ln1049" val="1"/>
</and_exp></or_exp>
</condition>

<Node id="119" bw="8" op_0_bw="1" op_1_bw="8" op_2_bw="8">
<![CDATA[
_ifconv:47 %select_ln414_3 = select i1 %icmp_ln414, i8 %tmp_3, i8 %shl_ln414

]]></Node>
<StgValue><ssdm name="select_ln414_3"/></StgValue>
</operation>

<operation id="119" st_id="3" stage="1" lat="1">
<core>Shift</core>
<MemPortIdVec></MemPortIdVec>
<condition id="-1">
<or_exp><and_exp><literal name="icmp_ln1038" val="1"/>
<literal name="icmp_ln1049" val="1"/>
</and_exp></or_exp>
</condition>

<Node id="120" bw="8" op_0_bw="8" op_1_bw="8">
<![CDATA[
_ifconv:48 %shl_ln414_1 = shl i8, i8 %zext_ln414_2

]]></Node>
<StgValue><ssdm name="shl_ln414_1"/></StgValue>
</operation>

<operation id="120" st_id="3" stage="1" lat="1">
<core>Shift</core>
<MemPortIdVec></MemPortIdVec>
<condition id="-1">
<or_exp><and_exp><literal name="icmp_ln1038" val="1"/>
<literal name="icmp_ln1049" val="1"/>
</and_exp></or_exp>
</condition>

<Node id="121" bw="8" op_0_bw="8" op_1_bw="8">
<![CDATA[
_ifconv:49 %lshr_ln414_1 = lshr i8, i8 %zext_ln414_3

]]></Node>
<StgValue><ssdm name="lshr_ln414_1"/></StgValue>
</operation>

<operation id="121" st_id="3" stage="1" lat="1">
<core>LogicGate</core>
<MemPortIdVec></MemPortIdVec>
<condition id="-1">
<or_exp><and_exp><literal name="icmp_ln1038" val="1"/>
<literal name="icmp_ln1049" val="1"/>
</and_exp></or_exp>
</condition>

<Node id="122" bw="8" op_0_bw="8" op_1_bw="8">
<![CDATA[
_ifconv:50 %and_ln414 = and i8 %shl_ln414_1, i8 %lshr_ln414_1

]]></Node>
<StgValue><ssdm name="and_ln414"/></StgValue>
</operation>

<operation id="122" st_id="3" stage="1" lat="1">
<core>LogicGate</core>
<MemPortIdVec></MemPortIdVec>
<condition id="-1">
<or_exp><and_exp><literal name="icmp_ln1038" val="1"/>
<literal name="icmp_ln1049" val="1"/>
</and_exp></or_exp>
</condition>

<Node id="123" bw="8" op_0_bw="8" op_1_bw="8">
<![CDATA[
_ifconv:51 %xor_ln414 = xor i8 %and_ln414, i8

]]></Node>
<StgValue><ssdm name="xor_ln414"/></StgValue>
</operation>

<operation id="123" st_id="3" stage="1" lat="1">
<core>LogicGate</core>
<MemPortIdVec></MemPortIdVec>
<condition id="-1">
<or_exp><and_exp><literal name="icmp_ln1038" val="1"/>
<literal name="icmp_ln1049" val="1"/>
</and_exp></or_exp>
</condition>

<Node id="124" bw="8" op_0_bw="8" op_1_bw="8">
<![CDATA[
_ifconv:52 %and_ln414_1 = and i8 %p_Val2_4, i8 %xor_ln414

]]></Node>
<StgValue><ssdm name="and_ln414_1"/></StgValue>
</operation>

<operation id="124" st_id="3" stage="1" lat="1">
<core>LogicGate</core>
<MemPortIdVec></MemPortIdVec>
<condition id="-1">
<or_exp><and_exp><literal name="icmp_ln1038" val="1"/>
<literal name="icmp_ln1049" val="1"/>
</and_exp></or_exp>
</condition>

<Node id="125" bw="8" op_0_bw="8" op_1_bw="8">
<![CDATA[
_ifconv:53 %and_ln414_2 = and i8 %select_ln414_3, i8 %and_ln414

]]></Node>
<StgValue><ssdm name="and_ln414_2"/></StgValue>
</operation>

<operation id="125" st_id="3" stage="1" lat="1">
<core>LogicGate</core>
<MemPortIdVec></MemPortIdVec>
<condition id="-1">
<or_exp><and_exp><literal name="icmp_ln1038" val="1"/>
<literal name="icmp_ln1049" val="1"/>
</and_exp></or_exp>
</condition>

<Node id="126" bw="8" op_0_bw="8" op_1_bw="8">
<![CDATA[
_ifconv:54 %p_Result_12 = or i8 %and_ln414_1, i8 %and_ln414_2

]]></Node>
<StgValue><ssdm name="p_Result_12"/></StgValue>
</operation>

<operation id="126" st_id="3" stage="1" lat="1">
<core>NULL</core>
<MemPortIdVec></MemPortIdVec>
<condition id="-1">
<or_exp><and_exp><literal name="icmp_ln1038" val="1"/>
<literal name="icmp_ln1049" val="1"/>
</and_exp></or_exp>
</condition>

<Node id="128" bw="0" op_0_bw="8" op_1_bw="8" op_2_bw="0" op_3_bw="0">
<![CDATA[
_ifconv:56 %store_ln1056 = store i8 %val, i8 %p_Val2_s, void %store_ln1038, i8 %p_Val2_load

]]></Node>
<StgValue><ssdm name="store_ln1056"/></StgValue>
</operation>

<operation id="127" st_id="3" stage="1" lat="1">
<core>NULL</core>
<MemPortIdVec></MemPortIdVec>
<condition id="-1">
<or_exp><and_exp><literal name="icmp_ln1038" val="1"/>
<literal name="icmp_ln1049" val="1"/>
</and_exp></or_exp>
</condition>

<Node id="130" bw="0" op_0_bw="0">
<![CDATA[
_ifconv:58 %br_ln1056 = br void

]]></Node>
<StgValue><ssdm name="br_ln1056"/></StgValue>
</operation>

<operation id="128" st_id="3" stage="1" lat="1">
<core>NULL</core>
<MemPortIdVec></MemPortIdVec>
<condition id="-1">
<or_exp><and_exp><literal name="icmp_ln1038" val="1"/>
</and_exp></or_exp>
</condition>

<Node id="132" bw="8" op_0_bw="8" op_1_bw="0" op_2_bw="8" op_3_bw="0">
<![CDATA[
:0 %empty = phi i8 %p_Result_12, void %_ifconv, i8 %p_Result_13, void

]]></Node>
<StgValue><ssdm name="empty"/></StgValue>
</operation>

<operation id="129" st_id="3" stage="1" lat="1">
<core>FIFO_SRL</core>
<MemPortIdVec></MemPortIdVec>
<condition id="-1">
<or_exp><and_exp><literal name="icmp_ln1038" val="1"/>
</and_exp></or_exp>
</condition>

<Node id="133" bw="0" op_0_bw="0" op_1_bw="8" op_2_bw="8">
<![CDATA[
:1 %write_ln167 = write void @_ssdm_op_Write.ap_fifo.volatile.i8P, i8 %imgInput_417, i8 %empty

]]></Node>
<StgValue><ssdm name="write_ln167"/></StgValue>
</operation>

<operation id="130" st_id="3" stage="1" lat="1">
<core>NULL</core>
<MemPortIdVec></MemPortIdVec>
<condition id="-1">
<or_exp><and_exp><literal name="icmp_ln1038" val="1"/>
</and_exp></or_exp>
</condition>

<Node id="136" bw="0" op_0_bw="0">
<![CDATA[
:4 %br_ln0 = br void

]]></Node>
<StgValue><ssdm name="br_ln0"/></StgValue>
</operation>
</state>

<state id="4" st_id="4">

<operation id="131" st_id="4" stage="1" lat="1">
<core>NULL</core>
<MemPortIdVec></MemPortIdVec>
<condition id="-1">
<or_exp><and_exp></and_exp></or_exp>
</condition>

<Node id="138" bw="0">
<![CDATA[
.exit:0 %ret_ln1115 = ret

]]></Node>
<StgValue><ssdm name="ret_ln1115"/></StgValue>
</operation>
</state>
</state_list>


<ports>
<port id="144" name="ldata1" dir="0" iftype="3">
<core>FIFO_SRL</core><StgValue><ssdm name="ldata1"/></StgValue>
</port>
<port id="145" name="imgInput_417" dir="1" iftype="3">
<core>FIFO_SRL</core><StgValue><ssdm name="imgInput_417"/></StgValue>
</port>
<port id="146" name="rows" dir="0" iftype="3">
<core>FIFO_SRL</core><StgValue><ssdm name="rows"/></StgValue>
</port>
<port id="147" name="cols_bound_per_npc" dir="0" iftype="3">
<core>FIFO_SRL</core><StgValue><ssdm name="cols_bound_per_npc"/></StgValue>
</port>
<port id="148" name="last_blk_width" dir="0" iftype="3">
<core>FIFO_SRL</core><StgValue><ssdm name="last_blk_width"/></StgValue>
</port>
</ports>


<dataflows>
<dataflow id="150" from="StgValue_149" to="rem" fromId="149" toId="5">
</dataflow>
<dataflow id="151" from="StgValue_149" to="p_Val2_s" fromId="149" toId="6">
</dataflow>
<dataflow id="153" from="_ssdm_op_SpecInterface" to="specinterface_ln0" fromId="152" toId="7">
</dataflow>
<dataflow id="154" from="ldata1" to="specinterface_ln0" fromId="144" toId="7">
</dataflow>
<dataflow id="156" from="empty_0" to="specinterface_ln0" fromId="155" toId="7">
</dataflow>
<dataflow id="158" from="StgValue_157" to="specinterface_ln0" fromId="157" toId="7">
</dataflow>
<dataflow id="159" from="StgValue_157" to="specinterface_ln0" fromId="157" toId="7">
</dataflow>
<dataflow id="161" from="empty_21" to="specinterface_ln0" fromId="160" toId="7">
</dataflow>
<dataflow id="162" from="StgValue_157" to="specinterface_ln0" fromId="157" toId="7">
</dataflow>
<dataflow id="163" from="StgValue_157" to="specinterface_ln0" fromId="157" toId="7">
</dataflow>
<dataflow id="164" from="empty_21" to="specinterface_ln0" fromId="160" toId="7">
</dataflow>
<dataflow id="165" from="empty_21" to="specinterface_ln0" fromId="160" toId="7">
</dataflow>
<dataflow id="166" from="empty_21" to="specinterface_ln0" fromId="160" toId="7">
</dataflow>
<dataflow id="167" from="StgValue_157" to="specinterface_ln0" fromId="157" toId="7">
</dataflow>
<dataflow id="168" from="StgValue_157" to="specinterface_ln0" fromId="157" toId="7">
</dataflow>
<dataflow id="169" from="StgValue_157" to="specinterface_ln0" fromId="157" toId="7">
</dataflow>
<dataflow id="170" from="StgValue_157" to="specinterface_ln0" fromId="157" toId="7">
</dataflow>
<dataflow id="171" from="empty_21" to="specinterface_ln0" fromId="160" toId="7">
</dataflow>
<dataflow id="172" from="empty_21" to="specinterface_ln0" fromId="160" toId="7">
</dataflow>
<dataflow id="173" from="_ssdm_op_SpecInterface" to="specinterface_ln0" fromId="152" toId="8">
</dataflow>
<dataflow id="174" from="imgInput_417" to="specinterface_ln0" fromId="145" toId="8">
</dataflow>
<dataflow id="175" from="empty_0" to="specinterface_ln0" fromId="155" toId="8">
</dataflow>
<dataflow id="176" from="StgValue_157" to="specinterface_ln0" fromId="157" toId="8">
</dataflow>
<dataflow id="177" from="StgValue_157" to="specinterface_ln0" fromId="157" toId="8">
</dataflow>
<dataflow id="178" from="empty_21" to="specinterface_ln0" fromId="160" toId="8">
</dataflow>
<dataflow id="179" from="StgValue_157" to="specinterface_ln0" fromId="157" toId="8">
</dataflow>
<dataflow id="180" from="StgValue_157" to="specinterface_ln0" fromId="157" toId="8">
</dataflow>
<dataflow id="181" from="empty_21" to="specinterface_ln0" fromId="160" toId="8">
</dataflow>
<dataflow id="182" from="empty_21" to="specinterface_ln0" fromId="160" toId="8">
</dataflow>
<dataflow id="183" from="empty_21" to="specinterface_ln0" fromId="160" toId="8">
</dataflow>
<dataflow id="184" from="StgValue_157" to="specinterface_ln0" fromId="157" toId="8">
</dataflow>
<dataflow id="185" from="StgValue_157" to="specinterface_ln0" fromId="157" toId="8">
</dataflow>
<dataflow id="186" from="StgValue_157" to="specinterface_ln0" fromId="157" toId="8">
</dataflow>
<dataflow id="187" from="StgValue_157" to="specinterface_ln0" fromId="157" toId="8">
</dataflow>
<dataflow id="188" from="empty_21" to="specinterface_ln0" fromId="160" toId="8">
</dataflow>
<dataflow id="189" from="empty_21" to="specinterface_ln0" fromId="160" toId="8">
</dataflow>
<dataflow id="190" from="_ssdm_op_SpecInterface" to="specinterface_ln0" fromId="152" toId="9">
</dataflow>
<dataflow id="191" from="last_blk_width" to="specinterface_ln0" fromId="148" toId="9">
</dataflow>
<dataflow id="193" from="ap_fifo_str" to="specinterface_ln0" fromId="192" toId="9">
</dataflow>
<dataflow id="194" from="StgValue_157" to="specinterface_ln0" fromId="157" toId="9">
</dataflow>
<dataflow id="195" from="StgValue_157" to="specinterface_ln0" fromId="157" toId="9">
</dataflow>
<dataflow id="197" from="p_str" to="specinterface_ln0" fromId="196" toId="9">
</dataflow>
<dataflow id="198" from="StgValue_157" to="specinterface_ln0" fromId="157" toId="9">
</dataflow>
<dataflow id="199" from="StgValue_157" to="specinterface_ln0" fromId="157" toId="9">
</dataflow>
<dataflow id="200" from="p_str" to="specinterface_ln0" fromId="196" toId="9">
</dataflow>
<dataflow id="201" from="p_str" to="specinterface_ln0" fromId="196" toId="9">
</dataflow>
<dataflow id="202" from="p_str" to="specinterface_ln0" fromId="196" toId="9">
</dataflow>
<dataflow id="204" from="StgValue_203" to="specinterface_ln0" fromId="203" toId="9">
</dataflow>
<dataflow id="205" from="StgValue_203" to="specinterface_ln0" fromId="203" toId="9">
</dataflow>
<dataflow id="207" from="StgValue_206" to="specinterface_ln0" fromId="206" toId="9">
</dataflow>
<dataflow id="208" from="StgValue_206" to="specinterface_ln0" fromId="206" toId="9">
</dataflow>
<dataflow id="209" from="p_str" to="specinterface_ln0" fromId="196" toId="9">
</dataflow>
<dataflow id="211" from="ScalarProp_str" to="specinterface_ln0" fromId="210" toId="9">
</dataflow>
<dataflow id="212" from="_ssdm_op_SpecInterface" to="specinterface_ln0" fromId="152" toId="10">
</dataflow>
<dataflow id="213" from="cols_bound_per_npc" to="specinterface_ln0" fromId="147" toId="10">
</dataflow>
<dataflow id="214" from="ap_fifo_str" to="specinterface_ln0" fromId="192" toId="10">
</dataflow>
<dataflow id="215" from="StgValue_157" to="specinterface_ln0" fromId="157" toId="10">
</dataflow>
<dataflow id="216" from="StgValue_157" to="specinterface_ln0" fromId="157" toId="10">
</dataflow>
<dataflow id="217" from="p_str" to="specinterface_ln0" fromId="196" toId="10">
</dataflow>
<dataflow id="218" from="StgValue_157" to="specinterface_ln0" fromId="157" toId="10">
</dataflow>
<dataflow id="219" from="StgValue_157" to="specinterface_ln0" fromId="157" toId="10">
</dataflow>
<dataflow id="220" from="p_str" to="specinterface_ln0" fromId="196" toId="10">
</dataflow>
<dataflow id="221" from="p_str" to="specinterface_ln0" fromId="196" toId="10">
</dataflow>
<dataflow id="222" from="p_str" to="specinterface_ln0" fromId="196" toId="10">
</dataflow>
<dataflow id="223" from="StgValue_203" to="specinterface_ln0" fromId="203" toId="10">
</dataflow>
<dataflow id="224" from="StgValue_203" to="specinterface_ln0" fromId="203" toId="10">
</dataflow>
<dataflow id="225" from="StgValue_206" to="specinterface_ln0" fromId="206" toId="10">
</dataflow>
<dataflow id="226" from="StgValue_206" to="specinterface_ln0" fromId="206" toId="10">
</dataflow>
<dataflow id="227" from="p_str" to="specinterface_ln0" fromId="196" toId="10">
</dataflow>
<dataflow id="228" from="ScalarProp_str" to="specinterface_ln0" fromId="210" toId="10">
</dataflow>
<dataflow id="229" from="_ssdm_op_SpecInterface" to="specinterface_ln0" fromId="152" toId="11">
</dataflow>
<dataflow id="230" from="rows" to="specinterface_ln0" fromId="146" toId="11">
</dataflow>
<dataflow id="231" from="ap_fifo_str" to="specinterface_ln0" fromId="192" toId="11">
</dataflow>
<dataflow id="232" from="StgValue_157" to="specinterface_ln0" fromId="157" toId="11">
</dataflow>
<dataflow id="233" from="StgValue_157" to="specinterface_ln0" fromId="157" toId="11">
</dataflow>
<dataflow id="234" from="p_str" to="specinterface_ln0" fromId="196" toId="11">
</dataflow>
<dataflow id="235" from="StgValue_157" to="specinterface_ln0" fromId="157" toId="11">
</dataflow>
<dataflow id="236" from="StgValue_157" to="specinterface_ln0" fromId="157" toId="11">
</dataflow>
<dataflow id="237" from="p_str" to="specinterface_ln0" fromId="196" toId="11">
</dataflow>
<dataflow id="238" from="p_str" to="specinterface_ln0" fromId="196" toId="11">
</dataflow>
<dataflow id="239" from="p_str" to="specinterface_ln0" fromId="196" toId="11">
</dataflow>
<dataflow id="240" from="StgValue_203" to="specinterface_ln0" fromId="203" toId="11">
</dataflow>
<dataflow id="241" from="StgValue_203" to="specinterface_ln0" fromId="203" toId="11">
</dataflow>
<dataflow id="242" from="StgValue_206" to="specinterface_ln0" fromId="206" toId="11">
</dataflow>
<dataflow id="243" from="StgValue_206" to="specinterface_ln0" fromId="206" toId="11">
</dataflow>
<dataflow id="244" from="p_str" to="specinterface_ln0" fromId="196" toId="11">
</dataflow>
<dataflow id="245" from="ScalarProp_str" to="specinterface_ln0" fromId="210" toId="11">
</dataflow>
<dataflow id="247" from="_ssdm_op_Read.ap_fifo.i32P" to="rows_2" fromId="246" toId="12">
</dataflow>
<dataflow id="248" from="rows" to="rows_2" fromId="146" toId="12">
</dataflow>
<dataflow id="249" from="_ssdm_op_Read.ap_fifo.i32P" to="cols_bound_per_npc_2" fromId="246" toId="13">
</dataflow>
<dataflow id="250" from="cols_bound_per_npc" to="cols_bound_per_npc_2" fromId="147" toId="13">
</dataflow>
<dataflow id="252" from="_ssdm_op_Read.ap_fifo.i4P" to="last_blk_width_1" fromId="251" toId="14">
</dataflow>
<dataflow id="253" from="last_blk_width" to="last_blk_width_1" fromId="148" toId="14">
</dataflow>
<dataflow id="254" from="last_blk_width_1" to="last_blk_width_cast_i" fromId="14" toId="15">
</dataflow>
<dataflow id="255" from="_ssdm_op_SpecInterface" to="specinterface_ln0" fromId="152" toId="16">
</dataflow>
<dataflow id="256" from="ldata1" to="specinterface_ln0" fromId="144" toId="16">
</dataflow>
<dataflow id="257" from="empty_0" to="specinterface_ln0" fromId="155" toId="16">
</dataflow>
<dataflow id="258" from="StgValue_157" to="specinterface_ln0" fromId="157" toId="16">
</dataflow>
<dataflow id="259" from="StgValue_157" to="specinterface_ln0" fromId="157" toId="16">
</dataflow>
<dataflow id="260" from="empty_21" to="specinterface_ln0" fromId="160" toId="16">
</dataflow>
<dataflow id="261" from="StgValue_157" to="specinterface_ln0" fromId="157" toId="16">
</dataflow>
<dataflow id="262" from="StgValue_157" to="specinterface_ln0" fromId="157" toId="16">
</dataflow>
<dataflow id="263" from="empty_21" to="specinterface_ln0" fromId="160" toId="16">
</dataflow>
<dataflow id="264" from="empty_21" to="specinterface_ln0" fromId="160" toId="16">
</dataflow>
<dataflow id="265" from="empty_21" to="specinterface_ln0" fromId="160" toId="16">
</dataflow>
<dataflow id="266" from="StgValue_157" to="specinterface_ln0" fromId="157" toId="16">
</dataflow>
<dataflow id="267" from="StgValue_157" to="specinterface_ln0" fromId="157" toId="16">
</dataflow>
<dataflow id="268" from="StgValue_157" to="specinterface_ln0" fromId="157" toId="16">
</dataflow>
<dataflow id="269" from="StgValue_157" to="specinterface_ln0" fromId="157" toId="16">
</dataflow>
<dataflow id="270" from="empty_21" to="specinterface_ln0" fromId="160" toId="16">
</dataflow>
<dataflow id="271" from="empty_21" to="specinterface_ln0" fromId="160" toId="16">
</dataflow>
<dataflow id="272" from="_ssdm_op_SpecInterface" to="specinterface_ln0" fromId="152" toId="17">
</dataflow>
<dataflow id="273" from="imgInput_417" to="specinterface_ln0" fromId="145" toId="17">
</dataflow>
<dataflow id="274" from="empty_0" to="specinterface_ln0" fromId="155" toId="17">
</dataflow>
<dataflow id="275" from="StgValue_157" to="specinterface_ln0" fromId="157" toId="17">
</dataflow>
<dataflow id="276" from="StgValue_157" to="specinterface_ln0" fromId="157" toId="17">
</dataflow>
<dataflow id="277" from="empty_21" to="specinterface_ln0" fromId="160" toId="17">
</dataflow>
<dataflow id="278" from="StgValue_157" to="specinterface_ln0" fromId="157" toId="17">
</dataflow>
<dataflow id="279" from="StgValue_157" to="specinterface_ln0" fromId="157" toId="17">
</dataflow>
<dataflow id="280" from="empty_21" to="specinterface_ln0" fromId="160" toId="17">
</dataflow>
<dataflow id="281" from="empty_21" to="specinterface_ln0" fromId="160" toId="17">
</dataflow>
<dataflow id="282" from="empty_21" to="specinterface_ln0" fromId="160" toId="17">
</dataflow>
<dataflow id="283" from="StgValue_157" to="specinterface_ln0" fromId="157" toId="17">
</dataflow>
<dataflow id="284" from="StgValue_157" to="specinterface_ln0" fromId="157" toId="17">
</dataflow>
<dataflow id="285" from="StgValue_157" to="specinterface_ln0" fromId="157" toId="17">
</dataflow>
<dataflow id="286" from="StgValue_157" to="specinterface_ln0" fromId="157" toId="17">
</dataflow>
<dataflow id="287" from="empty_21" to="specinterface_ln0" fromId="160" toId="17">
</dataflow>
<dataflow id="288" from="empty_21" to="specinterface_ln0" fromId="160" toId="17">
</dataflow>
<dataflow id="289" from="cols_bound_per_npc_2" to="bound" fromId="13" toId="18">
</dataflow>
<dataflow id="290" from="rows_2" to="bound" fromId="12" toId="18">
</dataflow>
<dataflow id="291" from="cols_bound_per_npc_2" to="sub_i" fromId="13" toId="19">
</dataflow>
<dataflow id="293" from="StgValue_292" to="sub_i" fromId="292" toId="19">
</dataflow>
<dataflow id="295" from="StgValue_294" to="sub2_i" fromId="294" toId="20">
</dataflow>
<dataflow id="296" from="last_blk_width_cast_i" to="sub2_i" fromId="15" toId="20">
</dataflow>
<dataflow id="297" from="last_blk_width_cast_i" to="add_ln1057" fromId="15" toId="21">
</dataflow>
<dataflow id="299" from="StgValue_298" to="add_ln1057" fromId="298" toId="21">
</dataflow>
<dataflow id="301" from="StgValue_300" to="store_ln1038" fromId="300" toId="22">
</dataflow>
<dataflow id="302" from="p_Val2_s" to="store_ln1038" fromId="6" toId="22">
</dataflow>
<dataflow id="303" from="StgValue_157" to="store_ln1038" fromId="157" toId="23">
</dataflow>
<dataflow id="304" from="rem" to="store_ln1038" fromId="5" toId="23">
</dataflow>
<dataflow id="305" from="StgValue_157" to="j" fromId="157" toId="25">
<condition id="-1">
<or_exp><and_exp></and_exp></or_exp>
</condition>
</dataflow>
<dataflow id="306" from="br_ln1038" to="j" fromId="24" toId="25">
</dataflow>
<dataflow id="307" from="j_2" to="j" fromId="67" toId="25">
<BackEdge/>
<condition id="-1">
<or_exp><and_exp><literal name="icmp_ln1038" val="1"/>
</and_exp></or_exp>
</condition>
</dataflow>
<dataflow id="308" from="br_ln0" to="j" fromId="130" toId="25">
<BackEdge/>
</dataflow>
<dataflow id="310" from="StgValue_309" to="i" fromId="309" toId="26">
<condition id="-1">
<or_exp><and_exp></and_exp></or_exp>
</condition>
</dataflow>
<dataflow id="311" from="br_ln1038" to="i" fromId="24" toId="26">
</dataflow>
<dataflow id="312" from="add_ln1038" to="i" fromId="29" toId="26">
<BackEdge/>
<condition id="-1">
<or_exp><and_exp><literal name="icmp_ln1038" val="1"/>
</and_exp></or_exp>
</condition>
</dataflow>
<dataflow id="313" from="br_ln0" to="i" fromId="130" toId="26">
<BackEdge/>
</dataflow>
<dataflow id="314" from="i" to="zext_ln1027" fromId="26" toId="27">
</dataflow>
<dataflow id="315" from="zext_ln1027" to="icmp_ln1038" fromId="27" toId="28">
</dataflow>
<dataflow id="316" from="bound" to="icmp_ln1038" fromId="18" toId="28">
</dataflow>
<dataflow id="317" from="i" to="add_ln1038" fromId="26" toId="29">
</dataflow>
<dataflow id="319" from="StgValue_318" to="add_ln1038" fromId="318" toId="29">
</dataflow>
<dataflow id="320" from="icmp_ln1038" to="br_ln1038" fromId="28" toId="30">
</dataflow>
<dataflow id="321" from="rem" to="rem_load" fromId="5" toId="31">
</dataflow>
<dataflow id="322" from="j" to="bLast" fromId="25" toId="32">
</dataflow>
<dataflow id="323" from="sub_i" to="bLast" fromId="19" toId="32">
</dataflow>
<dataflow id="324" from="bLast" to="xf_bits_per_clock" fromId="32" toId="33">
</dataflow>
<dataflow id="325" from="last_blk_width_1" to="xf_bits_per_clock" fromId="14" toId="33">
</dataflow>
<dataflow id="327" from="StgValue_326" to="xf_bits_per_clock" fromId="326" toId="33">
</dataflow>
<dataflow id="328" from="xf_bits_per_clock" to="zext_ln1044" fromId="33" toId="34">
</dataflow>
<dataflow id="329" from="xf_bits_per_clock" to="zext_ln1044_1" fromId="33" toId="35">
</dataflow>
<dataflow id="330" from="bLast" to="ptr_width_minus" fromId="32" toId="36">
</dataflow>
<dataflow id="331" from="sub2_i" to="ptr_width_minus" fromId="20" toId="36">
</dataflow>
<dataflow id="333" from="StgValue_332" to="ptr_width_minus" fromId="332" toId="36">
</dataflow>
<dataflow id="334" from="ptr_width_minus" to="sext_ln1045" fromId="36" toId="37">
</dataflow>
<dataflow id="335" from="rem_load" to="icmp_ln1049" fromId="31" toId="38">
</dataflow>
<dataflow id="336" from="zext_ln1044" to="icmp_ln1049" fromId="34" toId="38">
</dataflow>
<dataflow id="337" from="icmp_ln1049" to="br_ln1049" fromId="38" toId="39">
</dataflow>
<dataflow id="338" from="bLast" to="select_ln1057" fromId="32" toId="40">
</dataflow>
<dataflow id="339" from="add_ln1057" to="select_ln1057" fromId="21" toId="40">
</dataflow>
<dataflow id="341" from="StgValue_340" to="select_ln1057" fromId="340" toId="40">
</dataflow>
<dataflow id="342" from="select_ln1057" to="zext_ln1057" fromId="40" toId="41">
</dataflow>
<dataflow id="343" from="zext_ln1057" to="sub_ln1057" fromId="41" toId="42">
</dataflow>
<dataflow id="344" from="rem_load" to="sub_ln1057" fromId="31" toId="42">
</dataflow>
<dataflow id="346" from="StgValue_345" to="sub_ln1057_1" fromId="345" toId="43">
</dataflow>
<dataflow id="347" from="rem_load" to="sub_ln1057_1" fromId="31" toId="43">
</dataflow>
<dataflow id="348" from="sub_ln1057_1" to="icmp_ln674_1" fromId="43" toId="44">
</dataflow>
<dataflow id="349" from="sub_ln1057" to="icmp_ln674_1" fromId="42" toId="44">
</dataflow>
<dataflow id="350" from="sub_ln1057_1" to="trunc_ln674_1" fromId="43" toId="45">
</dataflow>
<dataflow id="351" from="sub_ln1057" to="trunc_ln674_2" fromId="42" toId="46">
</dataflow>
<dataflow id="352" from="rem_load" to="rem_2" fromId="31" toId="47">
</dataflow>
<dataflow id="353" from="zext_ln1044" to="rem_2" fromId="34" toId="47">
</dataflow>
<dataflow id="354" from="rem_2" to="store_ln1058" fromId="47" toId="48">
</dataflow>
<dataflow id="355" from="rem" to="store_ln1058" fromId="5" toId="48">
</dataflow>
<dataflow id="356" from="rem_load" to="icmp_ln1050" fromId="31" toId="49">
</dataflow>
<dataflow id="357" from="StgValue_157" to="icmp_ln1050" fromId="157" toId="49">
</dataflow>
<dataflow id="358" from="StgValue_345" to="sub_ln1051" fromId="345" toId="50">
</dataflow>
<dataflow id="359" from="rem_load" to="sub_ln1051" fromId="31" toId="50">
</dataflow>
<dataflow id="360" from="rem_load" to="trunc_ln1051" fromId="31" toId="51">
</dataflow>
<dataflow id="362" from="_ssdm_op_PartSelect.i29.i32.i32.i32" to="tmp" fromId="361" toId="52">
</dataflow>
<dataflow id="363" from="sub_ln1051" to="tmp" fromId="50" toId="52">
</dataflow>
<dataflow id="365" from="StgValue_364" to="tmp" fromId="364" toId="52">
</dataflow>
<dataflow id="367" from="StgValue_366" to="tmp" fromId="366" toId="52">
</dataflow>
<dataflow id="368" from="tmp" to="icmp_ln674" fromId="52" toId="53">
</dataflow>
<dataflow id="370" from="StgValue_369" to="icmp_ln674" fromId="369" toId="53">
</dataflow>
<dataflow id="371" from="sub_ln1051" to="trunc_ln674" fromId="50" toId="54">
</dataflow>
<dataflow id="373" from="StgValue_372" to="add_ln1054" fromId="372" toId="55">
</dataflow>
<dataflow id="374" from="zext_ln1044_1" to="add_ln1054" fromId="35" toId="55">
</dataflow>
<dataflow id="375" from="add_ln1054" to="sext_ln1054" fromId="55" toId="56">
</dataflow>
<dataflow id="376" from="add_ln1054" to="trunc_ln1054" fromId="55" toId="57">
</dataflow>
<dataflow id="377" from="rem_load" to="trunc_ln1054_1" fromId="31" toId="58">
</dataflow>
<dataflow id="378" from="trunc_ln1054_1" to="sub_ln674_3" fromId="58" toId="59">
</dataflow>
<dataflow id="379" from="trunc_ln1054" to="sub_ln674_3" fromId="57" toId="59">
</dataflow>
<dataflow id="381" from="StgValue_380" to="add_ln674_1" fromId="380" toId="60">
</dataflow>
<dataflow id="382" from="sub_ln674_3" to="add_ln674_1" fromId="59" toId="60">
</dataflow>
<dataflow id="383" from="rem_load" to="icmp_ln414" fromId="31" toId="61">
</dataflow>
<dataflow id="384" from="sext_ln1054" to="icmp_ln414" fromId="56" toId="61">
</dataflow>
<dataflow id="385" from="rem_load" to="trunc_ln414" fromId="31" toId="62">
</dataflow>
<dataflow id="386" from="add_ln1054" to="trunc_ln414_1" fromId="55" toId="63">
</dataflow>
<dataflow id="387" from="sext_ln1045" to="rem_1" fromId="37" toId="64">
</dataflow>
<dataflow id="388" from="rem_load" to="rem_1" fromId="31" toId="64">
</dataflow>
<dataflow id="389" from="rem_1" to="store_ln1056" fromId="64" toId="65">
</dataflow>
<dataflow id="390" from="rem" to="store_ln1056" fromId="5" toId="65">
</dataflow>
<dataflow id="391" from="j" to="add_ln1061" fromId="25" toId="66">
</dataflow>
<dataflow id="392" from="StgValue_149" to="add_ln1061" fromId="149" toId="66">
</dataflow>
<dataflow id="393" from="bLast" to="j_2" fromId="32" toId="67">
</dataflow>
<dataflow id="394" from="StgValue_157" to="j_2" fromId="157" toId="67">
</dataflow>
<dataflow id="395" from="add_ln1061" to="j_2" fromId="66" toId="67">
</dataflow>
<dataflow id="397" from="_ssdm_op_SpecPipeline" to="specpipeline_ln1032" fromId="396" toId="68">
</dataflow>
<dataflow id="398" from="StgValue_292" to="specpipeline_ln1032" fromId="292" toId="68">
</dataflow>
<dataflow id="399" from="StgValue_149" to="specpipeline_ln1032" fromId="149" toId="68">
</dataflow>
<dataflow id="400" from="StgValue_157" to="specpipeline_ln1032" fromId="157" toId="68">
</dataflow>
<dataflow id="401" from="StgValue_157" to="specpipeline_ln1032" fromId="157" toId="68">
</dataflow>
<dataflow id="402" from="empty_21" to="specpipeline_ln1032" fromId="160" toId="68">
</dataflow>
<dataflow id="404" from="_ssdm_op_SpecLoopTripCount" to="speclooptripcount_ln1032" fromId="403" toId="69">
</dataflow>
<dataflow id="406" from="StgValue_405" to="speclooptripcount_ln1032" fromId="405" toId="69">
</dataflow>
<dataflow id="408" from="StgValue_407" to="speclooptripcount_ln1032" fromId="407" toId="69">
</dataflow>
<dataflow id="410" from="StgValue_409" to="speclooptripcount_ln1032" fromId="409" toId="69">
</dataflow>
<dataflow id="412" from="_ssdm_op_SpecLoopName" to="specloopname_ln1032" fromId="411" toId="70">
</dataflow>
<dataflow id="414" from="empty_9" to="specloopname_ln1032" fromId="413" toId="70">
</dataflow>
<dataflow id="415" from="p_Val2_s" to="p_Val2_load" fromId="6" toId="71">
</dataflow>
<dataflow id="417" from="llvm.part.select.i8" to="tmp_4" fromId="416" toId="72">
</dataflow>
<dataflow id="418" from="p_Val2_load" to="tmp_4" fromId="71" toId="72">
</dataflow>
<dataflow id="420" from="StgValue_419" to="tmp_4" fromId="419" toId="72">
</dataflow>
<dataflow id="421" from="StgValue_157" to="tmp_4" fromId="157" toId="72">
</dataflow>
<dataflow id="422" from="trunc_ln674_1" to="sub_ln674_4" fromId="45" toId="73">
</dataflow>
<dataflow id="423" from="trunc_ln674_2" to="sub_ln674_4" fromId="46" toId="73">
</dataflow>
<dataflow id="424" from="StgValue_380" to="sub_ln674_5" fromId="380" toId="74">
</dataflow>
<dataflow id="425" from="trunc_ln674_1" to="sub_ln674_5" fromId="45" toId="74">
</dataflow>
<dataflow id="426" from="trunc_ln674_2" to="sub_ln674_6" fromId="46" toId="75">
</dataflow>
<dataflow id="427" from="trunc_ln674_1" to="sub_ln674_6" fromId="45" toId="75">
</dataflow>
<dataflow id="428" from="icmp_ln674_1" to="select_ln674_3" fromId="44" toId="76">
</dataflow>
<dataflow id="429" from="sub_ln674_4" to="select_ln674_3" fromId="73" toId="76">
</dataflow>
<dataflow id="430" from="sub_ln674_6" to="select_ln674_3" fromId="75" toId="76">
</dataflow>
<dataflow id="431" from="icmp_ln674_1" to="select_ln674_4" fromId="44" toId="77">
</dataflow>
<dataflow id="432" from="tmp_4" to="select_ln674_4" fromId="72" toId="77">
</dataflow>
<dataflow id="433" from="p_Val2_load" to="select_ln674_4" fromId="71" toId="77">
</dataflow>
<dataflow id="434" from="icmp_ln674_1" to="select_ln674_5" fromId="44" toId="78">
</dataflow>
<dataflow id="435" from="sub_ln674_5" to="select_ln674_5" fromId="74" toId="78">
</dataflow>
<dataflow id="436" from="trunc_ln674_1" to="select_ln674_5" fromId="45" toId="78">
</dataflow>
<dataflow id="437" from="StgValue_380" to="sub_ln674_7" fromId="380" toId="79">
</dataflow>
<dataflow id="438" from="select_ln674_3" to="sub_ln674_7" fromId="76" toId="79">
</dataflow>
<dataflow id="439" from="select_ln674_5" to="zext_ln674_3" fromId="78" toId="80">
</dataflow>
<dataflow id="440" from="sub_ln674_7" to="zext_ln674_4" fromId="79" toId="81">
</dataflow>
<dataflow id="441" from="select_ln674_4" to="lshr_ln674_3" fromId="77" toId="82">
</dataflow>
<dataflow id="442" from="zext_ln674_3" to="lshr_ln674_3" fromId="80" toId="82">
</dataflow>
<dataflow id="444" from="StgValue_443" to="lshr_ln674_4" fromId="443" toId="83">
</dataflow>
<dataflow id="445" from="zext_ln674_4" to="lshr_ln674_4" fromId="81" toId="83">
</dataflow>
<dataflow id="446" from="lshr_ln674_3" to="p_Result_13" fromId="82" toId="84">
</dataflow>
<dataflow id="447" from="lshr_ln674_4" to="p_Result_13" fromId="83" toId="84">
</dataflow>
<dataflow id="448" from="llvm.part.select.i8" to="tmp_2" fromId="416" toId="86">
</dataflow>
<dataflow id="449" from="p_Val2_load" to="tmp_2" fromId="71" toId="86">
</dataflow>
<dataflow id="450" from="StgValue_419" to="tmp_2" fromId="419" toId="86">
</dataflow>
<dataflow id="451" from="StgValue_157" to="tmp_2" fromId="157" toId="86">
</dataflow>
<dataflow id="453" from="StgValue_452" to="add_ln674" fromId="452" toId="87">
</dataflow>
<dataflow id="454" from="trunc_ln674" to="add_ln674" fromId="54" toId="87">
</dataflow>
<dataflow id="455" from="StgValue_380" to="sub_ln674" fromId="380" toId="88">
</dataflow>
<dataflow id="456" from="trunc_ln674" to="sub_ln674" fromId="54" toId="88">
</dataflow>
<dataflow id="457" from="StgValue_380" to="sub_ln674_1" fromId="380" toId="89">
</dataflow>
<dataflow id="458" from="trunc_ln674" to="sub_ln674_1" fromId="54" toId="89">
</dataflow>
<dataflow id="459" from="icmp_ln674" to="select_ln674" fromId="53" toId="90">
</dataflow>
<dataflow id="460" from="add_ln674" to="select_ln674" fromId="87" toId="90">
</dataflow>
<dataflow id="461" from="sub_ln674_1" to="select_ln674" fromId="89" toId="90">
</dataflow>
<dataflow id="462" from="icmp_ln674" to="select_ln674_1" fromId="53" toId="91">
</dataflow>
<dataflow id="463" from="tmp_2" to="select_ln674_1" fromId="86" toId="91">
</dataflow>
<dataflow id="464" from="p_Val2_load" to="select_ln674_1" fromId="71" toId="91">
</dataflow>
<dataflow id="465" from="icmp_ln674" to="select_ln674_2" fromId="53" toId="92">
</dataflow>
<dataflow id="466" from="sub_ln674" to="select_ln674_2" fromId="88" toId="92">
</dataflow>
<dataflow id="467" from="trunc_ln674" to="select_ln674_2" fromId="54" toId="92">
</dataflow>
<dataflow id="468" from="StgValue_380" to="sub_ln674_2" fromId="380" toId="93">
</dataflow>
<dataflow id="469" from="select_ln674" to="sub_ln674_2" fromId="90" toId="93">
</dataflow>
<dataflow id="470" from="select_ln674_2" to="zext_ln674" fromId="92" toId="94">
</dataflow>
<dataflow id="471" from="sub_ln674_2" to="zext_ln674_1" fromId="93" toId="95">
</dataflow>
<dataflow id="472" from="select_ln674_1" to="lshr_ln674" fromId="91" toId="96">
</dataflow>
<dataflow id="473" from="zext_ln674" to="lshr_ln674" fromId="94" toId="96">
</dataflow>
<dataflow id="474" from="StgValue_443" to="lshr_ln674_1" fromId="443" toId="97">
</dataflow>
<dataflow id="475" from="zext_ln674_1" to="lshr_ln674_1" fromId="95" toId="97">
</dataflow>
<dataflow id="476" from="lshr_ln674" to="p_Result_14" fromId="96" toId="98">
</dataflow>
<dataflow id="477" from="lshr_ln674_1" to="p_Result_14" fromId="97" toId="98">
</dataflow>
<dataflow id="478" from="StgValue_326" to="sub_ln414" fromId="326" toId="99">
</dataflow>
<dataflow id="479" from="trunc_ln1051" to="sub_ln414" fromId="51" toId="99">
</dataflow>
<dataflow id="480" from="sub_ln414" to="zext_ln414" fromId="99" toId="100">
</dataflow>
<dataflow id="481" from="StgValue_443" to="lshr_ln414" fromId="443" toId="101">
</dataflow>
<dataflow id="482" from="zext_ln414" to="lshr_ln414" fromId="100" toId="101">
</dataflow>
<dataflow id="483" from="p_Result_14" to="p_Result_s" fromId="98" toId="102">
</dataflow>
<dataflow id="484" from="lshr_ln414" to="p_Result_s" fromId="101" toId="102">
</dataflow>
<dataflow id="485" from="icmp_ln1050" to="p_Val2_4" fromId="49" toId="103">
</dataflow>
<dataflow id="486" from="StgValue_300" to="p_Val2_4" fromId="300" toId="103">
</dataflow>
<dataflow id="487" from="p_Result_s" to="p_Val2_4" fromId="102" toId="103">
</dataflow>
<dataflow id="489" from="_ssdm_op_Read.ap_fifo.volatile.i8P" to="val" fromId="488" toId="104">
</dataflow>
<dataflow id="490" from="ldata1" to="val" fromId="144" toId="104">
</dataflow>
<dataflow id="491" from="add_ln674_1" to="zext_ln674_2" fromId="60" toId="105">
</dataflow>
<dataflow id="492" from="StgValue_443" to="lshr_ln674_2" fromId="443" toId="106">
</dataflow>
<dataflow id="493" from="zext_ln674_2" to="lshr_ln674_2" fromId="105" toId="106">
</dataflow>
<dataflow id="494" from="val" to="p_Result_15" fromId="104" toId="107">
</dataflow>
<dataflow id="495" from="lshr_ln674_2" to="p_Result_15" fromId="106" toId="107">
</dataflow>
<dataflow id="496" from="StgValue_380" to="sub_ln414_1" fromId="380" toId="108">
</dataflow>
<dataflow id="497" from="trunc_ln414" to="sub_ln414_1" fromId="62" toId="108">
</dataflow>
<dataflow id="498" from="icmp_ln414" to="select_ln414" fromId="61" toId="109">
</dataflow>
<dataflow id="499" from="trunc_ln414" to="select_ln414" fromId="62" toId="109">
</dataflow>
<dataflow id="500" from="trunc_ln414_1" to="select_ln414" fromId="63" toId="109">
</dataflow>
<dataflow id="501" from="icmp_ln414" to="select_ln414_1" fromId="61" toId="110">
</dataflow>
<dataflow id="502" from="trunc_ln414_1" to="select_ln414_1" fromId="63" toId="110">
</dataflow>
<dataflow id="503" from="trunc_ln414" to="select_ln414_1" fromId="62" toId="110">
</dataflow>
<dataflow id="504" from="icmp_ln414" to="select_ln414_2" fromId="61" toId="111">
</dataflow>
<dataflow id="505" from="sub_ln414_1" to="select_ln414_2" fromId="108" toId="111">
</dataflow>
<dataflow id="506" from="trunc_ln414" to="select_ln414_2" fromId="62" toId="111">
</dataflow>
<dataflow id="507" from="StgValue_380" to="sub_ln414_2" fromId="380" toId="112">
</dataflow>
<dataflow id="508" from="select_ln414" to="sub_ln414_2" fromId="109" toId="112">
</dataflow>
<dataflow id="509" from="select_ln414_2" to="zext_ln414_1" fromId="111" toId="113">
</dataflow>
<dataflow id="510" from="select_ln414_1" to="zext_ln414_2" fromId="110" toId="114">
</dataflow>
<dataflow id="511" from="sub_ln414_2" to="zext_ln414_3" fromId="112" toId="115">
</dataflow>
<dataflow id="512" from="p_Result_15" to="shl_ln414" fromId="107" toId="116">
</dataflow>
<dataflow id="513" from="zext_ln414_1" to="shl_ln414" fromId="113" toId="116">
</dataflow>
<dataflow id="514" from="llvm.part.select.i8" to="tmp_3" fromId="416" toId="117">
</dataflow>
<dataflow id="515" from="shl_ln414" to="tmp_3" fromId="116" toId="117">
</dataflow>
<dataflow id="516" from="StgValue_419" to="tmp_3" fromId="419" toId="117">
</dataflow>
<dataflow id="517" from="StgValue_157" to="tmp_3" fromId="157" toId="117">
</dataflow>
<dataflow id="518" from="icmp_ln414" to="select_ln414_3" fromId="61" toId="118">
</dataflow>
<dataflow id="519" from="tmp_3" to="select_ln414_3" fromId="117" toId="118">
</dataflow>
<dataflow id="520" from="shl_ln414" to="select_ln414_3" fromId="116" toId="118">
</dataflow>
<dataflow id="521" from="StgValue_443" to="shl_ln414_1" fromId="443" toId="119">
</dataflow>
<dataflow id="522" from="zext_ln414_2" to="shl_ln414_1" fromId="114" toId="119">
</dataflow>
<dataflow id="523" from="StgValue_443" to="lshr_ln414_1" fromId="443" toId="120">
</dataflow>
<dataflow id="524" from="zext_ln414_3" to="lshr_ln414_1" fromId="115" toId="120">
</dataflow>
<dataflow id="525" from="shl_ln414_1" to="and_ln414" fromId="119" toId="121">
</dataflow>
<dataflow id="526" from="lshr_ln414_1" to="and_ln414" fromId="120" toId="121">
</dataflow>
<dataflow id="527" from="and_ln414" to="xor_ln414" fromId="121" toId="122">
</dataflow>
<dataflow id="528" from="StgValue_443" to="xor_ln414" fromId="443" toId="122">
</dataflow>
<dataflow id="529" from="p_Val2_4" to="and_ln414_1" fromId="103" toId="123">
</dataflow>
<dataflow id="530" from="xor_ln414" to="and_ln414_1" fromId="122" toId="123">
</dataflow>
<dataflow id="531" from="select_ln414_3" to="and_ln414_2" fromId="118" toId="124">
</dataflow>
<dataflow id="532" from="and_ln414" to="and_ln414_2" fromId="121" toId="124">
</dataflow>
<dataflow id="533" from="and_ln414_1" to="p_Result_12" fromId="123" toId="125">
</dataflow>
<dataflow id="534" from="and_ln414_2" to="p_Result_12" fromId="124" toId="125">
</dataflow>
<dataflow id="535" from="val" to="store_ln1056" fromId="104" toId="126">
</dataflow>
<dataflow id="536" from="p_Val2_s" to="store_ln1056" fromId="6" toId="126">
</dataflow>
<dataflow id="537" from="p_Result_12" to="empty" fromId="125" toId="128">
<condition id="-1">
<or_exp><and_exp><literal name="icmp_ln1038" val="1"/>
<literal name="icmp_ln1049" val="1"/>
</and_exp></or_exp>
</condition>
</dataflow>
<dataflow id="538" from="br_ln1056" to="empty" fromId="127" toId="128">
</dataflow>
<dataflow id="539" from="p_Result_13" to="empty" fromId="84" toId="128">
<condition id="-1">
<or_exp><and_exp><literal name="icmp_ln1038" val="1"/>
<literal name="icmp_ln1049" val="0"/>
</and_exp></or_exp>
</condition>
</dataflow>
<dataflow id="540" from="br_ln0" to="empty" fromId="85" toId="128">
</dataflow>
<dataflow id="542" from="_ssdm_op_Write.ap_fifo.volatile.i8P" to="write_ln167" fromId="541" toId="129">
</dataflow>
<dataflow id="543" from="imgInput_417" to="write_ln167" fromId="145" toId="129">
</dataflow>
<dataflow id="544" from="empty" to="write_ln167" fromId="128" toId="129">
</dataflow>
<dataflow id="545" from="icmp_ln1038" to="StgValue_2" fromId="28" toId="2">
</dataflow>
<dataflow id="546" from="icmp_ln1049" to="StgValue_2" fromId="38" toId="2">
</dataflow>
<dataflow id="547" from="icmp_ln1038" to="StgValue_3" fromId="28" toId="3">
</dataflow>
<dataflow id="548" from="icmp_ln1049" to="StgValue_3" fromId="38" toId="3">
</dataflow>
<dataflow id="549" from="icmp_ln674_1" to="StgValue_3" fromId="44" toId="3">
</dataflow>
<dataflow id="550" from="icmp_ln674" to="StgValue_3" fromId="53" toId="3">
</dataflow>
<dataflow id="551" from="icmp_ln1050" to="StgValue_3" fromId="49" toId="3">
</dataflow>
<dataflow id="552" from="icmp_ln414" to="StgValue_3" fromId="61" toId="3">
</dataflow>
</dataflows>


</stg>
