<stg><name>AxiStream2MatStream</name>


<trans_list>

<trans id="132" from="1" to="2">
<condition id="-1">
<or_exp><and_exp></and_exp></or_exp>
</condition>
</trans>

<trans id="142" from="2" to="4">
<condition id="-1">
<or_exp><and_exp><literal name="icmp_ln1038" val="0"/>
</and_exp></or_exp>
</condition>
</trans>

<trans id="143" from="2" to="3">
<condition id="-1">
<or_exp><and_exp><literal name="icmp_ln1038" val="1"/>
</and_exp></or_exp>
</condition>
</trans>

<trans id="141" from="3" to="2">
<condition id="-1">
<or_exp><and_exp></and_exp></or_exp>
</condition>
</trans>
</trans_list>



<state_list>

<state id="1" st_id="1">

<operation id="5" st_id="1" stage="1" lat="1">
<core>NULL</core>
<MemPortIdVec></MemPortIdVec>
<condition id="-1">
<or_exp><and_exp></and_exp></or_exp>
</condition>

<Node id="6" bw="32" op_0_bw="32">
<![CDATA[
entry:0 %rem = alloca i32

]]></Node>
<StgValue><ssdm name="rem"/></StgValue>
</operation>

<operation id="6" st_id="1" stage="1" lat="1">
<core>NULL</core>
<MemPortIdVec></MemPortIdVec>
<condition id="-1">
<or_exp><and_exp></and_exp></or_exp>
</condition>

<Node id="7" bw="8" op_0_bw="32">
<![CDATA[
entry:1 %p_Val2_s = alloca i32

]]></Node>
<StgValue><ssdm name="p_Val2_s"/></StgValue>
</operation>

<operation id="7" st_id="1" stage="1" lat="1">
<core>NULL</core>
<MemPortIdVec></MemPortIdVec>
<condition id="-1">
<or_exp><and_exp></and_exp></or_exp>
</condition>

<Node id="8" bw="0" op_0_bw="0" op_1_bw="8" op_2_bw="0" op_3_bw="32" op_4_bw="32" op_5_bw="0" op_6_bw="32" op_7_bw="32" op_8_bw="0" op_9_bw="0" op_10_bw="0" op_11_bw="32" op_12_bw="32" op_13_bw="32" op_14_bw="32" op_15_bw="0" op_16_bw="0">
<![CDATA[
entry:2 %specinterface_ln0 = specinterface void @_ssdm_op_SpecInterface, i8 %ldata1, void @empty_0, i32, i32, void @empty_21, i32, i32, void @empty_21, void @empty_21, void @empty_21, i32, i32, i32, i32, void @empty_21, void @empty_21

]]></Node>
<StgValue><ssdm name="specinterface_ln0"/></StgValue>
</operation>

<operation id="8" st_id="1" stage="1" lat="1">
<core>NULL</core>
<MemPortIdVec></MemPortIdVec>
<condition id="-1">
<or_exp><and_exp></and_exp></or_exp>
</condition>

<Node id="9" bw="0" op_0_bw="0" op_1_bw="8" op_2_bw="0" op_3_bw="32" op_4_bw="32" op_5_bw="0" op_6_bw="32" op_7_bw="32" op_8_bw="0" op_9_bw="0" op_10_bw="0" op_11_bw="32" op_12_bw="32" op_13_bw="32" op_14_bw="32" op_15_bw="0" op_16_bw="0">
<![CDATA[
entry:3 %specinterface_ln0 = specinterface void @_ssdm_op_SpecInterface, i8 %imgInput_417, void @empty_0, i32, i32, void @empty_21, i32, i32, void @empty_21, void @empty_21, void @empty_21, i32, i32, i32, i32, void @empty_21, void @empty_21

]]></Node>
<StgValue><ssdm name="specinterface_ln0"/></StgValue>
</operation>

<operation id="9" st_id="1" stage="1" lat="1">
<core>NULL</core>
<MemPortIdVec></MemPortIdVec>
<condition id="-1">
<or_exp><and_exp></and_exp></or_exp>
</condition>

<Node id="10" bw="0" op_0_bw="0" op_1_bw="4" op_2_bw="0" op_3_bw="32" op_4_bw="32" op_5_bw="0" op_6_bw="32" op_7_bw="32" op_8_bw="0" op_9_bw="0" op_10_bw="0" op_11_bw="32" op_12_bw="32" op_13_bw="32" op_14_bw="32" op_15_bw="0" op_16_bw="0">
<![CDATA[
entry:4 %specinterface_ln0 = specinterface void @_ssdm_op_SpecInterface, i4 %last_blk_width, void @ap_fifo_str, i32, i32, void @p_str, i32, i32, void @p_str, void @p_str, void @p_str, i32, i32, i32, i32, void @p_str, void @ScalarProp_str

]]></Node>
<StgValue><ssdm name="specinterface_ln0"/></StgValue>
</operation>

<operation id="10" st_id="1" stage="1" lat="1">
<core>NULL</core>
<MemPortIdVec></MemPortIdVec>
<condition id="-1">
<or_exp><and_exp></and_exp></or_exp>
</condition>

<Node id="11" bw="0" op_0_bw="0" op_1_bw="32" op_2_bw="0" op_3_bw="32" op_4_bw="32" op_5_bw="0" op_6_bw="32" op_7_bw="32" op_8_bw="0" op_9_bw="0" op_10_bw="0" op_11_bw="32" op_12_bw="32" op_13_bw="32" op_14_bw="32" op_15_bw="0" op_16_bw="0">
<![CDATA[
entry:5 %specinterface_ln0 = specinterface void @_ssdm_op_SpecInterface, i32 %cols_bound_per_npc, void @ap_fifo_str, i32, i32, void @p_str, i32, i32, void @p_str, void @p_str, void @p_str, i32, i32, i32, i32, void @p_str, void @ScalarProp_str

]]></Node>
<StgValue><ssdm name="specinterface_ln0"/></StgValue>
</operation>

<operation id="11" st_id="1" stage="1" lat="1">
<core>NULL</core>
<MemPortIdVec></MemPortIdVec>
<condition id="-1">
<or_exp><and_exp></and_exp></or_exp>
</condition>

<Node id="12" bw="0" op_0_bw="0" op_1_bw="32" op_2_bw="0" op_3_bw="32" op_4_bw="32" op_5_bw="0" op_6_bw="32" op_7_bw="32" op_8_bw="0" op_9_bw="0" op_10_bw="0" op_11_bw="32" op_12_bw="32" op_13_bw="32" op_14_bw="32" op_15_bw="0" op_16_bw="0">
<![CDATA[
entry:6 %specinterface_ln0 = specinterface void @_ssdm_op_SpecInterface, i32 %rows, void @ap_fifo_str, i32, i32, void @p_str, i32, i32, void @p_str, void @p_str, void @p_str, i32, i32, i32, i32, void @p_str, void @ScalarProp_str

]]></Node>
<StgValue><ssdm name="specinterface_ln0"/></StgValue>
</operation>

<operation id="12" st_id="1" stage="1" lat="1">
<core>FIFO_SRL</core>
<MemPortIdVec></MemPortIdVec>
<condition id="-1">
<or_exp><and_exp></and_exp></or_exp>
</condition>

<Node id="13" bw="32" op_0_bw="32" op_1_bw="32">
<![CDATA[
entry:7 %rows_2 = read i32 @_ssdm_op_Read.ap_fifo.i32P, i32 %rows

]]></Node>
<StgValue><ssdm name="rows_2"/></StgValue>
</operation>

<operation id="13" st_id="1" stage="1" lat="1">
<core>FIFO_SRL</core>
<MemPortIdVec></MemPortIdVec>
<condition id="-1">
<or_exp><and_exp></and_exp></or_exp>
</condition>

<Node id="14" bw="32" op_0_bw="32" op_1_bw="32">
<![CDATA[
entry:8 %cols_bound_per_npc_2 = read i32 @_ssdm_op_Read.ap_fifo.i32P, i32 %cols_bound_per_npc

]]></Node>
<StgValue><ssdm name="cols_bound_per_npc_2"/></StgValue>
</operation>

<operation id="14" st_id="1" stage="1" lat="1">
<core>FIFO_SRL</core>
<MemPortIdVec></MemPortIdVec>
<condition id="-1">
<or_exp><and_exp></and_exp></or_exp>
</condition>

<Node id="15" bw="4" op_0_bw="4" op_1_bw="4">
<![CDATA[
entry:9 %last_blk_width_1 = read i4 @_ssdm_op_Read.ap_fifo.i4P, i4 %last_blk_width

]]></Node>
<StgValue><ssdm name="last_blk_width_1"/></StgValue>
</operation>

<operation id="15" st_id="1" stage="1" lat="1">
<core>NULL</core>
<MemPortIdVec></MemPortIdVec>
<condition id="-1">
<or_exp><and_exp></and_exp></or_exp>
</condition>

<Node id="16" bw="5" op_0_bw="4">
<![CDATA[
entry:10 %last_blk_width_cast_i = zext i4 %last_blk_width_1

]]></Node>
<StgValue><ssdm name="last_blk_width_cast_i"/></StgValue>
</operation>

<operation id="16" st_id="1" stage="1" lat="1">
<core>NULL</core>
<MemPortIdVec></MemPortIdVec>
<condition id="-1">
<or_exp><and_exp></and_exp></or_exp>
</condition>

<Node id="17" bw="0" op_0_bw="0" op_1_bw="8" op_2_bw="0" op_3_bw="32" op_4_bw="32" op_5_bw="0" op_6_bw="32" op_7_bw="32" op_8_bw="0" op_9_bw="0" op_10_bw="0" op_11_bw="32" op_12_bw="32" op_13_bw="32" op_14_bw="32" op_15_bw="0" op_16_bw="0">
<![CDATA[
entry:11 %specinterface_ln0 = specinterface void @_ssdm_op_SpecInterface, i8 %ldata1, void @empty_0, i32, i32, void @empty_21, i32, i32, void @empty_21, void @empty_21, void @empty_21, i32, i32, i32, i32, void @empty_21, void @empty_21

]]></Node>
<StgValue><ssdm name="specinterface_ln0"/></StgValue>
</operation>

<operation id="17" st_id="1" stage="1" lat="1">
<core>NULL</core>
<MemPortIdVec></MemPortIdVec>
<condition id="-1">
<or_exp><and_exp></and_exp></or_exp>
</condition>

<Node id="18" bw="0" op_0_bw="0" op_1_bw="8" op_2_bw="0" op_3_bw="32" op_4_bw="32" op_5_bw="0" op_6_bw="32" op_7_bw="32" op_8_bw="0" op_9_bw="0" op_10_bw="0" op_11_bw="32" op_12_bw="32" op_13_bw="32" op_14_bw="32" op_15_bw="0" op_16_bw="0">
<![CDATA[
entry:12 %specinterface_ln0 = specinterface void @_ssdm_op_SpecInterface, i8 %imgInput_417, void @empty_0, i32, i32, void @empty_21, i32, i32, void @empty_21, void @empty_21, void @empty_21, i32, i32, i32, i32, void @empty_21, void @empty_21

]]></Node>
<StgValue><ssdm name="specinterface_ln0"/></StgValue>
</operation>

<operation id="18" st_id="1" stage="1" lat="1">
<core>Multiplier</core>
<MemPortIdVec></MemPortIdVec>
<condition id="-1">
<or_exp><and_exp></and_exp></or_exp>
</condition>

<Node id="19" bw="32" op_0_bw="32" op_1_bw="32">
<![CDATA[
entry:13 %bound = mul i32 %cols_bound_per_npc_2, i32 %rows_2

]]></Node>
<StgValue><ssdm name="bound"/></StgValue>
</operation>

<operation id="19" st_id="1" stage="1" lat="1">
<core>Adder</core>
<MemPortIdVec></MemPortIdVec>
<condition id="-1">
<or_exp><and_exp></and_exp></or_exp>
</condition>

<Node id="20" bw="32" op_0_bw="32" op_1_bw="32">
<![CDATA[
entry:14 %sub_i = add i32 %cols_bound_per_npc_2, i32

]]></Node>
<StgValue><ssdm name="sub_i"/></StgValue>
</operation>

<operation id="20" st_id="1" stage="1" lat="1">
<core>Adder</core>
<MemPortIdVec></MemPortIdVec>
<condition id="-1">
<or_exp><and_exp></and_exp></or_exp>
</condition>

<Node id="21" bw="5" op_0_bw="5" op_1_bw="5">
<![CDATA[
entry:15 %sub2_i = sub i5, i5 %last_blk_width_cast_i

]]></Node>
<StgValue><ssdm name="sub2_i"/></StgValue>
</operation>

<operation id="21" st_id="1" stage="1" lat="1">
<core>Adder</core>
<MemPortIdVec></MemPortIdVec>
<condition id="-1">
<or_exp><and_exp></and_exp></or_exp>
</condition>

<Node id="22" bw="5" op_0_bw="5" op_1_bw="5">
<![CDATA[
entry:16 %add_ln1057 = add i5 %last_blk_width_cast_i, i5

]]></Node>
<StgValue><ssdm name="add_ln1057"/></StgValue>
</operation>

<operation id="22" st_id="1" stage="1" lat="1">
<core>NULL</core>
<MemPortIdVec></MemPortIdVec>
<condition id="-1">
<or_exp><and_exp></and_exp></or_exp>
</condition>

<Node id="23" bw="0" op_0_bw="8" op_1_bw="8">
<![CDATA[
entry:17 %store_ln1038 = store i8, i8 %p_Val2_s

]]></Node>
<StgValue><ssdm name="store_ln1038"/></StgValue>
</operation>

<operation id="23" st_id="1" stage="1" lat="1">
<core>NULL</core>
<MemPortIdVec></MemPortIdVec>
<condition id="-1">
<or_exp><and_exp></and_exp></or_exp>
</condition>

<Node id="24" bw="0" op_0_bw="32" op_1_bw="32">
<![CDATA[
entry:18 %store_ln1038 = store i32, i32 %rem

]]></Node>
<StgValue><ssdm name="store_ln1038"/></StgValue>
</operation>

<operation id="24" st_id="1" stage="1" lat="1">
<core>NULL</core>
<MemPortIdVec></MemPortIdVec>
<condition id="-1">
<or_exp><and_exp></and_exp></or_exp>
</condition>

<Node id="25" bw="0" op_0_bw="0">
<![CDATA[
entry:19 %br_ln1038 = br void

]]></Node>
<StgValue><ssdm name="br_ln1038"/></StgValue>
</operation>
</state>

<state id="2" st_id="2">

<operation id="25" st_id="2" stage="1" lat="1">
<core>NULL</core>
<MemPortIdVec></MemPortIdVec>
<condition id="-1">
<or_exp><and_exp></and_exp></or_exp>
</condition>

<Node id="27" bw="32" op_0_bw="32" op_1_bw="0" op_2_bw="32" op_3_bw="0">
<![CDATA[
:0 %j = phi i32, void %entry, i32 %j_2, void

]]></Node>
<StgValue><ssdm name="j"/></StgValue>
</operation>

<operation id="26" st_id="2" stage="1" lat="1">
<core>NULL</core>
<MemPortIdVec></MemPortIdVec>
<condition id="-1">
<or_exp><and_exp></and_exp></or_exp>
</condition>

<Node id="28" bw="31" op_0_bw="31" op_1_bw="0" op_2_bw="31" op_3_bw="0">
<![CDATA[
:1 %i = phi i31, void %entry, i31 %add_ln1038, void

]]></Node>
<StgValue><ssdm name="i"/></StgValue>
</operation>

<operation id="27" st_id="2" stage="1" lat="1">
<core>NULL</core>
<MemPortIdVec></MemPortIdVec>
<condition id="-1">
<or_exp><and_exp></and_exp></or_exp>
</condition>

<Node id="29" bw="32" op_0_bw="31">
<![CDATA[
:2 %zext_ln1027 = zext i31 %i

]]></Node>
<StgValue><ssdm name="zext_ln1027"/></StgValue>
</operation>

<operation id="28" st_id="2" stage="1" lat="1">
<core>Cmp</core>
<MemPortIdVec></MemPortIdVec>
<condition id="-1">
<or_exp><and_exp></and_exp></or_exp>
</condition>

<Node id="30" bw="1" op_0_bw="32" op_1_bw="32">
<![CDATA[
:3 %icmp_ln1038 = icmp_slt  i32 %zext_ln1027, i32 %bound

]]></Node>
<StgValue><ssdm name="icmp_ln1038"/></StgValue>
</operation>

<operation id="29" st_id="2" stage="1" lat="1">
<core>Adder</core>
<MemPortIdVec></MemPortIdVec>
<condition id="-1">
<or_exp><and_exp></and_exp></or_exp>
</condition>

<Node id="31" bw="31" op_0_bw="31" op_1_bw="31">
<![CDATA[
:4 %add_ln1038 = add i31 %i, i31

]]></Node>
<StgValue><ssdm name="add_ln1038"/></StgValue>
</operation>

<operation id="30" st_id="2" stage="1" lat="1">
<core>NULL</core>
<MemPortIdVec></MemPortIdVec>
<condition id="-1">
<or_exp><and_exp></and_exp></or_exp>
</condition>

<Node id="32" bw="0" op_0_bw="1" op_1_bw="0" op_2_bw="0">
<![CDATA[
:5 %br_ln1038 = br i1 %icmp_ln1038, void %.exit, void %.split.i

]]></Node>
<StgValue><ssdm name="br_ln1038"/></StgValue>
</operation>

<operation id="31" st_id="2" stage="1" lat="1">
<core>NULL</core>
<MemPortIdVec></MemPortIdVec>
<condition id="-1">
<or_exp><and_exp><literal name="icmp_ln1038" val="1"/>
</and_exp></or_exp>
</condition>

<Node id="34" bw="32" op_0_bw="32" op_1_bw="0">
<![CDATA[
.split.i:0 %rem_load = load i32 %rem, void %store_ln1038

]]></Node>
<StgValue><ssdm name="rem_load"/></StgValue>
</operation>

<operation id="32" st_id="2" stage="1" lat="1">
<core>Cmp</core>
<MemPortIdVec></MemPortIdVec>
<condition id="-1">
<or_exp><and_exp><literal name="icmp_ln1038" val="1"/>
</and_exp></or_exp>
</condition>

<Node id="38" bw="1" op_0_bw="32" op_1_bw="32">
<![CDATA[
.split.i:4 %bLast = icmp_eq  i32 %j, i32 %sub_i

]]></Node>
<StgValue><ssdm name="bLast"/></StgValue>
</operation>

<operation id="33" st_id="2" stage="1" lat="1">
<core>Sel</core>
<MemPortIdVec></MemPortIdVec>
<condition id="-1">
<or_exp><and_exp><literal name="icmp_ln1038" val="1"/>
</and_exp></or_exp>
</condition>

<Node id="39" bw="4" op_0_bw="1" op_1_bw="4" op_2_bw="4">
<![CDATA[
.split.i:5 %xf_bits_per_clock = select i1 %bLast, i4 %last_blk_width_1, i4

]]></Node>
<StgValue><ssdm name="xf_bits_per_clock"/></StgValue>
</operation>

<operation id="34" st_id="2" stage="1" lat="1">
<core>NULL</core>
<MemPortIdVec></MemPortIdVec>
<condition id="-1">
<or_exp><and_exp><literal name="icmp_ln1038" val="1"/>
</and_exp></or_exp>
</condition>

<Node id="40" bw="32" op_0_bw="4">
<![CDATA[
.split.i:6 %zext_ln1044 = zext i4 %xf_bits_per_clock

]]></Node>
<StgValue><ssdm name="zext_ln1044"/></StgValue>
</operation>

<operation id="35" st_id="2" stage="1" lat="1">
<core>NULL</core>
<MemPortIdVec></MemPortIdVec>
<condition id="-1">
<or_exp><and_exp><literal name="icmp_ln1038" val="1"/>
</and_exp></or_exp>
</condition>

<Node id="41" bw="5" op_0_bw="4">
<![CDATA[
.split.i:7 %zext_ln1044_1 = zext i4 %xf_bits_per_clock

]]></Node>
<StgValue><ssdm name="zext_ln1044_1"/></StgValue>
</operation>

<operation id="36" st_id="2" stage="1" lat="1">
<core>Sel</core>
<MemPortIdVec></MemPortIdVec>
<condition id="-1">
<or_exp><and_exp><literal name="icmp_ln1038" val="1"/>
</and_exp></or_exp>
</condition>

<Node id="42" bw="5" op_0_bw="1" op_1_bw="5" op_2_bw="5">
<![CDATA[
.split.i:8 %ptr_width_minus = select i1 %bLast, i5 %sub2_i, i5

]]></Node>
<StgValue><ssdm name="ptr_width_minus"/></StgValue>
</operation>

<operation id="37" st_id="2" stage="1" lat="1">
<core>NULL</core>
<MemPortIdVec></MemPortIdVec>
<condition id="-1">
<or_exp><and_exp><literal name="icmp_ln1038" val="1"/>
</and_exp></or_exp>
</condition>

<Node id="43" bw="32" op_0_bw="5">
<![CDATA[
.split.i:9 %sext_ln1045 = sext i5 %ptr_width_minus

]]></Node>
<StgValue><ssdm name="sext_ln1045"/></StgValue>
</operation>

<operation id="38" st_id="2" stage="1" lat="1">
<core>Cmp</core>
<MemPortIdVec></MemPortIdVec>
<condition id="-1">
<or_exp><and_exp><literal name="icmp_ln1038" val="1"/>
</and_exp></or_exp>
</condition>

<Node id="44" bw="1" op_0_bw="32" op_1_bw="32">
<![CDATA[
.split.i:10 %icmp_ln1049 = icmp_slt  i32 %rem_load, i32 %zext_ln1044

]]></Node>
<StgValue><ssdm name="icmp_ln1049"/></StgValue>
</operation>

<operation id="39" st_id="2" stage="1" lat="1">
<core>NULL</core>
<MemPortIdVec></MemPortIdVec>
<condition id="-1">
<or_exp><and_exp><literal name="icmp_ln1038" val="1"/>
</and_exp></or_exp>
</condition>

<Node id="46" bw="0" op_0_bw="1" op_1_bw="0" op_2_bw="0">
<![CDATA[
.split.i:12 %br_ln1049 = br i1 %icmp_ln1049, void, void %_ifconv

]]></Node>
<StgValue><ssdm name="br_ln1049"/></StgValue>
</operation>

<operation id="40" st_id="2" stage="1" lat="1">
<core>Sel</core>
<MemPortIdVec></MemPortIdVec>
<condition id="-1">
<or_exp><and_exp><literal name="icmp_ln1038" val="1"/>
<literal name="icmp_ln1049" val="0"/>
</and_exp></or_exp>
</condition>

<Node id="48" bw="5" op_0_bw="1" op_1_bw="5" op_2_bw="5">
<![CDATA[
:0 %select_ln1057 = select i1 %bLast, i5 %add_ln1057, i5

]]></Node>
<StgValue><ssdm name="select_ln1057"/></StgValue>
</operation>

<operation id="41" st_id="2" stage="1" lat="1">
<core>NULL</core>
<MemPortIdVec></MemPortIdVec>
<condition id="-1">
<or_exp><and_exp><literal name="icmp_ln1038" val="1"/>
<literal name="icmp_ln1049" val="0"/>
</and_exp></or_exp>
</condition>

<Node id="49" bw="32" op_0_bw="5">
<![CDATA[
:1 %zext_ln1057 = zext i5 %select_ln1057

]]></Node>
<StgValue><ssdm name="zext_ln1057"/></StgValue>
</operation>

<operation id="42" st_id="2" stage="1" lat="1">
<core>Adder</core>
<MemPortIdVec></MemPortIdVec>
<condition id="-1">
<or_exp><and_exp><literal name="icmp_ln1038" val="1"/>
<literal name="icmp_ln1049" val="0"/>
</and_exp></or_exp>
</condition>

<Node id="50" bw="32" op_0_bw="32" op_1_bw="32">
<![CDATA[
:2 %sub_ln1057 = sub i32 %zext_ln1057, i32 %rem_load

]]></Node>
<StgValue><ssdm name="sub_ln1057"/></StgValue>
</operation>

<operation id="43" st_id="2" stage="1" lat="1">
<core>Adder</core>
<MemPortIdVec></MemPortIdVec>
<condition id="-1">
<or_exp><and_exp><literal name="icmp_ln1038" val="1"/>
<literal name="icmp_ln1049" val="0"/>
</and_exp></or_exp>
</condition>

<Node id="51" bw="32" op_0_bw="32" op_1_bw="32">
<![CDATA[
:3 %sub_ln1057_1 = sub i32, i32 %rem_load

]]></Node>
<StgValue><ssdm name="sub_ln1057_1"/></StgValue>
</operation>

<operation id="44" st_id="2" stage="1" lat="1">
<core>Cmp</core>
<MemPortIdVec></MemPortIdVec>
<condition id="-1">
<or_exp><and_exp><literal name="icmp_ln1038" val="1"/>
<literal name="icmp_ln1049" val="0"/>
</and_exp></or_exp>
</condition>

<Node id="52" bw="1" op_0_bw="32" op_1_bw="32">
<![CDATA[
:4 %icmp_ln674_1 = icmp_ugt  i32 %sub_ln1057_1, i32 %sub_ln1057

]]></Node>
<StgValue><ssdm name="icmp_ln674_1"/></StgValue>
</operation>

<operation id="45" st_id="2" stage="1" lat="1">
<core>NULL</core>
<MemPortIdVec></MemPortIdVec>
<condition id="-1">
<or_exp><and_exp><literal name="icmp_ln1038" val="1"/>
<literal name="icmp_ln1049" val="0"/>
</and_exp></or_exp>
</condition>

<Node id="53" bw="4" op_0_bw="32">
<![CDATA[
:5 %trunc_ln674_1 = trunc i32 %sub_ln1057_1

]]></Node>
<StgValue><ssdm name="trunc_ln674_1"/></StgValue>
</operation>

<operation id="46" st_id="2" stage="1" lat="1">
<core>NULL</core>
<MemPortIdVec></MemPortIdVec>
<condition id="-1">
<or_exp><and_exp><literal name="icmp_ln1038" val="1"/>
<literal name="icmp_ln1049" val="0"/>
</and_exp></or_exp>
</condition>

<Node id="54" bw="4" op_0_bw="32">
<![CDATA[
:6 %trunc_ln674_2 = trunc i32 %sub_ln1057

]]></Node>
<StgValue><ssdm name="trunc_ln674_2"/></StgValue>
</operation>

<operation id="47" st_id="2" stage="1" lat="1">
<core>Adder</core>
<MemPortIdVec></MemPortIdVec>
<condition id="-1">
<or_exp><and_exp><literal name="icmp_ln1038" val="1"/>
<literal name="icmp_ln1049" val="0"/>
</and_exp></or_exp>
</condition>

<Node id="68" bw="32" op_0_bw="32" op_1_bw="32">
<![CDATA[
:20 %rem_2 = sub i32 %rem_load, i32 %zext_ln1044

]]></Node>
<StgValue><ssdm name="rem_2"/></StgValue>
</operation>

<operation id="48" st_id="2" stage="1" lat="1">
<core>NULL</core>
<MemPortIdVec></MemPortIdVec>
<condition id="-1">
<or_exp><and_exp><literal name="icmp_ln1038" val="1"/>
<literal name="icmp_ln1049" val="0"/>
</and_exp></or_exp>
</condition>

<Node id="69" bw="0" op_0_bw="32" op_1_bw="32" op_2_bw="0" op_3_bw="0">
<![CDATA[
:21 %store_ln1058 = store i32 %rem_2, i32 %rem, void %store_ln1038, i32 %rem_load

]]></Node>
<StgValue><ssdm name="store_ln1058"/></StgValue>
</operation>

<operation id="49" st_id="2" stage="1" lat="1">
<core>Cmp</core>
<MemPortIdVec></MemPortIdVec>
<condition id="-1">
<or_exp><and_exp><literal name="icmp_ln1038" val="1"/>
<literal name="icmp_ln1049" val="1"/>
</and_exp></or_exp>
</condition>

<Node id="72" bw="1" op_0_bw="32" op_1_bw="32">
<![CDATA[
_ifconv:0 %icmp_ln1050 = icmp_eq  i32 %rem_load, i32

]]></Node>
<StgValue><ssdm name="icmp_ln1050"/></StgValue>
</operation>

<operation id="50" st_id="2" stage="1" lat="1">
<core>Adder</core>
<MemPortIdVec></MemPortIdVec>
<condition id="-1">
<or_exp><and_exp><literal name="icmp_ln1038" val="1"/>
<literal name="icmp_ln1049" val="1"/>
</and_exp></or_exp>
</condition>

<Node id="73" bw="32" op_0_bw="32" op_1_bw="32">
<![CDATA[
_ifconv:1 %sub_ln1051 = sub i32, i32 %rem_load

]]></Node>
<StgValue><ssdm name="sub_ln1051"/></StgValue>
</operation>

<operation id="51" st_id="2" stage="1" lat="1">
<core>NULL</core>
<MemPortIdVec></MemPortIdVec>
<condition id="-1">
<or_exp><and_exp><literal name="icmp_ln1038" val="1"/>
<literal name="icmp_ln1049" val="1"/>
</and_exp></or_exp>
</condition>

<Node id="74" bw="4" op_0_bw="32">
<![CDATA[
_ifconv:2 %trunc_ln1051 = trunc i32 %rem_load

]]></Node>
<StgValue><ssdm name="trunc_ln1051"/></StgValue>
</operation>

<operation id="52" st_id="2" stage="1" lat="1">
<core>NULL</core>
<MemPortIdVec></MemPortIdVec>
<condition id="-1">
<or_exp><and_exp><literal name="icmp_ln1038" val="1"/>
<literal name="icmp_ln1049" val="1"/>
</and_exp></or_exp>
</condition>

<Node id="75" bw="29" op_0_bw="29" op_1_bw="32" op_2_bw="32" op_3_bw="32">
<![CDATA[
_ifconv:3 %tmp = partselect i29 @_ssdm_op_PartSelect.i29.i32.i32.i32, i32 %sub_ln1051, i32, i32

]]></Node>
<StgValue><ssdm name="tmp"/></StgValue>
</operation>

<operation id="53" st_id="2" stage="1" lat="1">
<core>Cmp</core>
<MemPortIdVec></MemPortIdVec>
<condition id="-1">
<or_exp><and_exp><literal name="icmp_ln1038" val="1"/>
<literal name="icmp_ln1049" val="1"/>
</and_exp></or_exp>
</condition>

<Node id="76" bw="1" op_0_bw="29" op_1_bw="29">
<![CDATA[
_ifconv:4 %icmp_ln674 = icmp_ne  i29 %tmp, i29

]]></Node>
<StgValue><ssdm name="icmp_ln674"/></StgValue>
</operation>

<operation id="54" st_id="2" stage="1" lat="1">
<core>NULL</core>
<MemPortIdVec></MemPortIdVec>
<condition id="-1">
<or_exp><and_exp><literal name="icmp_ln1038" val="1"/>
<literal name="icmp_ln1049" val="1"/>
</and_exp></or_exp>
</condition>

<Node id="77" bw="4" op_0_bw="32">
<![CDATA[
_ifconv:5 %trunc_ln674 = trunc i32 %sub_ln1051

]]></Node>
<StgValue><ssdm name="trunc_ln674"/></StgValue>
</operation>

<operation id="55" st_id="2" stage="1" lat="1">
<core>Adder</core>
<MemPortIdVec></MemPortIdVec>
<condition id="-1">
<or_exp><and_exp><literal name="icmp_ln1038" val="1"/>
<literal name="icmp_ln1049" val="1"/>
</and_exp></or_exp>
</condition>

<Node id="97" bw="5" op_0_bw="5" op_1_bw="5">
<![CDATA[
_ifconv:25 %add_ln1054 = add i5, i5 %zext_ln1044_1

]]></Node>
<StgValue><ssdm name="add_ln1054"/></StgValue>
</operation>

<operation id="56" st_id="2" stage="1" lat="1">
<core>NULL</core>
<MemPortIdVec></MemPortIdVec>
<condition id="-1">
<or_exp><and_exp><literal name="icmp_ln1038" val="1"/>
<literal name="icmp_ln1049" val="1"/>
</and_exp></or_exp>
</condition>

<Node id="98" bw="32" op_0_bw="5">
<![CDATA[
_ifconv:26 %sext_ln1054 = sext i5 %add_ln1054

]]></Node>
<StgValue><ssdm name="sext_ln1054"/></StgValue>
</operation>

<operation id="57" st_id="2" stage="1" lat="1">
<core>NULL</core>
<MemPortIdVec></MemPortIdVec>
<condition id="-1">
<or_exp><and_exp><literal name="icmp_ln1038" val="1"/>
<literal name="icmp_ln1049" val="1"/>
</and_exp></or_exp>
</condition>

<Node id="99" bw="4" op_0_bw="5">
<![CDATA[
_ifconv:27 %trunc_ln1054 = trunc i5 %add_ln1054

]]></Node>
<StgValue><ssdm name="trunc_ln1054"/></StgValue>
</operation>

<operation id="58" st_id="2" stage="1" lat="1">
<core>NULL</core>
<MemPortIdVec></MemPortIdVec>
<condition id="-1">
<or_exp><and_exp><literal name="icmp_ln1038" val="1"/>
<literal name="icmp_ln1049" val="1"/>
</and_exp></or_exp>
</condition>

<Node id="100" bw="4" op_0_bw="32">
<![CDATA[
_ifconv:28 %trunc_ln1054_1 = trunc i32 %rem_load

]]></Node>
<StgValue><ssdm name="trunc_ln1054_1"/></StgValue>
</operation>

<operation id="59" st_id="2" stage="1" lat="1">
<core>TAddSub</core>
<MemPortIdVec></MemPortIdVec>
<condition id="-1">
<or_exp><and_exp><literal name="icmp_ln1038" val="1"/>
<literal name="icmp_ln1049" val="1"/>
</and_exp></or_exp>
</condition>

<Node id="101" bw="4" op_0_bw="4" op_1_bw="4">
<![CDATA[
_ifconv:29 %sub_ln674_3 = sub i4 %trunc_ln1054_1, i4 %trunc_ln1054

]]></Node>
<StgValue><ssdm name="sub_ln674_3"/></StgValue>
</operation>

<operation id="60" st_id="2" stage="1" lat="1">
<core>TAddSub</core>
<MemPortIdVec></MemPortIdVec>
<condition id="-1">
<or_exp><and_exp><literal name="icmp_ln1038" val="1"/>
<literal name="icmp_ln1049" val="1"/>
</and_exp></or_exp>
</condition>

<Node id="102" bw="4" op_0_bw="4" op_1_bw="4">
<![CDATA[
_ifconv:30 %add_ln674_1 = add i4, i4 %sub_ln674_3

]]></Node>
<StgValue><ssdm name="add_ln674_1"/></StgValue>
</operation>

<operation id="61" st_id="2" stage="1" lat="1">
<core>Cmp</core>
<MemPortIdVec></MemPortIdVec>
<condition id="-1">
<or_exp><and_exp><literal name="icmp_ln1038" val="1"/>
<literal name="icmp_ln1049" val="1"/>
</and_exp></or_exp>
</condition>

<Node id="106" bw="1" op_0_bw="32" op_1_bw="32">
<![CDATA[
_ifconv:34 %icmp_ln414 = icmp_ugt  i32 %rem_load, i32 %sext_ln1054

]]></Node>
<StgValue><ssdm name="icmp_ln414"/></StgValue>
</operation>

<operation id="62" st_id="2" stage="1" lat="1">
<core>NULL</core>
<MemPortIdVec></MemPortIdVec>
<condition id="-1">
<or_exp><and_exp><literal name="icmp_ln1038" val="1"/>
<literal name="icmp_ln1049" val="1"/>
</and_exp></or_exp>
</condition>

<Node id="107" bw="4" op_0_bw="32">
<![CDATA[
_ifconv:35 %trunc_ln414 = trunc i32 %rem_load

]]></Node>
<StgValue><ssdm name="trunc_ln414"/></StgValue>
</operation>

<operation id="63" st_id="2" stage="1" lat="1">
<core>NULL</core>
<MemPortIdVec></MemPortIdVec>
<condition id="-1">
<or_exp><and_exp><literal name="icmp_ln1038" val="1"/>
<literal name="icmp_ln1049" val="1"/>
</and_exp></or_exp>
</condition>

<Node id="108" bw="4" op_0_bw="5">
<![CDATA[
_ifconv:36 %trunc_ln414_1 = trunc i5 %add_ln1054

]]></Node>
<StgValue><ssdm name="trunc_ln414_1"/></StgValue>
</operation>

<operation id="64" st_id="2" stage="1" lat="1">
<core>Adder</core>
<MemPortIdVec></MemPortIdVec>
<condition id="-1">
<or_exp><and_exp><literal name="icmp_ln1038" val="1"/>
<literal name="icmp_ln1049" val="1"/>
</and_exp></or_exp>
</condition>

<Node id="127" bw="32" op_0_bw="32" op_1_bw="32">
<![CDATA[
_ifconv:55 %rem_1 = add i32 %sext_ln1045, i32 %rem_load

]]></Node>
<StgValue><ssdm name="rem_1"/></StgValue>
</operation>

<operation id="65" st_id="2" stage="1" lat="1">
<core>NULL</core>
<MemPortIdVec></MemPortIdVec>
<condition id="-1">
<or_exp><and_exp><literal name="icmp_ln1038" val="1"/>
<literal name="icmp_ln1049" val="1"/>
</and_exp></or_exp>
</condition>

<Node id="129" bw="0" op_0_bw="32" op_1_bw="32" op_2_bw="0" op_3_bw="0">
<![CDATA[
_ifconv:57 %store_ln1056 = store i32 %rem_1, i32 %rem, void %store_ln1038, i32 %rem_load

]]></Node>
<StgValue><ssdm name="store_ln1056"/></StgValue>
</operation>

<operation id="66" st_id="2" stage="1" lat="1">
<core>Adder</core>
<MemPortIdVec></MemPortIdVec>
<condition id="-1">
<or_exp><and_exp><literal name="icmp_ln1038" val="1"/>
</and_exp></or_exp>
</condition>

<Node id="134" bw="32" op_0_bw="32" op_1_bw="32">
<![CDATA[
:2 %add_ln1061 = add i32 %j, i32

]]></Node>
<StgValue><ssdm name="add_ln1061"/></StgValue>
</operation>

<operation id="67" st_id="2" stage="1" lat="1">
<core>Sel</core>
<MemPortIdVec></MemPortIdVec>
<condition id="-1">
<or_exp><and_exp><literal name="icmp_ln1038" val="1"/>
</and_exp></or_exp>
</condition>

<Node id="135" bw="32" op_0_bw="1" op_1_bw="32" op_2_bw="32">
<![CDATA[
:3 %j_2 = select i1 %bLast, i32, i32 %add_ln1061

]]></Node>
<StgValue><ssdm name="j_2"/></StgValue>
</operation>
</state>

<state id="3" st_id="3">

<operation id="68" st_id="3" stage="1" lat="1">
<core>NULL</core>
<MemPortIdVec></MemPortIdVec>
<condition id="-1">
<or_exp><and_exp><literal name="icmp_ln1038" val="1"/>
</and_exp></or_exp>
</condition>

<Node id="35" bw="0" op_0_bw="0" op_1_bw="32" op_2_bw="32" op_3_bw="32" op_4_bw="32" op_5_bw="0">
<![CDATA[
.split.i:1 %specpipeline_ln1032 = specpipeline void @_ssdm_op_SpecPipeline, i32, i32, i32, i32, void @empty_21

]]></Node>
<StgValue><ssdm name="specpipeline_ln1032"/></StgValue>
</operation>

<operation id="69" st_id="3" stage="1" lat="1">
<core>NULL</core>
<MemPortIdVec></MemPortIdVec>
<condition id="-1">
<or_exp><and_exp><literal name="icmp_ln1038" val="1"/>
</and_exp></or_exp>
</condition>

<Node id="36" bw="0" op_0_bw="0" op_1_bw="64" op_2_bw="64" op_3_bw="64">
<![CDATA[
.split.i:2 %speclooptripcount_ln1032 = speclooptripcount void @_ssdm_op_SpecLoopTripCount, i64, i64, i64

]]></Node>
<StgValue><ssdm name="speclooptripcount_ln1032"/></StgValue>
</operation>

<operation id="70" st_id="3" stage="1" lat="1">
<core>NULL</core>
<MemPortIdVec></MemPortIdVec>
<condition id="-1">
<or_exp><and_exp><literal name="icmp_ln1038" val="1"/>
</and_exp></or_exp>
</condition>

<Node id="37" bw="0" op_0_bw="0" op_1_bw="0">
<![CDATA[
.split.i:3 %specloopname_ln1032 = specloopname void @_ssdm_op_SpecLoopName, void @empty_9

]]></Node>
<StgValue><ssdm name="specloopname_ln1032"/></StgValue>
</operation>

<operation id="71" st_id="3" stage="1" lat="1">
<core>NULL</core>
<MemPortIdVec></MemPortIdVec>
<condition id="-1">
<or_exp><and_exp><literal name="icmp_ln1038" val="1"/>
</and_exp></or_exp>
</condition>

<Node id="45" bw="8" op_0_bw="8" op_1_bw="0">
<![CDATA[
.split.i:11 %p_Val2_load = load i8 %p_Val2_s, void %store_ln1038

]]></Node>
<StgValue><ssdm name="p_Val2_load"/></StgValue>
</operation>

<operation id="72" st_id="3" stage="1" lat="1">
<core>NULL</core>
<MemPortIdVec></MemPortIdVec>
<condition id="-1">
<or_exp><and_exp><literal name="icmp_ln1038" val="1"/>
<literal name="icmp_ln1049" val="0"/>
<literal name="icmp_ln674_1" val="1"/>
</and_exp></or_exp>
</condition>

<Node id="55" bw="8" op_0_bw="8" op_1_bw="8" op_2_bw="32" op_3_bw="32">
<![CDATA[
:7 %tmp_4 = partselect i8 @llvm.part.select.i8, i8 %p_Val2_load, i32, i32

]]></Node>
<StgValue><ssdm name="tmp_4"/></StgValue>
</operation>

<operation id="73" st_id="3" stage="1" lat="1">
<core>Adder</core>
<MemPortIdVec></MemPortIdVec>
<condition id="-1">
<or_exp><and_exp><literal name="icmp_ln1038" val="1"/>
<literal name="icmp_ln1049" val="0"/>
<literal name="icmp_ln674_1" val="1"/>
</and_exp></or_exp>
</condition>

<Node id="56" bw="4" op_0_bw="4" op_1_bw="4">
<![CDATA[
:8 %sub_ln674_4 = sub i4 %trunc_ln674_1, i4 %trunc_ln674_2

]]></Node>
<StgValue><ssdm name="sub_ln674_4"/></StgValue>
</operation>

<operation id="74" st_id="3" stage="1" lat="1">
<core>Adder</core>
<MemPortIdVec></MemPortIdVec>
<condition id="-1">
<or_exp><and_exp><literal name="icmp_ln1038" val="1"/>
<literal name="icmp_ln1049" val="0"/>
<literal name="icmp_ln674_1" val="1"/>
</and_exp></or_exp>
</condition>

<Node id="57" bw="4" op_0_bw="4" op_1_bw="4">
<![CDATA[
:9 %sub_ln674_5 = sub i4, i4 %trunc_ln674_1

]]></Node>
<StgValue><ssdm name="sub_ln674_5"/></StgValue>
</operation>

<operation id="75" st_id="3" stage="1" lat="1">
<core>Adder</core>
<MemPortIdVec></MemPortIdVec>
<condition id="-1">
<or_exp><and_exp><literal name="icmp_ln1038" val="1"/>
<literal name="icmp_ln1049" val="0"/>
<literal name="icmp_ln674_1" val="0"/>
</and_exp></or_exp>
</condition>

<Node id="58" bw="4" op_0_bw="4" op_1_bw="4">
<![CDATA[
:10 %sub_ln674_6 = sub i4 %trunc_ln674_2, i4 %trunc_ln674_1

]]></Node>
<StgValue><ssdm name="sub_ln674_6"/></StgValue>
</operation>

<operation id="76" st_id="3" stage="1" lat="1">
<core>Sel</core>
<MemPortIdVec></MemPortIdVec>
<condition id="-1">
<or_exp><and_exp><literal name="icmp_ln1038" val="1"/>
<literal name="icmp_ln1049" val="0"/>
</and_exp></or_exp>
</condition>

<Node id="59" bw="4" op_0_bw="1" op_1_bw="4" op_2_bw="4">
<![CDATA[
:11 %select_ln674_3 = select i1 %icmp_ln674_1, i4 %sub_ln674_4, i4 %sub_ln674_6

]]></Node>
<StgValue><ssdm name="select_ln674_3"/></StgValue>
</operation>

<operation id="77" st_id="3" stage="1" lat="1">
<core>Sel</core>
<MemPortIdVec></MemPortIdVec>
<condition id="-1">
<or_exp><and_exp><literal name="icmp_ln1038" val="1"/>
<literal name="icmp_ln1049" val="0"/>
</and_exp></or_exp>
</condition>

<Node id="60" bw="8" op_0_bw="1" op_1_bw="8" op_2_bw="8">
<![CDATA[
:12 %select_ln674_4 = select i1 %icmp_ln674_1, i8 %tmp_4, i8 %p_Val2_load

]]></Node>
<StgValue><ssdm name="select_ln674_4"/></StgValue>
</operation>

<operation id="78" st_id="3" stage="1" lat="1">
<core>Sel</core>
<MemPortIdVec></MemPortIdVec>
<condition id="-1">
<or_exp><and_exp><literal name="icmp_ln1038" val="1"/>
<literal name="icmp_ln1049" val="0"/>
</and_exp></or_exp>
</condition>

<Node id="61" bw="4" op_0_bw="1" op_1_bw="4" op_2_bw="4">
<![CDATA[
:13 %select_ln674_5 = select i1 %icmp_ln674_1, i4 %sub_ln674_5, i4 %trunc_ln674_1

]]></Node>
<StgValue><ssdm name="select_ln674_5"/></StgValue>
</operation>

<operation id="79" st_id="3" stage="1" lat="1">
<core>Adder</core>
<MemPortIdVec></MemPortIdVec>
<condition id="-1">
<or_exp><and_exp><literal name="icmp_ln1038" val="1"/>
<literal name="icmp_ln1049" val="0"/>
</and_exp></or_exp>
</condition>

<Node id="62" bw="4" op_0_bw="4" op_1_bw="4">
<![CDATA[
:14 %sub_ln674_7 = sub i4, i4 %select_ln674_3

]]></Node>
<StgValue><ssdm name="sub_ln674_7"/></StgValue>
</operation>

<operation id="80" st_id="3" stage="1" lat="1">
<core>NULL</core>
<MemPortIdVec></MemPortIdVec>
<condition id="-1">
<or_exp><and_exp><literal name="icmp_ln1038" val="1"/>
<literal name="icmp_ln1049" val="0"/>
</and_exp></or_exp>
</condition>

<Node id="63" bw="8" op_0_bw="4">
<![CDATA[
:15 %zext_ln674_3 = zext i4 %select_ln674_5

]]></Node>
<StgValue><ssdm name="zext_ln674_3"/></StgValue>
</operation>

<operation id="81" st_id="3" stage="1" lat="1">
<core>NULL</core>
<MemPortIdVec></MemPortIdVec>
<condition id="-1">
<or_exp><and_exp><literal name="icmp_ln1038" val="1"/>
<literal name="icmp_ln1049" val="0"/>
</and_exp></or_exp>
</condition>

<Node id="64" bw="8" op_0_bw="4">
<![CDATA[
:16 %zext_ln674_4 = zext i4 %sub_ln674_7

]]></Node>
<StgValue><ssdm name="zext_ln674_4"/></StgValue>
</operation>

<operation id="82" st_id="3" stage="1" lat="1">
<core>Shift</core>
<MemPortIdVec></MemPortIdVec>
<condition id="-1">
<or_exp><and_exp><literal name="icmp_ln1038" val="1"/>
<literal name="icmp_ln1049" val="0"/>
</and_exp></or_exp>
</condition>

<Node id="65" bw="8" op_0_bw="8" op_1_bw="8">
<![CDATA[
:17 %lshr_ln674_3 = lshr i8 %select_ln674_4, i8 %zext_ln674_3

]]></Node>
<StgValue><ssdm name="lshr_ln674_3"/></StgValue>
</operation>

<operation id="83" st_id="3" stage="1" lat="1">
<core>Shift</core>
<MemPortIdVec></MemPortIdVec>
<condition id="-1">
<or_exp><and_exp><literal name="icmp_ln1038" val="1"/>
<literal name="icmp_ln1049" val="0"/>
</and_exp></or_exp>
</condition>

<Node id="66" bw="8" op_0_bw="8" op_1_bw="8">
<![CDATA[
:18 %lshr_ln674_4 = lshr i8, i8 %zext_ln674_4

]]></Node>
<StgValue><ssdm name="lshr_ln674_4"/></StgValue>
</operation>

<operation id="84" st_id="3" stage="1" lat="1">
<core>LogicGate</core>
<MemPortIdVec></MemPortIdVec>
<condition id="-1">
<or_exp><and_exp><literal name="icmp_ln1038" val="1"/>
<literal name="icmp_ln1049" val="0"/>
</and_exp></or_exp>
</condition>

<Node id="67" bw="8" op_0_bw="8" op_1_bw="8">
<![CDATA[
:19 %p_Result_13 = and i8 %lshr_ln674_3, i8 %lshr_ln674_4

]]></Node>
<StgValue><ssdm name="p_Result_13"/></StgValue>
</operation>

<operation id="85" st_id="3" stage="1" lat="1">
<core>NULL</core>
<MemPortIdVec></MemPortIdVec>
<condition id="-1">
<or_exp><and_exp><literal name="icmp_ln1038" val="1"/>
<literal name="icmp_ln1049" val="0"/>
</and_exp></or_exp>
</condition>

<Node id="70" bw="0" op_0_bw="0">
<![CDATA[
:22 %br_ln0 = br void

]]></Node>
<StgValue><ssdm name="br_ln0"/></StgValue>
</operation>

<operation id="86" st_id="3" stage="1" lat="1">
<core>NULL</core>
<MemPortIdVec></MemPortIdVec>
<condition id="-1">
<or_exp><and_exp><literal name="icmp_ln1038" val="1"/>
<literal name="icmp_ln1049" val="1"/>
<literal name="icmp_ln674" val="1"/>
<literal name="icmp_ln1050" val="0"/>
</and_exp></or_exp>
</condition>

<Node id="78" bw="8" op_0_bw="8" op_1_bw="8" op_2_bw="32" op_3_bw="32">
<![CDATA[
_ifconv:6 %tmp_2 = partselect i8 @llvm.part.select.i8, i8 %p_Val2_load, i32, i32

]]></Node>
<StgValue><ssdm name="tmp_2"/></StgValue>
</operation>

<operation id="87" st_id="3" stage="1" lat="1">
<core>Adder</core>
<MemPortIdVec></MemPortIdVec>
<condition id="-1">
<or_exp><and_exp><literal name="icmp_ln1038" val="1"/>
<literal name="icmp_ln1049" val="1"/>
<literal name="icmp_ln674" val="1"/>
<literal name="icmp_ln1050" val="0"/>
</and_exp></or_exp>
</condition>

<Node id="79" bw="4" op_0_bw="4" op_1_bw="4">
<![CDATA[
_ifconv:7 %add_ln674 = add i4, i4 %trunc_ln674

]]></Node>
<StgValue><ssdm name="add_ln674"/></StgValue>
</operation>

<operation id="88" st_id="3" stage="1" lat="1">
<core>Adder</core>
<MemPortIdVec></MemPortIdVec>
<condition id="-1">
<or_exp><and_exp><literal name="icmp_ln1038" val="1"/>
<literal name="icmp_ln1049" val="1"/>
<literal name="icmp_ln674" val="1"/>
<literal name="icmp_ln1050" val="0"/>
</and_exp></or_exp>
</condition>

<Node id="80" bw="4" op_0_bw="4" op_1_bw="4">
<![CDATA[
_ifconv:8 %sub_ln674 = sub i4, i4 %trunc_ln674

]]></Node>
<StgValue><ssdm name="sub_ln674"/></StgValue>
</operation>

<operation id="89" st_id="3" stage="1" lat="1">
<core>Adder</core>
<MemPortIdVec></MemPortIdVec>
<condition id="-1">
<or_exp><and_exp><literal name="icmp_ln1038" val="1"/>
<literal name="icmp_ln1049" val="1"/>
<literal name="icmp_ln674" val="0"/>
<literal name="icmp_ln1050" val="0"/>
</and_exp></or_exp>
</condition>

<Node id="81" bw="4" op_0_bw="4" op_1_bw="4">
<![CDATA[
_ifconv:9 %sub_ln674_1 = sub i4, i4 %trunc_ln674

]]></Node>
<StgValue><ssdm name="sub_ln674_1"/></StgValue>
</operation>

<operation id="90" st_id="3" stage="1" lat="1">
<core>Sel</core>
<MemPortIdVec></MemPortIdVec>
<condition id="-1">
<or_exp><and_exp><literal name="icmp_ln1038" val="1"/>
<literal name="icmp_ln1049" val="1"/>
<literal name="icmp_ln1050" val="0"/>
</and_exp></or_exp>
</condition>

<Node id="82" bw="4" op_0_bw="1" op_1_bw="4" op_2_bw="4">
<![CDATA[
_ifconv:10 %select_ln674 = select i1 %icmp_ln674, i4 %add_ln674, i4 %sub_ln674_1

]]></Node>
<StgValue><ssdm name="select_ln674"/></StgValue>
</operation>

<operation id="91" st_id="3" stage="1" lat="1">
<core>Sel</core>
<MemPortIdVec></MemPortIdVec>
<condition id="-1">
<or_exp><and_exp><literal name="icmp_ln1038" val="1"/>
<literal name="icmp_ln1049" val="1"/>
<literal name="icmp_ln1050" val="0"/>
</and_exp></or_exp>
</condition>

<Node id="83" bw="8" op_0_bw="1" op_1_bw="8" op_2_bw="8">
<![CDATA[
_ifconv:11 %select_ln674_1 = select i1 %icmp_ln674, i8 %tmp_2, i8 %p_Val2_load

]]></Node>
<StgValue><ssdm name="select_ln674_1"/></StgValue>
</operation>

<operation id="92" st_id="3" stage="1" lat="1">
<core>Sel</core>
<MemPortIdVec></MemPortIdVec>
<condition id="-1">
<or_exp><and_exp><literal name="icmp_ln1038" val="1"/>
<literal name="icmp_ln1049" val="1"/>
<literal name="icmp_ln1050" val="0"/>
</and_exp></or_exp>
</condition>

<Node id="84" bw="4" op_0_bw="1" op_1_bw="4" op_2_bw="4">
<![CDATA[
_ifconv:12 %select_ln674_2 = select i1 %icmp_ln674, i4 %sub_ln674, i4 %trunc_ln674

]]></Node>
<StgValue><ssdm name="select_ln674_2"/></StgValue>
</operation>

<operation id="93" st_id="3" stage="1" lat="1">
<core>Adder</core>
<MemPortIdVec></MemPortIdVec>
<condition id="-1">
<or_exp><and_exp><literal name="icmp_ln1038" val="1"/>
<literal name="icmp_ln1049" val="1"/>
<literal name="icmp_ln1050" val="0"/>
</and_exp></or_exp>
</condition>

<Node id="85" bw="4" op_0_bw="4" op_1_bw="4">
<![CDATA[
_ifconv:13 %sub_ln674_2 = sub i4, i4 %select_ln674

]]></Node>
<StgValue><ssdm name="sub_ln674_2"/></StgValue>
</operation>

<operation id="94" st_id="3" stage="1" lat="1">
<core>NULL</core>
<MemPortIdVec></MemPortIdVec>
<condition id="-1">
<or_exp><and_exp><literal name="icmp_ln1038" val="1"/>
<literal name="icmp_ln1049" val="1"/>
<literal name="icmp_ln1050" val="0"/>
</and_exp></or_exp>
</condition>

<Node id="86" bw="8" op_0_bw="4">
<![CDATA[
_ifconv:14 %zext_ln674 = zext i4 %select_ln674_2

]]></Node>
<StgValue><ssdm name="zext_ln674"/></StgValue>
</operation>

<operation id="95" st_id="3" stage="1" lat="1">
<core>NULL</core>
<MemPortIdVec></MemPortIdVec>
<condition id="-1">
<or_exp><and_exp><literal name="icmp_ln1038" val="1"/>
<literal name="icmp_ln1049" val="1"/>
<literal name="icmp_ln1050" val="0"/>
</and_exp></or_exp>
</condition>

<Node id="87" bw="8" op_0_bw="4">
<![CDATA[
_ifconv:15 %zext_ln674_1 = zext i4 %sub_ln674_2

]]></Node>
<StgValue><ssdm name="zext_ln674_1"/></StgValue>
</operation>

<operation id="96" st_id="3" stage="1" lat="1">
<core>Shift</core>
<MemPortIdVec></MemPortIdVec>
<condition id="-1">
<or_exp><and_exp><literal name="icmp_ln1038" val="1"/>
<literal name="icmp_ln1049" val="1"/>
<literal name="icmp_ln1050" val="0"/>
</and_exp></or_exp>
</condition>

<Node id="88" bw="8" op_0_bw="8" op_1_bw="8">
<![CDATA[
_ifconv:16 %lshr_ln674 = lshr i8 %select_ln674_1, i8 %zext_ln674

]]></Node>
<StgValue><ssdm name="lshr_ln674"/></StgValue>
</operation>

<operation id="97" st_id="3" stage="1" lat="1">
<core>Shift</core>
<MemPortIdVec></MemPortIdVec>
<condition id="-1">
<or_exp><and_exp><literal name="icmp_ln1038" val="1"/>
<literal name="icmp_ln1049" val="1"/>
<literal name="icmp_ln1050" val="0"/>
</and_exp></or_exp>
</condition>

<Node id="89" bw="8" op_0_bw="8" op_1_bw="8">
<![CDATA[
_ifconv:17 %lshr_ln674_1 = lshr i8, i8 %zext_ln674_1

]]></Node>
<StgValue><ssdm name="lshr_ln674_1"/></StgValue>
</operation>

<operation id="98" st_id="3" stage="1" lat="1">
<core>LogicGate</core>
<MemPortIdVec></MemPortIdVec>
<condition id="-1">
<or_exp><and_exp><literal name="icmp_ln1038" val="1"/>
<literal name="icmp_ln1049" val="1"/>
<literal name="icmp_ln1050" val="0"/>
</and_exp></or_exp>
</condition>

<Node id="90" bw="8" op_0_bw="8" op_1_bw="8">
<![CDATA[
_ifconv:18 %p_Result_14 = and i8 %lshr_ln674, i8 %lshr_ln674_1

]]></Node>
<StgValue><ssdm name="p_Result_14"/></StgValue>
</operation>

<operation id="99" st_id="3" stage="1" lat="1">
<core>Adder</core>
<MemPortIdVec></MemPortIdVec>
<condition id="-1">
<or_exp><and_exp><literal name="icmp_ln1038" val="1"/>
<literal name="icmp_ln1049" val="1"/>
<literal name="icmp_ln1050" val="0"/>
</and_exp></or_exp>
</condition>

<Node id="91" bw="4" op_0_bw="4" op_1_bw="4">
<![CDATA[
_ifconv:19 %sub_ln414 = sub i4, i4 %trunc_ln1051

]]></Node>
<StgValue><ssdm name="sub_ln414"/></StgValue>
</operation>

<operation id="100" st_id="3" stage="1" lat="1">
<core>NULL</core>
<MemPortIdVec></MemPortIdVec>
<condition id="-1">
<or_exp><and_exp><literal name="icmp_ln1038" val="1"/>
<literal name="icmp_ln1049" val="1"/>
<literal name="icmp_ln1050" val="0"/>
</and_exp></or_exp>
</condition>

<Node id="92" bw="8" op_0_bw="4">
<![CDATA[
_ifconv:20 %zext_ln414 = zext i4 %sub_ln414

]]></Node>
<StgValue><ssdm name="zext_ln414"/></StgValue>
</operation>

<operation id="101" st_id="3" stage="1" lat="1">
<core>Shift</core>
<MemPortIdVec></MemPortIdVec>
<condition id="-1">
<or_exp><and_exp><literal name="icmp_ln1038" val="1"/>
<literal name="icmp_ln1049" val="1"/>
<literal name="icmp_ln1050" val="0"/>
</and_exp></or_exp>
</condition>

<Node id="93" bw="8" op_0_bw="8" op_1_bw="8">
<![CDATA[
_ifconv:21 %lshr_ln414 = lshr i8, i8 %zext_ln414

]]></Node>
<StgValue><ssdm name="lshr_ln414"/></StgValue>
</operation>

<operation id="102" st_id="3" stage="1" lat="1">
<core>LogicGate</core>
<MemPortIdVec></MemPortIdVec>
<condition id="-1">
<or_exp><and_exp><literal name="icmp_ln1038" val="1"/>
<literal name="icmp_ln1049" val="1"/>
<literal name="icmp_ln1050" val="0"/>
</and_exp></or_exp>
</condition>

<Node id="94" bw="8" op_0_bw="8" op_1_bw="8">
<![CDATA[
_ifconv:22 %p_Result_s = and i8 %p_Result_14, i8 %lshr_ln414

]]></Node>
<StgValue><ssdm name="p_Result_s"/></StgValue>
</operation>

<operation id="103" st_id="3" stage="1" lat="1">
<core>Sel</core>
<MemPortIdVec></MemPortIdVec>
<condition id="-1">
<or_exp><and_exp><literal name="icmp_ln1038" val="1"/>
<literal name="icmp_ln1049" val="1"/>
</and_exp></or_exp>
</condition>

<Node id="95" bw="8" op_0_bw="1" op_1_bw="8" op_2_bw="8">
<![CDATA[
_ifconv:23 %p_Val2_4 = select i1 %icmp_ln1050, i8, i8 %p_Result_s

]]></Node>
<StgValue><ssdm name="p_Val2_4"/></StgValue>
</operation>

<operation id="104" st_id="3" stage="1" lat="1">
<core>FIFO_SRL</core>
<MemPortIdVec></MemPortIdVec>
<condition id="-1">
<or_exp><and_exp><literal name="icmp_ln1038" val="1"/>
<literal name="icmp_ln1049" val="1"/>
</and_exp></or_exp>
</condition>

<Node id="96" bw="8" op_0_bw="8" op_1_bw="8">
<![CDATA[
_ifconv:24 %val = read i8 @_ssdm_op_Read.ap_fifo.volatile.i8P, i8 %ldata1

]]></Node>
<StgValue><ssdm name="val"/></StgValue>
</operation>

<operation id="105" st_id="3" stage="1" lat="1">
<core>NULL</core>
<MemPortIdVec></MemPortIdVec>
<condition id="-1">
<or_exp><and_exp><literal name="icmp_ln1038" val="1"/>
<literal name="icmp_ln1049" val="1"/>
</and_exp></or_exp>
</condition>

<Node id="103" bw="8" op_0_bw="4">
<![CDATA[
_ifconv:31 %zext_ln674_2 = zext i4 %add_ln674_1

]]></Node>
<StgValue><ssdm name="zext_ln674_2"/></StgValue>
</operation>

<operation id="106" st_id="3" stage="1" lat="1">
<core>Shift</core>
<MemPortIdVec></MemPortIdVec>
<condition id="-1">
<or_exp><and_exp><literal name="icmp_ln1038" val="1"/>
<literal name="icmp_ln1049" val="1"/>
</and_exp></or_exp>
</condition>

<Node id="104" bw="8" op_0_bw="8" op_1_bw="8">
<![CDATA[
_ifconv:32 %lshr_ln674_2 = lshr i8, i8 %zext_ln674_2

]]></Node>
<StgValue><ssdm name="lshr_ln674_2"/></StgValue>
</operation>

<operation id="107" st_id="3" stage="1" lat="1">
<core>LogicGate</core>
<MemPortIdVec></MemPortIdVec>
<condition id="-1">
<or_exp><and_exp><literal name="icmp_ln1038" val="1"/>
<literal name="icmp_ln1049" val="1"/>
</and_exp></or_exp>
</condition>

<Node id="105" bw="8" op_0_bw="8" op_1_bw="8">
<![CDATA[
_ifconv:33 %p_Result_15 = and i8 %val, i8 %lshr_ln674_2

]]></Node>
<StgValue><ssdm name="p_Result_15"/></StgValue>
</operation>

<operation id="108" st_id="3" stage="1" lat="1">
<core>Adder</core>
<MemPortIdVec></MemPortIdVec>
<condition id="-1">
<or_exp><and_exp><literal name="icmp_ln1038" val="1"/>
<literal name="icmp_ln1049" val="1"/>
<literal name="icmp_ln414" val="1"/>
</and_exp></or_exp>
</condition>

<Node id="109" bw="4" op_0_bw="4" op_1_bw="4">
<![CDATA[
_ifconv:37 %sub_ln414_1 = sub i4, i4 %trunc_ln414

]]></Node>
<StgValue><ssdm name="sub_ln414_1"/></StgValue>
</operation>

<operation id="109" st_id="3" stage="1" lat="1">
<core>Sel</core>
<MemPortIdVec></MemPortIdVec>
<condition id="-1">
<or_exp><and_exp><literal name="icmp_ln1038" val="1"/>
<literal name="icmp_ln1049" val="1"/>
</and_exp></or_exp>
</condition>

<Node id="110" bw="4" op_0_bw="1" op_1_bw="4" op_2_bw="4">
<![CDATA[
_ifconv:38 %select_ln414 = select i1 %icmp_ln414, i4 %trunc_ln414, i4 %trunc_ln414_1

]]></Node>
<StgValue><ssdm name="select_ln414"/></StgValue>
</operation>

<operation id="110" st_id="3" stage="1" lat="1">
<core>Sel</core>
<MemPortIdVec></MemPortIdVec>
<condition id="-1">
<or_exp><and_exp><literal name="icmp_ln1038" val="1"/>
<literal name="icmp_ln1049" val="1"/>
</and_exp></or_exp>
</condition>

<Node id="111" bw="4" op_0_bw="1" op_1_bw="4" op_2_bw="4">
<![CDATA[
_ifconv:39 %select_ln414_1 = select i1 %icmp_ln414, i4 %trunc_ln414_1, i4 %trunc_ln414

]]></Node>
<StgValue><ssdm name="select_ln414_1"/></StgValue>
</operation>

<operation id="111" st_id="3" stage="1" lat="1">
<core>Sel</core>
<MemPortIdVec></MemPortIdVec>
<condition id="-1">
<or_exp><and_exp><literal name="icmp_ln1038" val="1"/>
<literal name="icmp_ln1049" val="1"/>
</and_exp></or_exp>
</condition>

<Node id="112" bw="4" op_0_bw="1" op_1_bw="4" op_2_bw="4">
<![CDATA[
_ifconv:40 %select_ln414_2 = select i1 %icmp_ln414, i4 %sub_ln414_1, i4 %trunc_ln414

]]></Node>
<StgValue><ssdm name="select_ln414_2"/></StgValue>
</operation>

<operation id="112" st_id="3" stage="1" lat="1">
<core>Adder</core>
<MemPortIdVec></MemPortIdVec>
<condition id="-1">
<or_exp><and_exp><literal name="icmp_ln1038" val="1"/>
<literal name="icmp_ln1049" val="1"/>
</and_exp></or_exp>
</condition>

<Node id="113" bw="4" op_0_bw="4" op_1_bw="4">
<![CDATA[
_ifconv:41 %sub_ln414_2 = sub i4, i4 %select_ln414

]]></Node>
<StgValue><ssdm name="sub_ln414_2"/></StgValue>
</operation>

<operation id="113" st_id="3" stage="1" lat="1">
<core>NULL</core>
<MemPortIdVec></MemPortIdVec>
<condition id="-1">
<or_exp><and_exp><literal name="icmp_ln1038" val="1"/>
<literal name="icmp_ln1049" val="1"/>
</and_exp></or_exp>
</condition>

<Node id="114" bw="8" op_0_bw="4">
<![CDATA[
_ifconv:42 %zext_ln414_1 = zext i4 %select_ln414_2

]]></Node>
<StgValue><ssdm name="zext_ln414_1"/></StgValue>
</operation>

<operation id="114" st_id="3" stage="1" lat="1">
<core>NULL</core>
<MemPortIdVec></MemPortIdVec>
<condition id="-1">
<or_exp><and_exp><literal name="icmp_ln1038" val="1"/>
<literal name="icmp_ln1049" val="1"/>
</and_exp></or_exp>
</condition>

<Node id="115" bw="8" op_0_bw="4">
<![CDATA[
_ifconv:43 %zext_ln414_2 = zext i4 %select_ln414_1

]]></Node>
<StgValue><ssdm name="zext_ln414_2"/></StgValue>
</operation>

<operation id="115" st_id="3" stage="1" lat="1">
<core>NULL</core>
<MemPortIdVec></MemPortIdVec>
<condition id="-1">
<or_exp><and_exp><literal name="icmp_ln1038" val="1"/>
<literal name="icmp_ln1049" val="1"/>
</and_exp></or_exp>
</condition>

<Node id="116" bw="8" op_0_bw="4">
<![CDATA[
_ifconv:44 %zext_ln414_3 = zext i4 %sub_ln414_2

]]></Node>
<StgValue><ssdm name="zext_ln414_3"/></StgValue>
</operation>

<operation id="116" st_id="3" stage="1" lat="1">
<core>Shift</core>
<MemPortIdVec></MemPortIdVec>
<condition id="-1">
<or_exp><and_exp><literal name="icmp_ln1038" val="1"/>
<literal name="icmp_ln1049" val="1"/>
</and_exp></or_exp>
</condition>

<Node id="117" bw="8" op_0_bw="8" op_1_bw="8">
<![CDATA[
_ifconv:45 %shl_ln414 = shl i8 %p_Result_15, i8 %zext_ln414_1

]]></Node>
<StgValue><ssdm name="shl_ln414"/></StgValue>
</operation>

<operation id="117" st_id="3" stage="1" lat="1">
<core>NULL</core>
<MemPortIdVec></MemPortIdVec>
<condition id="-1">
<or_exp><and_exp><literal name="icmp_ln1038" val="1"/>
<literal name="icmp_ln1049" val="1"/>
<literal name="icmp_ln414" val="1"/>
</and_exp></or_exp>
</condition>

<Node id="118" bw="8" op_0_bw="8" op_1_bw="8" op_2_bw="32" op_3_bw="32">
<![CDATA[
_ifconv:46 %tmp_3 = partselect i8 @llvm.part.select.i8, i8 %shl_ln414, i32, i32

]]></Node>
<StgValue><ssdm name="tmp_3"/></StgValue>
</operation>

<operation id="118" st_id="3" stage="1" lat="1">
<core>Sel</core>
<MemPortIdVec></MemPortIdVec>
<condition id="-1">
<or_exp><and_exp><literal name="icmp_ln1038" val="1"/>
<literal name="icmp_ln1049" val="1"/>
</and_exp></or_exp>
</condition>

<Node id="119" bw="8" op_0_bw="1" op_1_bw="8" op_2_bw="8">
<![CDATA[
_ifconv:47 %select_ln414_3 = select i1 %icmp_ln414, i8 %tmp_3, i8 %shl_ln414

]]></Node>
<StgValue><ssdm name="select_ln414_3"/></StgValue>
</operation>

<operation id="119" st_id="3" stage="1" lat="1">
<core>Shift</core>
<MemPortIdVec></MemPortIdVec>
<condition id="-1">
<or_exp><and_exp><literal name="icmp_ln1038" val="1"/>
<literal name="icmp_ln1049" val="1"/>
</and_exp></or_exp>
</condition>

<Node id="120" bw="8" op_0_bw="8" op_1_bw="8">
<![CDATA[
_ifconv:48 %shl_ln414_1 = shl i8, i8 %zext_ln414_2

]]></Node>
<StgValue><ssdm name="shl_ln414_1"/></StgValue>
</operation>

<operation id="120" st_id="3" stage="1" lat="1">
<core>Shift</core>
<MemPortIdVec></MemPortIdVec>
<condition id="-1">
<or_exp><and_exp><literal name="icmp_ln1038" val="1"/>
<literal name="icmp_ln1049" val="1"/>
</and_exp></or_exp>
</condition>

<Node id="121" bw="8" op_0_bw="8" op_1_bw="8">
<![CDATA[
_ifconv:49 %lshr_ln414_1 = lshr i8, i8 %zext_ln414_3

]]></Node>
<StgValue><ssdm name="lshr_ln414_1"/></StgValue>
</operation>

<operation id="121" st_id="3" stage="1" lat="1">
<core>LogicGate</core>
<MemPortIdVec></MemPortIdVec>
<condition id="-1">
<or_exp><and_exp><literal name="icmp_ln1038" val="1"/>
<literal name="icmp_ln1049" val="1"/>
</and_exp></or_exp>
</condition>

<Node id="122" bw="8" op_0_bw="8" op_1_bw="8">
<![CDATA[
_ifconv:50 %and_ln414 = and i8 %shl_ln414_1, i8 %lshr_ln414_1

]]></Node>
<StgValue><ssdm name="and_ln414"/></StgValue>
</operation>

<operation id="122" st_id="3" stage="1" lat="1">
<core>LogicGate</core>
<MemPortIdVec></MemPortIdVec>
<condition id="-1">
<or_exp><and_exp><literal name="icmp_ln1038" val="1"/>
<literal name="icmp_ln1049" val="1"/>
</and_exp></or_exp>
</condition>

<Node id="123" bw="8" op_0_bw="8" op_1_bw="8">
<![CDATA[
_ifconv:51 %xor_ln414 = xor i8 %and_ln414, i8

]]></Node>
<StgValue><ssdm name="xor_ln414"/></StgValue>
</operation>

<operation id="123" st_id="3" stage="1" lat="1">
<core>LogicGate</core>
<MemPortIdVec></MemPortIdVec>
<condition id="-1">
<or_exp><and_exp><literal name="icmp_ln1038" val="1"/>
<literal name="icmp_ln1049" val="1"/>
</and_exp></or_exp>
</condition>

<Node id="124" bw="8" op_0_bw="8" op_1_bw="8">
<![CDATA[
_ifconv:52 %and_ln414_1 = and i8 %p_Val2_4, i8 %xor_ln414

]]></Node>
<StgValue><ssdm name="and_ln414_1"/></StgValue>
</operation>

<operation id="124" st_id="3" stage="1" lat="1">
<core>LogicGate</core>
<MemPortIdVec></MemPortIdVec>
<condition id="-1">
<or_exp><and_exp><literal name="icmp_ln1038" val="1"/>
<literal name="icmp_ln1049" val="1"/>
</and_exp></or_exp>
</condition>

<Node id="125" bw="8" op_0_bw="8" op_1_bw="8">
<![CDATA[
_ifconv:53 %and_ln414_2 = and i8 %select_ln414_3, i8 %and_ln414

]]></Node>
<StgValue><ssdm name="and_ln414_2"/></StgValue>
</operation>

<operation id="125" st_id="3" stage="1" lat="1">
<core>LogicGate</core>
<MemPortIdVec></MemPortIdVec>
<condition id="-1">
<or_exp><and_exp><literal name="icmp_ln1038" val="1"/>
<literal name="icmp_ln1049" val="1"/>
</and_exp></or_exp>
</condition>

<Node id="126" bw="8" op_0_bw="8" op_1_bw="8">
<![CDATA[
_ifconv:54 %p_Result_12 = or i8 %and_ln414_1, i8 %and_ln414_2

]]></Node>
<StgValue><ssdm name="p_Result_12"/></StgValue>
</operation>

<operation id="126" st_id="3" stage="1" lat="1">
<core>NULL</core>
<MemPortIdVec></MemPortIdVec>
<condition id="-1">
<or_exp><and_exp><literal name="icmp_ln1038" val="1"/>
<literal name="icmp_ln1049" val="1"/>
</and_exp></or_exp>
</condition>

<Node id="128" bw="0" op_0_bw="8" op_1_bw="8" op_2_bw="0" op_3_bw="0">
<![CDATA[
_ifconv:56 %store_ln1056 = store i8 %val, i8 %p_Val2_s, void %store_ln1038, i8 %p_Val2_load

]]></Node>
<StgValue><ssdm name="store_ln1056"/></StgValue>
</operation>

<operation id="127" st_id="3" stage="1" lat="1">
<core>NULL</core>
<MemPortIdVec></MemPortIdVec>
<condition id="-1">
<or_exp><and_exp><literal name="icmp_ln1038" val="1"/>
<literal name="icmp_ln1049" val="1"/>
</and_exp></or_exp>
</condition>

<Node id="130" bw="0" op_0_bw="0">
<![CDATA[
_ifconv:58 %br_ln1056 = br void

]]></Node>
<StgValue><ssdm name="br_ln1056"/></StgValue>
</operation>

<operation id="128" st_id="3" stage="1" lat="1">
<core>NULL</core>
<MemPortIdVec></MemPortIdVec>
<condition id="-1">
<or_exp><and_exp><literal name="icmp_ln1038" val="1"/>
</and_exp></or_exp>
</condition>

<Node id="132" bw="8" op_0_bw="8" op_1_bw="0" op_2_bw="8" op_3_bw="0">
<![CDATA[
:0 %empty = phi i8 %p_Result_12, void %_ifconv, i8 %p_Result_13, void

]]></Node>
<StgValue><ssdm name="empty"/></StgValue>
</operation>

<operation id="129" st_id="3" stage="1" lat="1">
<core>FIFO_SRL</core>
<MemPortIdVec></MemPortIdVec>
<condition id="-1">
<or_exp><and_exp><literal name="icmp_ln1038" val="1"/>
</and_exp></or_exp>
</condition>

<Node id="133" bw="0" op_0_bw="0" op_1_bw="8" op_2_bw="8">
<![CDATA[
:1 %write_ln167 = write void @_ssdm_op_Write.ap_fifo.volatile.i8P, i8 %imgInput_417, i8 %empty

]]></Node>
<StgValue><ssdm name="write_ln167"/></StgValue>
</operation>

<operation id="130" st_id="3" stage="1" lat="1">
<core>NULL</core>
<MemPortIdVec></MemPortIdVec>
<condition id="-1">
<or_exp><and_exp><literal name="icmp_ln1038" val="1"/>
</and_exp></or_exp>
</condition>

<Node id="136" bw="0" op_0_bw="0">
<![CDATA[
:4 %br_ln0 = br void

]]></Node>
<StgValue><ssdm name="br_ln0"/></StgValue>
</operation>
</state>

<state id="4" st_id="4">

<operation id="131" st_id="4" stage="1" lat="1">
<core>NULL</core>
<MemPortIdVec></MemPortIdVec>
<condition id="-1">
<or_exp><and_exp></and_exp></or_exp>
</condition>

<Node id="138" bw="0">
<![CDATA[
.exit:0 %ret_ln1115 = ret

]]></Node>
<StgValue><ssdm name="ret_ln1115"/></StgValue>
</operation>
</state>
</state_list>


<ports>
</ports>


<dataflows>
</dataflows>


</stg>
