<profile>

<section name = "Vitis HLS Report for 'AxiStream2MatStream'" level="0">
<item name = "Date">Fri Jan 22 14:17:01 2021
</item>
<item name = "Version">2020.1 (Build 2902540 on Wed May 27 20:16:15 MDT 2020)</item>
<item name = "Project">erosion</item>
<item name = "Solution">solution1 (Vivado IP Flow Target)</item>
<item name = "Product family">virtexuplus</item>
<item name = "Target device">xcvu11p-flga2577-1-e</item>
</section>

<section name = "Performance Estimates" level="0">
<item name = "Timing">
<section name = "" level="1">
<item name = "Summary"><table name="" hasTotal="0">
<keys size="4">Clock, Target, Estimated, Uncertainty</keys>
<column name="ap_clk">10.00 ns, 6.136 ns, 2.70 ns</column>
</table>
</item>
</section>
</item>
<item name = "Latency">
<section name = "" level="1">
<item name = "Summary"><table name="" hasTotal="0">
<keys size="8">, min, max, min, max, min, max, Type</keys>
<column name="">3, 16386, 30.000 ns, 0.164 ms, 3, 16386, none</column>
</table>
</item>
<item name = "Detail">
<section name = "" level="1">
<item name = "Instance"><table name="" hasTotal="0">
<keys size="9">Instance, Module, min, max, min, max, min, max, Type</keys>
</table>
</item>
<item name = "Loop"><table name="" hasTotal="0">
<keys size="8">Loop Name, min, max, Latency, achieved, target, Count, Pipelined</keys>
<column name="- MMIterInLoopRow">1, 16384, 2, 1, 1, 1 ~ 16384, yes</column>
</table>
</item>
</section>
</item>
</section>
</item>
</section>

<section name = "Utilization Estimates" level="0">
<item name = "Summary"><table name="" hasTotal="1">
<keys size="6">Name, BRAM_18K, DSP, FF, LUT, URAM</keys>
<column name="DSP">-, -, -, -, -</column>
<column name="Expression">-, -, 0, 956, -</column>
<column name="FIFO">-, -, -, -, -</column>
<column name="Instance">-, 3, 0, 20, -</column>
<column name="Memory">-, -, -, -, -</column>
<column name="Multiplexer">-, -, -, 147, -</column>
<column name="Register">-, -, 221, -, -</column>
<specialColumn name="Available SLR">1344, 3072, 864000, 432000, 320</specialColumn>
<specialColumn name="Utilization SLR (%)">0, ~0, ~0, ~0, 0</specialColumn>
<specialColumn name="Available">4032, 9216, 2592000, 1296000, 960</specialColumn>
<specialColumn name="Utilization (%)">0, ~0, ~0, ~0, 0</specialColumn>
</table>
</item>
<item name = "Detail">
<section name = "" level="1">
<item name = "Instance"><table name="" hasTotal="1">
<keys size="7">Instance, Module, BRAM_18K, DSP, FF, LUT, URAM</keys>
<column name="mul_32s_32s_32_1_1_U45">mul_32s_32s_32_1_1, 0, 3, 0, 20, 0</column>
</table>
</item>
<item name = "DSP"><table name="" hasTotal="0">
<keys size="3">Instance, Module, Expression</keys>
</table>
</item>
<item name = "Memory"><table name="" hasTotal="1">
<keys size="10">Memory, Module, BRAM_18K, FF, LUT, URAM, Words, Bits, Banks, W*Bits*Banks</keys>
</table>
</item>
<item name = "FIFO"><table name="" hasTotal="1">
<keys size="8">Name, BRAM_18K, FF, LUT, URAM, Depth, Bits, Size:D*B</keys>
</table>
</item>
<item name = "Expression"><table name="" hasTotal="1">
<keys size="7">Variable Name, Operation, DSP, FF, LUT, Bitwidth P0, Bitwidth P1</keys>
<column name="add_ln1038_fu_220_p2">+, 0, 0, 38, 31, 1</column>
<column name="add_ln1054_fu_339_p2">+, 0, 0, 15, 2, 5</column>
<column name="add_ln1057_fu_195_p2">+, 0, 0, 15, 5, 3</column>
<column name="add_ln1061_fu_394_p2">+, 0, 0, 39, 32, 1</column>
<column name="add_ln674_1_fu_363_p2">+, 0, 0, 7, 3, 4</column>
<column name="add_ln674_fu_497_p2">+, 0, 0, 12, 4, 4</column>
<column name="rem_1_fu_383_p2">+, 0, 0, 39, 32, 32</column>
<column name="sub_i_fu_183_p2">+, 0, 0, 39, 32, 2</column>
<column name="grp_fu_163_p2">-, 0, 0, 39, 4, 32</column>
<column name="grp_fu_168_p2">-, 0, 0, 12, 3, 4</column>
<column name="rem_2_fu_298_p2">-, 0, 0, 39, 32, 32</column>
<column name="sub2_i_fu_189_p2">-, 0, 0, 15, 4, 5</column>
<column name="sub_ln1057_fu_278_p2">-, 0, 0, 39, 32, 32</column>
<column name="sub_ln414_1_fu_597_p2">-, 0, 0, 12, 3, 4</column>
<column name="sub_ln414_2_fu_618_p2">-, 0, 0, 12, 3, 4</column>
<column name="sub_ln414_fu_554_p2">-, 0, 0, 15, 5, 4</column>
<column name="sub_ln674_2_fu_522_p2">-, 0, 0, 12, 3, 4</column>
<column name="sub_ln674_3_fu_357_p2">-, 0, 0, 7, 4, 4</column>
<column name="sub_ln674_4_fu_421_p2">-, 0, 0, 12, 4, 4</column>
<column name="sub_ln674_5_fu_425_p2">-, 0, 0, 12, 3, 4</column>
<column name="sub_ln674_6_fu_430_p2">-, 0, 0, 12, 4, 4</column>
<column name="sub_ln674_7_fu_454_p2">-, 0, 0, 12, 3, 4</column>
<column name="and_ln414_1_fu_683_p2">and, 0, 0, 8, 8, 8</column>
<column name="and_ln414_2_fu_689_p2">and, 0, 0, 8, 8, 8</column>
<column name="and_ln414_fu_671_p2">and, 0, 0, 8, 8, 8</column>
<column name="ap_block_pp0_stage0_01001">and, 0, 0, 2, 1, 1</column>
<column name="ap_predicate_op104_read_state3">and, 0, 0, 2, 1, 1</column>
<column name="p_Result_13_fu_480_p2">and, 0, 0, 8, 8, 8</column>
<column name="p_Result_14_fu_548_p2">and, 0, 0, 8, 8, 8</column>
<column name="p_Result_15_fu_591_p2">and, 0, 0, 8, 8, 8</column>
<column name="p_Result_s_fu_569_p2">and, 0, 0, 8, 8, 8</column>
<column name="bLast_fu_230_p2">icmp, 0, 0, 20, 32, 32</column>
<column name="icmp_ln1038_fu_215_p2">icmp, 0, 0, 20, 32, 32</column>
<column name="icmp_ln1049_fu_261_p2">icmp, 0, 0, 20, 32, 32</column>
<column name="icmp_ln1050_fu_309_p2">icmp, 0, 0, 20, 32, 1</column>
<column name="icmp_ln414_fu_369_p2">icmp, 0, 0, 20, 32, 32</column>
<column name="icmp_ln674_1_fu_284_p2">icmp, 0, 0, 20, 32, 32</column>
<column name="icmp_ln674_fu_329_p2">icmp, 0, 0, 20, 29, 1</column>
<column name="lshr_ln414_1_fu_665_p2">lshr, 0, 0, 19, 2, 8</column>
<column name="lshr_ln414_fu_563_p2">lshr, 0, 0, 19, 2, 8</column>
<column name="lshr_ln674_1_fu_542_p2">lshr, 0, 0, 19, 2, 8</column>
<column name="lshr_ln674_2_fu_585_p2">lshr, 0, 0, 19, 2, 8</column>
<column name="lshr_ln674_3_fu_468_p2">lshr, 0, 0, 19, 8, 8</column>
<column name="lshr_ln674_4_fu_474_p2">lshr, 0, 0, 19, 2, 8</column>
<column name="lshr_ln674_fu_536_p2">lshr, 0, 0, 19, 8, 8</column>
<column name="ap_block_state1">or, 0, 0, 2, 1, 1</column>
<column name="ap_block_state3_pp0_stage0_iter1">or, 0, 0, 2, 1, 1</column>
<column name="p_Result_12_fu_695_p2">or, 0, 0, 8, 8, 8</column>
<column name="j_2_fu_400_p3">select, 0, 0, 32, 1, 1</column>
<column name="p_Val2_4_fu_575_p3">select, 0, 0, 8, 1, 1</column>
<column name="ptr_width_minus_fu_250_p3">select, 0, 0, 5, 1, 5</column>
<column name="select_ln1057_fu_267_p3">select, 0, 0, 5, 1, 5</column>
<column name="select_ln414_1_fu_607_p3">select, 0, 0, 4, 1, 4</column>
<column name="select_ln414_2_fu_612_p3">select, 0, 0, 4, 1, 4</column>
<column name="select_ln414_3_fu_652_p3">select, 0, 0, 8, 1, 8</column>
<column name="select_ln414_fu_602_p3">select, 0, 0, 4, 1, 4</column>
<column name="select_ln674_1_fu_509_p3">select, 0, 0, 8, 1, 8</column>
<column name="select_ln674_2_fu_516_p3">select, 0, 0, 4, 1, 4</column>
<column name="select_ln674_3_fu_434_p3">select, 0, 0, 4, 1, 4</column>
<column name="select_ln674_4_fu_441_p3">select, 0, 0, 8, 1, 8</column>
<column name="select_ln674_5_fu_448_p3">select, 0, 0, 4, 1, 4</column>
<column name="select_ln674_fu_502_p3">select, 0, 0, 4, 1, 4</column>
<column name="xf_bits_per_clock_fu_235_p3">select, 0, 0, 5, 1, 4</column>
<column name="shl_ln414_1_fu_659_p2">shl, 0, 0, 19, 2, 8</column>
<column name="shl_ln414_fu_636_p2">shl, 0, 0, 19, 8, 8</column>
<column name="ap_enable_pp0">xor, 0, 0, 2, 1, 2</column>
<column name="ap_enable_reg_pp0_iter1">xor, 0, 0, 2, 2, 1</column>
<column name="xor_ln414_fu_677_p2">xor, 0, 0, 8, 2, 8</column>
</table>
</item>
<item name = "Multiplexer"><table name="" hasTotal="1">
<keys size="5">Name, LUT, Input Size, Bits, Total Bits</keys>
<column name="ap_NS_fsm">21, 4, 1, 4</column>
<column name="ap_done">9, 2, 1, 2</column>
<column name="ap_enable_reg_pp0_iter1">15, 3, 1, 3</column>
<column name="ap_phi_mux_empty_phi_fu_156_p4">15, 3, 8, 24</column>
<column name="cols_bound_per_npc_blk_n">9, 2, 1, 2</column>
<column name="i_reg_142">9, 2, 31, 62</column>
<column name="imgInput_417_blk_n">9, 2, 1, 2</column>
<column name="j_reg_131">9, 2, 32, 64</column>
<column name="last_blk_width_blk_n">9, 2, 1, 2</column>
<column name="ldata1_blk_n">9, 2, 1, 2</column>
<column name="p_Val2_s_fu_96">9, 2, 8, 16</column>
<column name="rem_fu_92">15, 3, 32, 96</column>
<column name="rows_blk_n">9, 2, 1, 2</column>
</table>
</item>
<item name = "Register"><table name="" hasTotal="1">
<keys size="5">Name, FF, LUT, Bits, Const Bits</keys>
<column name="add_ln1057_reg_742">5, 0, 5, 0</column>
<column name="add_ln674_1_reg_805">4, 0, 4, 0</column>
<column name="ap_CS_fsm">3, 0, 3, 0</column>
<column name="ap_done_reg">1, 0, 1, 0</column>
<column name="ap_enable_reg_pp0_iter0">1, 0, 1, 0</column>
<column name="ap_enable_reg_pp0_iter1">1, 0, 1, 0</column>
<column name="bound_reg_727">32, 0, 32, 0</column>
<column name="i_reg_142">31, 0, 31, 0</column>
<column name="icmp_ln1038_reg_747">1, 0, 1, 0</column>
<column name="icmp_ln1049_reg_756">1, 0, 1, 0</column>
<column name="icmp_ln1050_reg_781">1, 0, 1, 0</column>
<column name="icmp_ln414_reg_810">1, 0, 1, 0</column>
<column name="icmp_ln674_1_reg_760">1, 0, 1, 0</column>
<column name="icmp_ln674_reg_791">1, 0, 1, 0</column>
<column name="j_reg_131">32, 0, 32, 0</column>
<column name="last_blk_width_1_reg_722">4, 0, 4, 0</column>
<column name="p_Val2_s_fu_96">8, 0, 8, 0</column>
<column name="rem_fu_92">32, 0, 32, 0</column>
<column name="sub2_i_reg_737">5, 0, 5, 0</column>
<column name="sub_i_reg_732">32, 0, 32, 0</column>
<column name="trunc_ln1051_reg_786">4, 0, 4, 0</column>
<column name="trunc_ln414_1_reg_826">4, 0, 4, 0</column>
<column name="trunc_ln414_reg_818">4, 0, 4, 0</column>
<column name="trunc_ln674_1_reg_767">4, 0, 4, 0</column>
<column name="trunc_ln674_2_reg_775">4, 0, 4, 0</column>
<column name="trunc_ln674_reg_798">4, 0, 4, 0</column>
</table>
</item>
</section>
</item>
</section>

<section name = "Interface" level="0">
<item name = "Summary"><table name="" hasTotal="0">
<keys size="6">RTL Ports, Dir, Bits, Protocol, Source Object, C Type</keys>
<column name="ap_clk">in, 1, ap_ctrl_hs, AxiStream2MatStream, return value</column>
<column name="ap_rst">in, 1, ap_ctrl_hs, AxiStream2MatStream, return value</column>
<column name="ap_start">in, 1, ap_ctrl_hs, AxiStream2MatStream, return value</column>
<column name="ap_done">out, 1, ap_ctrl_hs, AxiStream2MatStream, return value</column>
<column name="ap_continue">in, 1, ap_ctrl_hs, AxiStream2MatStream, return value</column>
<column name="ap_idle">out, 1, ap_ctrl_hs, AxiStream2MatStream, return value</column>
<column name="ap_ready">out, 1, ap_ctrl_hs, AxiStream2MatStream, return value</column>
<column name="ldata1_dout">in, 8, ap_fifo, ldata1, pointer</column>
<column name="ldata1_empty_n">in, 1, ap_fifo, ldata1, pointer</column>
<column name="ldata1_read">out, 1, ap_fifo, ldata1, pointer</column>
<column name="imgInput_417_din">out, 8, ap_fifo, imgInput_417, pointer</column>
<column name="imgInput_417_full_n">in, 1, ap_fifo, imgInput_417, pointer</column>
<column name="imgInput_417_write">out, 1, ap_fifo, imgInput_417, pointer</column>
<column name="rows_dout">in, 32, ap_fifo, rows, pointer</column>
<column name="rows_empty_n">in, 1, ap_fifo, rows, pointer</column>
<column name="rows_read">out, 1, ap_fifo, rows, pointer</column>
<column name="cols_bound_per_npc_dout">in, 32, ap_fifo, cols_bound_per_npc, pointer</column>
<column name="cols_bound_per_npc_empty_n">in, 1, ap_fifo, cols_bound_per_npc, pointer</column>
<column name="cols_bound_per_npc_read">out, 1, ap_fifo, cols_bound_per_npc, pointer</column>
<column name="last_blk_width_dout">in, 4, ap_fifo, last_blk_width, pointer</column>
<column name="last_blk_width_empty_n">in, 1, ap_fifo, last_blk_width, pointer</column>
<column name="last_blk_width_read">out, 1, ap_fifo, last_blk_width, pointer</column>
</table>
</item>
</section>
</profile>
