<stg><name>AxiStream2Axi</name>


<trans_list>

<trans id="41" from="1" to="2">
<condition id="-1">
<or_exp><and_exp><literal name="icmp_ln882" val="0"/>
</and_exp></or_exp>
</condition>
</trans>

<trans id="42" from="1" to="10">
<condition id="-1">
<or_exp><and_exp><literal name="icmp_ln882" val="1"/>
</and_exp></or_exp>
</condition>
</trans>

<trans id="44" from="2" to="3">
<condition id="-1">
<or_exp><and_exp></and_exp></or_exp>
</condition>
</trans>

<trans id="56" from="3" to="6">
<condition id="-1">
<or_exp><and_exp><literal name="icmp_ln1305" val="1"/>
</and_exp></or_exp>
</condition>
</trans>

<trans id="57" from="3" to="4">
<condition id="-1">
<or_exp><and_exp><literal name="icmp_ln1305" val="0"/>
</and_exp></or_exp>
</condition>
</trans>

<trans id="54" from="4" to="5">
<condition id="-1">
<or_exp><and_exp></and_exp></or_exp>
</condition>
</trans>

<trans id="55" from="5" to="3">
<condition id="-1">
<or_exp><and_exp></and_exp></or_exp>
</condition>
</trans>

<trans id="49" from="6" to="7">
<condition id="-1">
<or_exp><and_exp></and_exp></or_exp>
</condition>
</trans>

<trans id="50" from="7" to="8">
<condition id="-1">
<or_exp><and_exp></and_exp></or_exp>
</condition>
</trans>

<trans id="51" from="8" to="9">
<condition id="-1">
<or_exp><and_exp></and_exp></or_exp>
</condition>
</trans>

<trans id="52" from="9" to="10">
<condition id="-1">
<or_exp><and_exp></and_exp></or_exp>
</condition>
</trans>
</trans_list>



<state_list>

<state id="1" st_id="1">

<operation id="11" st_id="1" stage="1" lat="1">
<core>NULL</core>
<MemPortIdVec></MemPortIdVec>
<condition id="-1">
<or_exp><and_exp></and_exp></or_exp>
</condition>

<Node id="5" bw="15" op_0_bw="15" op_1_bw="15">
<![CDATA[
entry:0 %addrbound_V_read_1 = read i15 @_ssdm_op_Read.ap_auto.i15, i15 %addrbound_V_read

]]></Node>
<StgValue><ssdm name="addrbound_V_read_1"/></StgValue>
</operation>

<operation id="12" st_id="1" stage="1" lat="1">
<core>NULL</core>
<MemPortIdVec></MemPortIdVec>
<condition id="-1">
<or_exp><and_exp></and_exp></or_exp>
</condition>

<Node id="6" bw="0" op_0_bw="0" op_1_bw="8" op_2_bw="0" op_3_bw="32" op_4_bw="32" op_5_bw="0" op_6_bw="32" op_7_bw="32" op_8_bw="0" op_9_bw="0" op_10_bw="0" op_11_bw="32" op_12_bw="32" op_13_bw="32" op_14_bw="32" op_15_bw="0" op_16_bw="0">
<![CDATA[
entry:1 %specinterface_ln0 = specinterface void @_ssdm_op_SpecInterface, i8 %ldata1, void @empty_0, i32, i32, void @empty_21, i32, i32, void @empty_21, void @empty_21, void @empty_21, i32, i32, i32, i32, void @empty_21, void @empty_21

]]></Node>
<StgValue><ssdm name="specinterface_ln0"/></StgValue>
</operation>

<operation id="13" st_id="1" stage="1" lat="1">
<core>NULL</core>
<MemPortIdVec></MemPortIdVec>
<condition id="-1">
<or_exp><and_exp></and_exp></or_exp>
</condition>

<Node id="7" bw="0" op_0_bw="0" op_1_bw="8" op_2_bw="0" op_3_bw="32" op_4_bw="32" op_5_bw="0" op_6_bw="32" op_7_bw="32" op_8_bw="0" op_9_bw="0" op_10_bw="0" op_11_bw="32" op_12_bw="32" op_13_bw="32" op_14_bw="32" op_15_bw="0" op_16_bw="0">
<![CDATA[
entry:2 %specinterface_ln0 = specinterface void @_ssdm_op_SpecInterface, i8 %gmem2, void @empty_12, i32, i32, void @empty_21, i32, i32, void @empty_21, void @empty_21, void @empty_21, i32, i32, i32, i32, void @empty_21, void @empty_21

]]></Node>
<StgValue><ssdm name="specinterface_ln0"/></StgValue>
</operation>

<operation id="14" st_id="1" stage="1" lat="1">
<core>NULL</core>
<MemPortIdVec></MemPortIdVec>
<condition id="-1">
<or_exp><and_exp></and_exp></or_exp>
</condition>

<Node id="8" bw="0" op_0_bw="0" op_1_bw="64" op_2_bw="0" op_3_bw="32" op_4_bw="32" op_5_bw="0" op_6_bw="32" op_7_bw="32" op_8_bw="0" op_9_bw="0" op_10_bw="0" op_11_bw="32" op_12_bw="32" op_13_bw="32" op_14_bw="32" op_15_bw="0" op_16_bw="0">
<![CDATA[
entry:3 %specinterface_ln0 = specinterface void @_ssdm_op_SpecInterface, i64 %dout, void @ap_fifo_str, i32, i32, void @p_str, i32, i32, void @p_str, void @p_str, void @p_str, i32, i32, i32, i32, void @p_str, void @ScalarProp_str

]]></Node>
<StgValue><ssdm name="specinterface_ln0"/></StgValue>
</operation>

<operation id="15" st_id="1" stage="1" lat="1">
<core>FIFO_SRL</core>
<MemPortIdVec></MemPortIdVec>
<condition id="-1">
<or_exp><and_exp></and_exp></or_exp>
</condition>

<Node id="9" bw="64" op_0_bw="64" op_1_bw="64">
<![CDATA[
entry:4 %dout_1 = read i64 @_ssdm_op_Read.ap_fifo.i64P, i64 %dout

]]></Node>
<StgValue><ssdm name="dout_1"/></StgValue>
</operation>

<operation id="16" st_id="1" stage="1" lat="1">
<core>NULL</core>
<MemPortIdVec></MemPortIdVec>
<condition id="-1">
<or_exp><and_exp></and_exp></or_exp>
</condition>

<Node id="10" bw="0" op_0_bw="0" op_1_bw="8" op_2_bw="0" op_3_bw="32" op_4_bw="32" op_5_bw="0" op_6_bw="32" op_7_bw="32" op_8_bw="0" op_9_bw="0" op_10_bw="0" op_11_bw="32" op_12_bw="32" op_13_bw="32" op_14_bw="32" op_15_bw="0" op_16_bw="0">
<![CDATA[
entry:5 %specinterface_ln0 = specinterface void @_ssdm_op_SpecInterface, i8 %ldata1, void @empty_0, i32, i32, void @empty_21, i32, i32, void @empty_21, void @empty_21, void @empty_21, i32, i32, i32, i32, void @empty_21, void @empty_21

]]></Node>
<StgValue><ssdm name="specinterface_ln0"/></StgValue>
</operation>

<operation id="17" st_id="1" stage="1" lat="1">
<core>NULL</core>
<MemPortIdVec></MemPortIdVec>
<condition id="-1">
<or_exp><and_exp></and_exp></or_exp>
</condition>

<Node id="11" bw="0" op_0_bw="0" op_1_bw="8" op_2_bw="0" op_3_bw="32" op_4_bw="32" op_5_bw="0" op_6_bw="32" op_7_bw="32" op_8_bw="0" op_9_bw="0" op_10_bw="0" op_11_bw="32" op_12_bw="32" op_13_bw="32" op_14_bw="32" op_15_bw="0" op_16_bw="0">
<![CDATA[
entry:6 %specinterface_ln0 = specinterface void @_ssdm_op_SpecInterface, i8 %gmem2, void @empty_12, i32, i32, void @empty_21, i32, i32, void @empty_21, void @empty_21, void @empty_21, i32, i32, i32, i32, void @empty_21, void @empty_21

]]></Node>
<StgValue><ssdm name="specinterface_ln0"/></StgValue>
</operation>

<operation id="18" st_id="1" stage="1" lat="1">
<core>Cmp</core>
<MemPortIdVec></MemPortIdVec>
<condition id="-1">
<or_exp><and_exp></and_exp></or_exp>
</condition>

<Node id="12" bw="1" op_0_bw="15" op_1_bw="15">
<![CDATA[
entry:7 %icmp_ln882 = icmp_eq  i15 %addrbound_V_read_1, i15

]]></Node>
<StgValue><ssdm name="icmp_ln882"/></StgValue>
</operation>

<operation id="19" st_id="1" stage="1" lat="1">
<core>NULL</core>
<MemPortIdVec></MemPortIdVec>
<condition id="-1">
<or_exp><and_exp></and_exp></or_exp>
</condition>

<Node id="13" bw="0" op_0_bw="1" op_1_bw="0" op_2_bw="0">
<![CDATA[
entry:8 %br_ln1305 = br i1 %icmp_ln882, void %.lr.ph.i, void %.exit

]]></Node>
<StgValue><ssdm name="br_ln1305"/></StgValue>
</operation>

<operation id="20" st_id="1" stage="1" lat="1">
<core>NULL</core>
<MemPortIdVec></MemPortIdVec>
<condition id="-1">
<or_exp><and_exp><literal name="icmp_ln882" val="0"/>
</and_exp></or_exp>
</condition>

<Node id="15" bw="64" op_0_bw="64" op_1_bw="64">
<![CDATA[
.lr.ph.i:0 %gmem2_addr = getelementptr i8 %gmem2, i64 %dout_1

]]></Node>
<StgValue><ssdm name="gmem2_addr"/></StgValue>
</operation>
</state>

<state id="2" st_id="2">

<operation id="21" st_id="2" stage="1" lat="1">
<core>NULL</core>
<MemPortIdVec></MemPortIdVec>
<condition id="-1">
<or_exp><and_exp></and_exp></or_exp>
</condition>

<Node id="16" bw="32" op_0_bw="15">
<![CDATA[
.lr.ph.i:1 %zext_ln1305 = zext i15 %addrbound_V_read_1

]]></Node>
<StgValue><ssdm name="zext_ln1305"/></StgValue>
</operation>

<operation id="22" st_id="2" stage="1" lat="1">
<core>m_axi</core>
<MemPortIdVec></MemPortIdVec>
<condition id="-1">
<or_exp><and_exp></and_exp></or_exp>
</condition>

<Node id="17" bw="1" op_0_bw="1" op_1_bw="8" op_2_bw="32">
<![CDATA[
.lr.ph.i:2 %empty = writereq i1 @_ssdm_op_WriteReq.m_axi.p1i8, i64 %gmem2_addr, i32 %zext_ln1305

]]></Node>
<StgValue><ssdm name="empty"/></StgValue>
</operation>

<operation id="23" st_id="2" stage="1" lat="1">
<core>NULL</core>
<MemPortIdVec></MemPortIdVec>
<condition id="-1">
<or_exp><and_exp></and_exp></or_exp>
</condition>

<Node id="18" bw="0" op_0_bw="0">
<![CDATA[
.lr.ph.i:3 %br_ln1305 = br void %bb.i

]]></Node>
<StgValue><ssdm name="br_ln1305"/></StgValue>
</operation>
</state>

<state id="3" st_id="3">

<operation id="24" st_id="3" stage="1" lat="1">
<core>NULL</core>
<MemPortIdVec></MemPortIdVec>
<condition id="-1">
<or_exp><and_exp></and_exp></or_exp>
</condition>

<Node id="20" bw="15" op_0_bw="15" op_1_bw="0" op_2_bw="15" op_3_bw="0">
<![CDATA[
bb.i:0 %empty_76 = phi i15, void %.lr.ph.i, i15 %add_ln695, void %bb.split.i

]]></Node>
<StgValue><ssdm name="empty_76"/></StgValue>
</operation>

<operation id="25" st_id="3" stage="1" lat="1">
<core>Cmp</core>
<MemPortIdVec></MemPortIdVec>
<condition id="-1">
<or_exp><and_exp></and_exp></or_exp>
</condition>

<Node id="21" bw="1" op_0_bw="15" op_1_bw="15">
<![CDATA[
bb.i:1 %icmp_ln1305 = icmp_eq  i15 %empty_76, i15 %addrbound_V_read_1

]]></Node>
<StgValue><ssdm name="icmp_ln1305"/></StgValue>
</operation>

<operation id="26" st_id="3" stage="1" lat="1">
<core>Adder</core>
<MemPortIdVec></MemPortIdVec>
<condition id="-1">
<or_exp><and_exp></and_exp></or_exp>
</condition>

<Node id="22" bw="15" op_0_bw="15" op_1_bw="15">
<![CDATA[
bb.i:2 %add_ln695 = add i15 %empty_76, i15

]]></Node>
<StgValue><ssdm name="add_ln695"/></StgValue>
</operation>

<operation id="27" st_id="3" stage="1" lat="1">
<core>NULL</core>
<MemPortIdVec></MemPortIdVec>
<condition id="-1">
<or_exp><and_exp></and_exp></or_exp>
</condition>

<Node id="23" bw="0" op_0_bw="1" op_1_bw="0" op_2_bw="0">
<![CDATA[
bb.i:3 %br_ln1305 = br i1 %icmp_ln1305, void %bb.split.i, void %._crit_edge.loopexit.i

]]></Node>
<StgValue><ssdm name="br_ln1305"/></StgValue>
</operation>
</state>

<state id="4" st_id="4">

<operation id="28" st_id="4" stage="1" lat="1">
<core>FIFO_SRL</core>
<MemPortIdVec></MemPortIdVec>
<condition id="-1">
<or_exp><and_exp><literal name="icmp_ln1305" val="0"/>
</and_exp></or_exp>
</condition>

<Node id="28" bw="8" op_0_bw="8" op_1_bw="8">
<![CDATA[
bb.split.i:3 %ldata1_read = read i8 @_ssdm_op_Read.ap_fifo.volatile.i8P, i8 %ldata1

]]></Node>
<StgValue><ssdm name="ldata1_read"/></StgValue>
</operation>
</state>

<state id="5" st_id="5">

<operation id="29" st_id="5" stage="1" lat="1">
<core>NULL</core>
<MemPortIdVec></MemPortIdVec>
<condition id="-1">
<or_exp><and_exp><literal name="icmp_ln1305" val="0"/>
</and_exp></or_exp>
</condition>

<Node id="25" bw="0" op_0_bw="0" op_1_bw="32" op_2_bw="32" op_3_bw="32" op_4_bw="32" op_5_bw="0">
<![CDATA[
bb.split.i:0 %specpipeline_ln0 = specpipeline void @_ssdm_op_SpecPipeline, i32, i32, i32, i32, void @empty_21

]]></Node>
<StgValue><ssdm name="specpipeline_ln0"/></StgValue>
</operation>

<operation id="30" st_id="5" stage="1" lat="1">
<core>NULL</core>
<MemPortIdVec></MemPortIdVec>
<condition id="-1">
<or_exp><and_exp><literal name="icmp_ln1305" val="0"/>
</and_exp></or_exp>
</condition>

<Node id="26" bw="0" op_0_bw="0" op_1_bw="64" op_2_bw="64" op_3_bw="64">
<![CDATA[
bb.split.i:1 %speclooptripcount_ln0 = speclooptripcount void @_ssdm_op_SpecLoopTripCount, i64, i64, i64

]]></Node>
<StgValue><ssdm name="speclooptripcount_ln0"/></StgValue>
</operation>

<operation id="31" st_id="5" stage="1" lat="1">
<core>NULL</core>
<MemPortIdVec></MemPortIdVec>
<condition id="-1">
<or_exp><and_exp><literal name="icmp_ln1305" val="0"/>
</and_exp></or_exp>
</condition>

<Node id="27" bw="0" op_0_bw="0" op_1_bw="0">
<![CDATA[
bb.split.i:2 %specloopname_ln0 = specloopname void @_ssdm_op_SpecLoopName, void @empty_10

]]></Node>
<StgValue><ssdm name="specloopname_ln0"/></StgValue>
</operation>

<operation id="32" st_id="5" stage="1" lat="1">
<core>m_axi</core>
<MemPortIdVec></MemPortIdVec>
<condition id="-1">
<or_exp><and_exp><literal name="icmp_ln1305" val="0"/>
</and_exp></or_exp>
</condition>

<Node id="29" bw="0" op_0_bw="0" op_1_bw="8" op_2_bw="8" op_3_bw="1" op_4_bw="0">
<![CDATA[
bb.split.i:4 %write_ln324 = write void @_ssdm_op_Write.m_axi.p1i8, i64 %gmem2_addr, i8 %ldata1_read, i1, i1 %empty

]]></Node>
<StgValue><ssdm name="write_ln324"/></StgValue>
</operation>

<operation id="33" st_id="5" stage="1" lat="1">
<core>NULL</core>
<MemPortIdVec></MemPortIdVec>
<condition id="-1">
<or_exp><and_exp><literal name="icmp_ln1305" val="0"/>
</and_exp></or_exp>
</condition>

<Node id="30" bw="0" op_0_bw="0">
<![CDATA[
bb.split.i:5 %br_ln0 = br void %bb.i

]]></Node>
<StgValue><ssdm name="br_ln0"/></StgValue>
</operation>
</state>

<state id="6" st_id="6">

<operation id="34" st_id="6" stage="5" lat="5">
<core>m_axi</core>
<MemPortIdVec></MemPortIdVec>
<condition id="-1">
<or_exp><and_exp></and_exp></or_exp>
</condition>

<Node id="32" bw="1" op_0_bw="1" op_1_bw="8">
<![CDATA[
._crit_edge.loopexit.i:0 %empty_77 = writeresp i1 @_ssdm_op_WriteResp.m_axi.p1i8, i64 %gmem2_addr

]]></Node>
<StgValue><ssdm name="empty_77"/></StgValue>
</operation>
</state>

<state id="7" st_id="7">

<operation id="35" st_id="7" stage="4" lat="5">
<core>m_axi</core>
<MemPortIdVec></MemPortIdVec>
<condition id="-1">
<or_exp><and_exp></and_exp></or_exp>
</condition>

<Node id="32" bw="1" op_0_bw="1" op_1_bw="8">
<![CDATA[
._crit_edge.loopexit.i:0 %empty_77 = writeresp i1 @_ssdm_op_WriteResp.m_axi.p1i8, i64 %gmem2_addr

]]></Node>
<StgValue><ssdm name="empty_77"/></StgValue>
</operation>
</state>

<state id="8" st_id="8">

<operation id="36" st_id="8" stage="3" lat="5">
<core>m_axi</core>
<MemPortIdVec></MemPortIdVec>
<condition id="-1">
<or_exp><and_exp></and_exp></or_exp>
</condition>

<Node id="32" bw="1" op_0_bw="1" op_1_bw="8">
<![CDATA[
._crit_edge.loopexit.i:0 %empty_77 = writeresp i1 @_ssdm_op_WriteResp.m_axi.p1i8, i64 %gmem2_addr

]]></Node>
<StgValue><ssdm name="empty_77"/></StgValue>
</operation>
</state>

<state id="9" st_id="9">

<operation id="37" st_id="9" stage="2" lat="5">
<core>m_axi</core>
<MemPortIdVec></MemPortIdVec>
<condition id="-1">
<or_exp><and_exp></and_exp></or_exp>
</condition>

<Node id="32" bw="1" op_0_bw="1" op_1_bw="8">
<![CDATA[
._crit_edge.loopexit.i:0 %empty_77 = writeresp i1 @_ssdm_op_WriteResp.m_axi.p1i8, i64 %gmem2_addr

]]></Node>
<StgValue><ssdm name="empty_77"/></StgValue>
</operation>
</state>

<state id="10" st_id="10">

<operation id="38" st_id="10" stage="1" lat="5">
<core>m_axi</core>
<MemPortIdVec></MemPortIdVec>
<condition id="-1">
<or_exp><and_exp><literal name="icmp_ln882" val="0"/>
</and_exp></or_exp>
</condition>

<Node id="32" bw="1" op_0_bw="1" op_1_bw="8">
<![CDATA[
._crit_edge.loopexit.i:0 %empty_77 = writeresp i1 @_ssdm_op_WriteResp.m_axi.p1i8, i64 %gmem2_addr

]]></Node>
<StgValue><ssdm name="empty_77"/></StgValue>
</operation>

<operation id="39" st_id="10" stage="1" lat="1">
<core>NULL</core>
<MemPortIdVec></MemPortIdVec>
<condition id="-1">
<or_exp><and_exp><literal name="icmp_ln882" val="0"/>
</and_exp></or_exp>
</condition>

<Node id="33" bw="0" op_0_bw="0">
<![CDATA[
._crit_edge.loopexit.i:1 %br_ln1312 = br void %.exit

]]></Node>
<StgValue><ssdm name="br_ln1312"/></StgValue>
</operation>

<operation id="40" st_id="10" stage="1" lat="1">
<core>NULL</core>
<MemPortIdVec></MemPortIdVec>
<condition id="-1">
<or_exp><and_exp></and_exp></or_exp>
</condition>

<Node id="35" bw="0">
<![CDATA[
.exit:0 %ret_ln1333 = ret

]]></Node>
<StgValue><ssdm name="ret_ln1333"/></StgValue>
</operation>
</state>
</state_list>


<ports>
<port id="58" name="ldata1" dir="0" iftype="3">
<core>FIFO_SRL</core><StgValue><ssdm name="ldata1"/></StgValue>
</port>
<port id="59" name="gmem2" dir="1" iftype="4">
<core>NULL</core><StgValue><ssdm name="gmem2"/></StgValue>
</port>
<port id="60" name="dout" dir="0" iftype="3">
<core>FIFO_SRL</core><StgValue><ssdm name="dout"/></StgValue>
</port>
<port id="61" name="addrbound_V_read" dir="0" iftype="0">
<core>NULL</core><StgValue><ssdm name="addrbound_V_read"/></StgValue>
</port>
</ports>


<dataflows>
<dataflow id="63" from="_ssdm_op_Read.ap_auto.i15" to="addrbound_V_read_1" fromId="62" toId="11">
</dataflow>
<dataflow id="64" from="addrbound_V_read" to="addrbound_V_read_1" fromId="61" toId="11">
</dataflow>
<dataflow id="66" from="_ssdm_op_SpecInterface" to="specinterface_ln0" fromId="65" toId="12">
</dataflow>
<dataflow id="67" from="ldata1" to="specinterface_ln0" fromId="58" toId="12">
</dataflow>
<dataflow id="69" from="empty_0" to="specinterface_ln0" fromId="68" toId="12">
</dataflow>
<dataflow id="71" from="StgValue_70" to="specinterface_ln0" fromId="70" toId="12">
</dataflow>
<dataflow id="72" from="StgValue_70" to="specinterface_ln0" fromId="70" toId="12">
</dataflow>
<dataflow id="74" from="empty_21" to="specinterface_ln0" fromId="73" toId="12">
</dataflow>
<dataflow id="75" from="StgValue_70" to="specinterface_ln0" fromId="70" toId="12">
</dataflow>
<dataflow id="76" from="StgValue_70" to="specinterface_ln0" fromId="70" toId="12">
</dataflow>
<dataflow id="77" from="empty_21" to="specinterface_ln0" fromId="73" toId="12">
</dataflow>
<dataflow id="78" from="empty_21" to="specinterface_ln0" fromId="73" toId="12">
</dataflow>
<dataflow id="79" from="empty_21" to="specinterface_ln0" fromId="73" toId="12">
</dataflow>
<dataflow id="80" from="StgValue_70" to="specinterface_ln0" fromId="70" toId="12">
</dataflow>
<dataflow id="81" from="StgValue_70" to="specinterface_ln0" fromId="70" toId="12">
</dataflow>
<dataflow id="82" from="StgValue_70" to="specinterface_ln0" fromId="70" toId="12">
</dataflow>
<dataflow id="83" from="StgValue_70" to="specinterface_ln0" fromId="70" toId="12">
</dataflow>
<dataflow id="84" from="empty_21" to="specinterface_ln0" fromId="73" toId="12">
</dataflow>
<dataflow id="85" from="empty_21" to="specinterface_ln0" fromId="73" toId="12">
</dataflow>
<dataflow id="86" from="_ssdm_op_SpecInterface" to="specinterface_ln0" fromId="65" toId="13">
</dataflow>
<dataflow id="87" from="gmem2" to="specinterface_ln0" fromId="59" toId="13">
</dataflow>
<dataflow id="89" from="empty_12" to="specinterface_ln0" fromId="88" toId="13">
</dataflow>
<dataflow id="90" from="StgValue_70" to="specinterface_ln0" fromId="70" toId="13">
</dataflow>
<dataflow id="91" from="StgValue_70" to="specinterface_ln0" fromId="70" toId="13">
</dataflow>
<dataflow id="92" from="empty_21" to="specinterface_ln0" fromId="73" toId="13">
</dataflow>
<dataflow id="93" from="StgValue_70" to="specinterface_ln0" fromId="70" toId="13">
</dataflow>
<dataflow id="95" from="StgValue_94" to="specinterface_ln0" fromId="94" toId="13">
</dataflow>
<dataflow id="96" from="empty_21" to="specinterface_ln0" fromId="73" toId="13">
</dataflow>
<dataflow id="97" from="empty_21" to="specinterface_ln0" fromId="73" toId="13">
</dataflow>
<dataflow id="98" from="empty_21" to="specinterface_ln0" fromId="73" toId="13">
</dataflow>
<dataflow id="100" from="StgValue_99" to="specinterface_ln0" fromId="99" toId="13">
</dataflow>
<dataflow id="101" from="StgValue_99" to="specinterface_ln0" fromId="99" toId="13">
</dataflow>
<dataflow id="102" from="StgValue_99" to="specinterface_ln0" fromId="99" toId="13">
</dataflow>
<dataflow id="103" from="StgValue_99" to="specinterface_ln0" fromId="99" toId="13">
</dataflow>
<dataflow id="104" from="empty_21" to="specinterface_ln0" fromId="73" toId="13">
</dataflow>
<dataflow id="105" from="empty_21" to="specinterface_ln0" fromId="73" toId="13">
</dataflow>
<dataflow id="106" from="_ssdm_op_SpecInterface" to="specinterface_ln0" fromId="65" toId="14">
</dataflow>
<dataflow id="107" from="dout" to="specinterface_ln0" fromId="60" toId="14">
</dataflow>
<dataflow id="109" from="ap_fifo_str" to="specinterface_ln0" fromId="108" toId="14">
</dataflow>
<dataflow id="110" from="StgValue_70" to="specinterface_ln0" fromId="70" toId="14">
</dataflow>
<dataflow id="111" from="StgValue_70" to="specinterface_ln0" fromId="70" toId="14">
</dataflow>
<dataflow id="113" from="p_str" to="specinterface_ln0" fromId="112" toId="14">
</dataflow>
<dataflow id="114" from="StgValue_70" to="specinterface_ln0" fromId="70" toId="14">
</dataflow>
<dataflow id="115" from="StgValue_70" to="specinterface_ln0" fromId="70" toId="14">
</dataflow>
<dataflow id="116" from="p_str" to="specinterface_ln0" fromId="112" toId="14">
</dataflow>
<dataflow id="117" from="p_str" to="specinterface_ln0" fromId="112" toId="14">
</dataflow>
<dataflow id="118" from="p_str" to="specinterface_ln0" fromId="112" toId="14">
</dataflow>
<dataflow id="120" from="StgValue_119" to="specinterface_ln0" fromId="119" toId="14">
</dataflow>
<dataflow id="121" from="StgValue_119" to="specinterface_ln0" fromId="119" toId="14">
</dataflow>
<dataflow id="122" from="StgValue_99" to="specinterface_ln0" fromId="99" toId="14">
</dataflow>
<dataflow id="123" from="StgValue_99" to="specinterface_ln0" fromId="99" toId="14">
</dataflow>
<dataflow id="124" from="p_str" to="specinterface_ln0" fromId="112" toId="14">
</dataflow>
<dataflow id="126" from="ScalarProp_str" to="specinterface_ln0" fromId="125" toId="14">
</dataflow>
<dataflow id="128" from="_ssdm_op_Read.ap_fifo.i64P" to="dout_1" fromId="127" toId="15">
</dataflow>
<dataflow id="129" from="dout" to="dout_1" fromId="60" toId="15">
</dataflow>
<dataflow id="130" from="_ssdm_op_SpecInterface" to="specinterface_ln0" fromId="65" toId="16">
</dataflow>
<dataflow id="131" from="ldata1" to="specinterface_ln0" fromId="58" toId="16">
</dataflow>
<dataflow id="132" from="empty_0" to="specinterface_ln0" fromId="68" toId="16">
</dataflow>
<dataflow id="133" from="StgValue_70" to="specinterface_ln0" fromId="70" toId="16">
</dataflow>
<dataflow id="134" from="StgValue_70" to="specinterface_ln0" fromId="70" toId="16">
</dataflow>
<dataflow id="135" from="empty_21" to="specinterface_ln0" fromId="73" toId="16">
</dataflow>
<dataflow id="136" from="StgValue_70" to="specinterface_ln0" fromId="70" toId="16">
</dataflow>
<dataflow id="137" from="StgValue_70" to="specinterface_ln0" fromId="70" toId="16">
</dataflow>
<dataflow id="138" from="empty_21" to="specinterface_ln0" fromId="73" toId="16">
</dataflow>
<dataflow id="139" from="empty_21" to="specinterface_ln0" fromId="73" toId="16">
</dataflow>
<dataflow id="140" from="empty_21" to="specinterface_ln0" fromId="73" toId="16">
</dataflow>
<dataflow id="141" from="StgValue_70" to="specinterface_ln0" fromId="70" toId="16">
</dataflow>
<dataflow id="142" from="StgValue_70" to="specinterface_ln0" fromId="70" toId="16">
</dataflow>
<dataflow id="143" from="StgValue_70" to="specinterface_ln0" fromId="70" toId="16">
</dataflow>
<dataflow id="144" from="StgValue_70" to="specinterface_ln0" fromId="70" toId="16">
</dataflow>
<dataflow id="145" from="empty_21" to="specinterface_ln0" fromId="73" toId="16">
</dataflow>
<dataflow id="146" from="empty_21" to="specinterface_ln0" fromId="73" toId="16">
</dataflow>
<dataflow id="147" from="_ssdm_op_SpecInterface" to="specinterface_ln0" fromId="65" toId="17">
</dataflow>
<dataflow id="148" from="gmem2" to="specinterface_ln0" fromId="59" toId="17">
</dataflow>
<dataflow id="149" from="empty_12" to="specinterface_ln0" fromId="88" toId="17">
</dataflow>
<dataflow id="150" from="StgValue_70" to="specinterface_ln0" fromId="70" toId="17">
</dataflow>
<dataflow id="151" from="StgValue_70" to="specinterface_ln0" fromId="70" toId="17">
</dataflow>
<dataflow id="152" from="empty_21" to="specinterface_ln0" fromId="73" toId="17">
</dataflow>
<dataflow id="153" from="StgValue_70" to="specinterface_ln0" fromId="70" toId="17">
</dataflow>
<dataflow id="154" from="StgValue_94" to="specinterface_ln0" fromId="94" toId="17">
</dataflow>
<dataflow id="155" from="empty_21" to="specinterface_ln0" fromId="73" toId="17">
</dataflow>
<dataflow id="156" from="empty_21" to="specinterface_ln0" fromId="73" toId="17">
</dataflow>
<dataflow id="157" from="empty_21" to="specinterface_ln0" fromId="73" toId="17">
</dataflow>
<dataflow id="158" from="StgValue_99" to="specinterface_ln0" fromId="99" toId="17">
</dataflow>
<dataflow id="159" from="StgValue_99" to="specinterface_ln0" fromId="99" toId="17">
</dataflow>
<dataflow id="160" from="StgValue_99" to="specinterface_ln0" fromId="99" toId="17">
</dataflow>
<dataflow id="161" from="StgValue_99" to="specinterface_ln0" fromId="99" toId="17">
</dataflow>
<dataflow id="162" from="empty_21" to="specinterface_ln0" fromId="73" toId="17">
</dataflow>
<dataflow id="163" from="empty_21" to="specinterface_ln0" fromId="73" toId="17">
</dataflow>
<dataflow id="164" from="addrbound_V_read_1" to="icmp_ln882" fromId="11" toId="18">
</dataflow>
<dataflow id="166" from="StgValue_165" to="icmp_ln882" fromId="165" toId="18">
</dataflow>
<dataflow id="167" from="icmp_ln882" to="br_ln1305" fromId="18" toId="19">
</dataflow>
<dataflow id="168" from="gmem2" to="gmem2_addr" fromId="59" toId="20">
</dataflow>
<dataflow id="169" from="dout_1" to="gmem2_addr" fromId="15" toId="20">
</dataflow>
<dataflow id="170" from="addrbound_V_read_1" to="zext_ln1305" fromId="11" toId="21">
</dataflow>
<dataflow id="172" from="_ssdm_op_WriteReq.m_axi.p1i8" to="empty" fromId="171" toId="22">
</dataflow>
<dataflow id="173" from="gmem2_addr" to="empty" fromId="20" toId="22">
</dataflow>
<dataflow id="174" from="zext_ln1305" to="empty" fromId="21" toId="22">
</dataflow>
<dataflow id="175" from="StgValue_165" to="empty_76" fromId="165" toId="24">
<condition id="-1">
<or_exp><and_exp></and_exp></or_exp>
</condition>
</dataflow>
<dataflow id="176" from="br_ln1305" to="empty_76" fromId="23" toId="24">
</dataflow>
<dataflow id="177" from="add_ln695" to="empty_76" fromId="26" toId="24">
<BackEdge/>
<condition id="-1">
<or_exp><and_exp><literal name="icmp_ln1305" val="0"/>
</and_exp></or_exp>
</condition>
</dataflow>
<dataflow id="178" from="br_ln0" to="empty_76" fromId="33" toId="24">
<BackEdge/>
</dataflow>
<dataflow id="179" from="empty_76" to="icmp_ln1305" fromId="24" toId="25">
</dataflow>
<dataflow id="180" from="addrbound_V_read_1" to="icmp_ln1305" fromId="11" toId="25">
</dataflow>
<dataflow id="181" from="empty_76" to="add_ln695" fromId="24" toId="26">
</dataflow>
<dataflow id="183" from="StgValue_182" to="add_ln695" fromId="182" toId="26">
</dataflow>
<dataflow id="184" from="icmp_ln1305" to="br_ln1305" fromId="25" toId="27">
</dataflow>
<dataflow id="186" from="_ssdm_op_Read.ap_fifo.volatile.i8P" to="ldata1_read" fromId="185" toId="28">
</dataflow>
<dataflow id="187" from="ldata1" to="ldata1_read" fromId="58" toId="28">
</dataflow>
<dataflow id="189" from="_ssdm_op_SpecPipeline" to="specpipeline_ln0" fromId="188" toId="29">
</dataflow>
<dataflow id="191" from="StgValue_190" to="specpipeline_ln0" fromId="190" toId="29">
</dataflow>
<dataflow id="193" from="StgValue_192" to="specpipeline_ln0" fromId="192" toId="29">
</dataflow>
<dataflow id="194" from="StgValue_70" to="specpipeline_ln0" fromId="70" toId="29">
</dataflow>
<dataflow id="195" from="StgValue_70" to="specpipeline_ln0" fromId="70" toId="29">
</dataflow>
<dataflow id="196" from="empty_21" to="specpipeline_ln0" fromId="73" toId="29">
</dataflow>
<dataflow id="198" from="_ssdm_op_SpecLoopTripCount" to="speclooptripcount_ln0" fromId="197" toId="30">
</dataflow>
<dataflow id="200" from="StgValue_199" to="speclooptripcount_ln0" fromId="199" toId="30">
</dataflow>
<dataflow id="202" from="StgValue_201" to="speclooptripcount_ln0" fromId="201" toId="30">
</dataflow>
<dataflow id="204" from="StgValue_203" to="speclooptripcount_ln0" fromId="203" toId="30">
</dataflow>
<dataflow id="206" from="_ssdm_op_SpecLoopName" to="specloopname_ln0" fromId="205" toId="31">
</dataflow>
<dataflow id="208" from="empty_10" to="specloopname_ln0" fromId="207" toId="31">
</dataflow>
<dataflow id="210" from="_ssdm_op_Write.m_axi.p1i8" to="write_ln324" fromId="209" toId="32">
</dataflow>
<dataflow id="211" from="gmem2_addr" to="write_ln324" fromId="20" toId="32">
</dataflow>
<dataflow id="212" from="ldata1_read" to="write_ln324" fromId="28" toId="32">
</dataflow>
<dataflow id="214" from="StgValue_213" to="write_ln324" fromId="213" toId="32">
</dataflow>
<dataflow id="216" from="_ssdm_op_WriteResp.m_axi.p1i8" to="empty_77" fromId="215" toId="34">
</dataflow>
<dataflow id="217" from="gmem2_addr" to="empty_77" fromId="20" toId="34">
</dataflow>
<dataflow id="218" from="_ssdm_op_WriteResp.m_axi.p1i8" to="empty_77" fromId="215" toId="35">
</dataflow>
<dataflow id="219" from="gmem2_addr" to="empty_77" fromId="20" toId="35">
</dataflow>
<dataflow id="220" from="_ssdm_op_WriteResp.m_axi.p1i8" to="empty_77" fromId="215" toId="36">
</dataflow>
<dataflow id="221" from="gmem2_addr" to="empty_77" fromId="20" toId="36">
</dataflow>
<dataflow id="222" from="_ssdm_op_WriteResp.m_axi.p1i8" to="empty_77" fromId="215" toId="37">
</dataflow>
<dataflow id="223" from="gmem2_addr" to="empty_77" fromId="20" toId="37">
</dataflow>
<dataflow id="224" from="_ssdm_op_WriteResp.m_axi.p1i8" to="empty_77" fromId="215" toId="38">
</dataflow>
<dataflow id="225" from="gmem2_addr" to="empty_77" fromId="20" toId="38">
</dataflow>
<dataflow id="226" from="icmp_ln882" to="StgValue_1" fromId="18" toId="1">
</dataflow>
<dataflow id="227" from="icmp_ln1305" to="StgValue_4" fromId="25" toId="4">
</dataflow>
<dataflow id="228" from="icmp_ln1305" to="StgValue_5" fromId="25" toId="5">
</dataflow>
<dataflow id="229" from="icmp_ln882" to="StgValue_10" fromId="18" toId="10">
</dataflow>
<dataflow id="230" from="icmp_ln1305" to="StgValue_3" fromId="25" toId="3">
</dataflow>
</dataflows>


</stg>
