<stg><name>Block_.split2_proc</name>


<trans_list>
</trans_list>



<state_list>

<state id="1" st_id="1">

<operation id="2" st_id="1" stage="1" lat="1">
<core>NULL</core>
<MemPortIdVec></MemPortIdVec>
<condition id="-1">
<or_exp><and_exp></and_exp></or_exp>
</condition>

<Node id="7" bw="0" op_0_bw="0" op_1_bw="32" op_2_bw="0" op_3_bw="32" op_4_bw="32" op_5_bw="0" op_6_bw="32" op_7_bw="32" op_8_bw="0" op_9_bw="0" op_10_bw="0" op_11_bw="32" op_12_bw="32" op_13_bw="32" op_14_bw="32" op_15_bw="0" op_16_bw="0">
<![CDATA[
entry:0 %specinterface_ln0 = specinterface void @_ssdm_op_SpecInterface, i32 %imgOutput_cols_out, void @ap_fifo_str, i32, i32, void @p_str, i32, i32, void @p_str, void @p_str, void @p_str, i32, i32, i32, i32, void @p_str, void @p_str

]]></Node>
<StgValue><ssdm name="specinterface_ln0"/></StgValue>
</operation>

<operation id="3" st_id="1" stage="1" lat="1">
<core>NULL</core>
<MemPortIdVec></MemPortIdVec>
<condition id="-1">
<or_exp><and_exp></and_exp></or_exp>
</condition>

<Node id="8" bw="0" op_0_bw="0" op_1_bw="32" op_2_bw="0" op_3_bw="32" op_4_bw="32" op_5_bw="0" op_6_bw="32" op_7_bw="32" op_8_bw="0" op_9_bw="0" op_10_bw="0" op_11_bw="32" op_12_bw="32" op_13_bw="32" op_14_bw="32" op_15_bw="0" op_16_bw="0">
<![CDATA[
entry:1 %specinterface_ln0 = specinterface void @_ssdm_op_SpecInterface, i32 %imgOutput_rows_out, void @ap_fifo_str, i32, i32, void @p_str, i32, i32, void @p_str, void @p_str, void @p_str, i32, i32, i32, i32, void @p_str, void @p_str

]]></Node>
<StgValue><ssdm name="specinterface_ln0"/></StgValue>
</operation>

<operation id="4" st_id="1" stage="1" lat="1">
<core>NULL</core>
<MemPortIdVec></MemPortIdVec>
<condition id="-1">
<or_exp><and_exp></and_exp></or_exp>
</condition>

<Node id="9" bw="0" op_0_bw="0" op_1_bw="32" op_2_bw="0" op_3_bw="32" op_4_bw="32" op_5_bw="0" op_6_bw="32" op_7_bw="32" op_8_bw="0" op_9_bw="0" op_10_bw="0" op_11_bw="32" op_12_bw="32" op_13_bw="32" op_14_bw="32" op_15_bw="0" op_16_bw="0">
<![CDATA[
entry:2 %specinterface_ln0 = specinterface void @_ssdm_op_SpecInterface, i32 %imgInput_cols_out, void @ap_fifo_str, i32, i32, void @p_str, i32, i32, void @p_str, void @p_str, void @p_str, i32, i32, i32, i32, void @p_str, void @p_str

]]></Node>
<StgValue><ssdm name="specinterface_ln0"/></StgValue>
</operation>

<operation id="5" st_id="1" stage="1" lat="1">
<core>NULL</core>
<MemPortIdVec></MemPortIdVec>
<condition id="-1">
<or_exp><and_exp></and_exp></or_exp>
</condition>

<Node id="10" bw="0" op_0_bw="0" op_1_bw="32" op_2_bw="0" op_3_bw="32" op_4_bw="32" op_5_bw="0" op_6_bw="32" op_7_bw="32" op_8_bw="0" op_9_bw="0" op_10_bw="0" op_11_bw="32" op_12_bw="32" op_13_bw="32" op_14_bw="32" op_15_bw="0" op_16_bw="0">
<![CDATA[
entry:3 %specinterface_ln0 = specinterface void @_ssdm_op_SpecInterface, i32 %imgInput_rows_out, void @ap_fifo_str, i32, i32, void @p_str, i32, i32, void @p_str, void @p_str, void @p_str, i32, i32, i32, i32, void @p_str, void @p_str

]]></Node>
<StgValue><ssdm name="specinterface_ln0"/></StgValue>
</operation>

<operation id="6" st_id="1" stage="1" lat="1">
<core>NULL</core>
<MemPortIdVec></MemPortIdVec>
<condition id="-1">
<or_exp><and_exp></and_exp></or_exp>
</condition>

<Node id="11" bw="0" op_0_bw="0" op_1_bw="32" op_2_bw="0" op_3_bw="32" op_4_bw="32" op_5_bw="0" op_6_bw="32" op_7_bw="32" op_8_bw="0" op_9_bw="0" op_10_bw="0" op_11_bw="32" op_12_bw="32" op_13_bw="32" op_14_bw="32" op_15_bw="0" op_16_bw="0">
<![CDATA[
entry:4 %specinterface_ln0 = specinterface void @_ssdm_op_SpecInterface, i32 %width, void @ap_fifo_str, i32, i32, void @p_str, i32, i32, void @p_str, void @p_str, void @p_str, i32, i32, i32, i32, void @p_str, void @ScalarProp_str

]]></Node>
<StgValue><ssdm name="specinterface_ln0"/></StgValue>
</operation>

<operation id="7" st_id="1" stage="1" lat="1">
<core>NULL</core>
<MemPortIdVec></MemPortIdVec>
<condition id="-1">
<or_exp><and_exp></and_exp></or_exp>
</condition>

<Node id="12" bw="0" op_0_bw="0" op_1_bw="32" op_2_bw="0" op_3_bw="32" op_4_bw="32" op_5_bw="0" op_6_bw="32" op_7_bw="32" op_8_bw="0" op_9_bw="0" op_10_bw="0" op_11_bw="32" op_12_bw="32" op_13_bw="32" op_14_bw="32" op_15_bw="0" op_16_bw="0">
<![CDATA[
entry:5 %specinterface_ln0 = specinterface void @_ssdm_op_SpecInterface, i32 %height, void @ap_fifo_str, i32, i32, void @p_str, i32, i32, void @p_str, void @p_str, void @p_str, i32, i32, i32, i32, void @p_str, void @ScalarProp_str

]]></Node>
<StgValue><ssdm name="specinterface_ln0"/></StgValue>
</operation>

<operation id="8" st_id="1" stage="1" lat="1">
<core>FIFO_SRL</core>
<MemPortIdVec></MemPortIdVec>
<condition id="-1">
<or_exp><and_exp></and_exp></or_exp>
</condition>

<Node id="13" bw="32" op_0_bw="32" op_1_bw="32">
<![CDATA[
entry:6 %height_read = read i32 @_ssdm_op_Read.ap_fifo.i32P, i32 %height

]]></Node>
<StgValue><ssdm name="height_read"/></StgValue>
</operation>

<operation id="9" st_id="1" stage="1" lat="1">
<core>FIFO_SRL</core>
<MemPortIdVec></MemPortIdVec>
<condition id="-1">
<or_exp><and_exp></and_exp></or_exp>
</condition>

<Node id="14" bw="32" op_0_bw="32" op_1_bw="32">
<![CDATA[
entry:7 %width_read = read i32 @_ssdm_op_Read.ap_fifo.i32P, i32 %width

]]></Node>
<StgValue><ssdm name="width_read"/></StgValue>
</operation>

<operation id="10" st_id="1" stage="1" lat="1">
<core>FIFO_SRL</core>
<MemPortIdVec></MemPortIdVec>
<condition id="-1">
<or_exp><and_exp></and_exp></or_exp>
</condition>

<Node id="15" bw="0" op_0_bw="0" op_1_bw="32" op_2_bw="32">
<![CDATA[
entry:8 %write_ln502 = write void @_ssdm_op_Write.ap_fifo.i32P, i32 %imgInput_rows_out, i32 %height_read

]]></Node>
<StgValue><ssdm name="write_ln502"/></StgValue>
</operation>

<operation id="11" st_id="1" stage="1" lat="1">
<core>FIFO_SRL</core>
<MemPortIdVec></MemPortIdVec>
<condition id="-1">
<or_exp><and_exp></and_exp></or_exp>
</condition>

<Node id="16" bw="0" op_0_bw="0" op_1_bw="32" op_2_bw="32">
<![CDATA[
entry:9 %write_ln503 = write void @_ssdm_op_Write.ap_fifo.i32P, i32 %imgInput_cols_out, i32 %width_read

]]></Node>
<StgValue><ssdm name="write_ln503"/></StgValue>
</operation>

<operation id="12" st_id="1" stage="1" lat="1">
<core>FIFO_SRL</core>
<MemPortIdVec></MemPortIdVec>
<condition id="-1">
<or_exp><and_exp></and_exp></or_exp>
</condition>

<Node id="17" bw="0" op_0_bw="0" op_1_bw="32" op_2_bw="32">
<![CDATA[
entry:10 %write_ln502 = write void @_ssdm_op_Write.ap_fifo.i32P, i32 %imgOutput_rows_out, i32 %height_read

]]></Node>
<StgValue><ssdm name="write_ln502"/></StgValue>
</operation>

<operation id="13" st_id="1" stage="1" lat="1">
<core>FIFO_SRL</core>
<MemPortIdVec></MemPortIdVec>
<condition id="-1">
<or_exp><and_exp></and_exp></or_exp>
</condition>

<Node id="18" bw="0" op_0_bw="0" op_1_bw="32" op_2_bw="32">
<![CDATA[
entry:11 %write_ln503 = write void @_ssdm_op_Write.ap_fifo.i32P, i32 %imgOutput_cols_out, i32 %width_read

]]></Node>
<StgValue><ssdm name="write_ln503"/></StgValue>
</operation>

<operation id="14" st_id="1" stage="1" lat="1">
<core>NULL</core>
<MemPortIdVec></MemPortIdVec>
<condition id="-1">
<or_exp><and_exp></and_exp></or_exp>
</condition>

<Node id="19" bw="0">
<![CDATA[
entry:12 %ret_ln503 = ret

]]></Node>
<StgValue><ssdm name="ret_ln503"/></StgValue>
</operation>
</state>
</state_list>


<ports>
<port id="15" name="height" dir="0" iftype="3">
<core>FIFO_SRL</core><StgValue><ssdm name="height"/></StgValue>
</port>
<port id="16" name="width" dir="0" iftype="3">
<core>FIFO_SRL</core><StgValue><ssdm name="width"/></StgValue>
</port>
<port id="17" name="imgInput_rows_out" dir="1" iftype="3">
<core>FIFO_SRL</core><StgValue><ssdm name="imgInput_rows_out"/></StgValue>
</port>
<port id="18" name="imgInput_cols_out" dir="1" iftype="3">
<core>FIFO_SRL</core><StgValue><ssdm name="imgInput_cols_out"/></StgValue>
</port>
<port id="19" name="imgOutput_rows_out" dir="1" iftype="3">
<core>FIFO_SRL</core><StgValue><ssdm name="imgOutput_rows_out"/></StgValue>
</port>
<port id="20" name="imgOutput_cols_out" dir="1" iftype="3">
<core>FIFO_SRL</core><StgValue><ssdm name="imgOutput_cols_out"/></StgValue>
</port>
</ports>


<dataflows>
<dataflow id="22" from="_ssdm_op_SpecInterface" to="specinterface_ln0" fromId="21" toId="2">
</dataflow>
<dataflow id="23" from="imgOutput_cols_out" to="specinterface_ln0" fromId="20" toId="2">
</dataflow>
<dataflow id="25" from="ap_fifo_str" to="specinterface_ln0" fromId="24" toId="2">
</dataflow>
<dataflow id="27" from="StgValue_26" to="specinterface_ln0" fromId="26" toId="2">
</dataflow>
<dataflow id="28" from="StgValue_26" to="specinterface_ln0" fromId="26" toId="2">
</dataflow>
<dataflow id="30" from="p_str" to="specinterface_ln0" fromId="29" toId="2">
</dataflow>
<dataflow id="31" from="StgValue_26" to="specinterface_ln0" fromId="26" toId="2">
</dataflow>
<dataflow id="32" from="StgValue_26" to="specinterface_ln0" fromId="26" toId="2">
</dataflow>
<dataflow id="33" from="p_str" to="specinterface_ln0" fromId="29" toId="2">
</dataflow>
<dataflow id="34" from="p_str" to="specinterface_ln0" fromId="29" toId="2">
</dataflow>
<dataflow id="35" from="p_str" to="specinterface_ln0" fromId="29" toId="2">
</dataflow>
<dataflow id="37" from="StgValue_36" to="specinterface_ln0" fromId="36" toId="2">
</dataflow>
<dataflow id="38" from="StgValue_36" to="specinterface_ln0" fromId="36" toId="2">
</dataflow>
<dataflow id="40" from="StgValue_39" to="specinterface_ln0" fromId="39" toId="2">
</dataflow>
<dataflow id="41" from="StgValue_39" to="specinterface_ln0" fromId="39" toId="2">
</dataflow>
<dataflow id="42" from="p_str" to="specinterface_ln0" fromId="29" toId="2">
</dataflow>
<dataflow id="43" from="p_str" to="specinterface_ln0" fromId="29" toId="2">
</dataflow>
<dataflow id="44" from="_ssdm_op_SpecInterface" to="specinterface_ln0" fromId="21" toId="3">
</dataflow>
<dataflow id="45" from="imgOutput_rows_out" to="specinterface_ln0" fromId="19" toId="3">
</dataflow>
<dataflow id="46" from="ap_fifo_str" to="specinterface_ln0" fromId="24" toId="3">
</dataflow>
<dataflow id="47" from="StgValue_26" to="specinterface_ln0" fromId="26" toId="3">
</dataflow>
<dataflow id="48" from="StgValue_26" to="specinterface_ln0" fromId="26" toId="3">
</dataflow>
<dataflow id="49" from="p_str" to="specinterface_ln0" fromId="29" toId="3">
</dataflow>
<dataflow id="50" from="StgValue_26" to="specinterface_ln0" fromId="26" toId="3">
</dataflow>
<dataflow id="51" from="StgValue_26" to="specinterface_ln0" fromId="26" toId="3">
</dataflow>
<dataflow id="52" from="p_str" to="specinterface_ln0" fromId="29" toId="3">
</dataflow>
<dataflow id="53" from="p_str" to="specinterface_ln0" fromId="29" toId="3">
</dataflow>
<dataflow id="54" from="p_str" to="specinterface_ln0" fromId="29" toId="3">
</dataflow>
<dataflow id="55" from="StgValue_36" to="specinterface_ln0" fromId="36" toId="3">
</dataflow>
<dataflow id="56" from="StgValue_36" to="specinterface_ln0" fromId="36" toId="3">
</dataflow>
<dataflow id="57" from="StgValue_39" to="specinterface_ln0" fromId="39" toId="3">
</dataflow>
<dataflow id="58" from="StgValue_39" to="specinterface_ln0" fromId="39" toId="3">
</dataflow>
<dataflow id="59" from="p_str" to="specinterface_ln0" fromId="29" toId="3">
</dataflow>
<dataflow id="60" from="p_str" to="specinterface_ln0" fromId="29" toId="3">
</dataflow>
<dataflow id="61" from="_ssdm_op_SpecInterface" to="specinterface_ln0" fromId="21" toId="4">
</dataflow>
<dataflow id="62" from="imgInput_cols_out" to="specinterface_ln0" fromId="18" toId="4">
</dataflow>
<dataflow id="63" from="ap_fifo_str" to="specinterface_ln0" fromId="24" toId="4">
</dataflow>
<dataflow id="64" from="StgValue_26" to="specinterface_ln0" fromId="26" toId="4">
</dataflow>
<dataflow id="65" from="StgValue_26" to="specinterface_ln0" fromId="26" toId="4">
</dataflow>
<dataflow id="66" from="p_str" to="specinterface_ln0" fromId="29" toId="4">
</dataflow>
<dataflow id="67" from="StgValue_26" to="specinterface_ln0" fromId="26" toId="4">
</dataflow>
<dataflow id="68" from="StgValue_26" to="specinterface_ln0" fromId="26" toId="4">
</dataflow>
<dataflow id="69" from="p_str" to="specinterface_ln0" fromId="29" toId="4">
</dataflow>
<dataflow id="70" from="p_str" to="specinterface_ln0" fromId="29" toId="4">
</dataflow>
<dataflow id="71" from="p_str" to="specinterface_ln0" fromId="29" toId="4">
</dataflow>
<dataflow id="72" from="StgValue_36" to="specinterface_ln0" fromId="36" toId="4">
</dataflow>
<dataflow id="73" from="StgValue_36" to="specinterface_ln0" fromId="36" toId="4">
</dataflow>
<dataflow id="74" from="StgValue_39" to="specinterface_ln0" fromId="39" toId="4">
</dataflow>
<dataflow id="75" from="StgValue_39" to="specinterface_ln0" fromId="39" toId="4">
</dataflow>
<dataflow id="76" from="p_str" to="specinterface_ln0" fromId="29" toId="4">
</dataflow>
<dataflow id="77" from="p_str" to="specinterface_ln0" fromId="29" toId="4">
</dataflow>
<dataflow id="78" from="_ssdm_op_SpecInterface" to="specinterface_ln0" fromId="21" toId="5">
</dataflow>
<dataflow id="79" from="imgInput_rows_out" to="specinterface_ln0" fromId="17" toId="5">
</dataflow>
<dataflow id="80" from="ap_fifo_str" to="specinterface_ln0" fromId="24" toId="5">
</dataflow>
<dataflow id="81" from="StgValue_26" to="specinterface_ln0" fromId="26" toId="5">
</dataflow>
<dataflow id="82" from="StgValue_26" to="specinterface_ln0" fromId="26" toId="5">
</dataflow>
<dataflow id="83" from="p_str" to="specinterface_ln0" fromId="29" toId="5">
</dataflow>
<dataflow id="84" from="StgValue_26" to="specinterface_ln0" fromId="26" toId="5">
</dataflow>
<dataflow id="85" from="StgValue_26" to="specinterface_ln0" fromId="26" toId="5">
</dataflow>
<dataflow id="86" from="p_str" to="specinterface_ln0" fromId="29" toId="5">
</dataflow>
<dataflow id="87" from="p_str" to="specinterface_ln0" fromId="29" toId="5">
</dataflow>
<dataflow id="88" from="p_str" to="specinterface_ln0" fromId="29" toId="5">
</dataflow>
<dataflow id="89" from="StgValue_36" to="specinterface_ln0" fromId="36" toId="5">
</dataflow>
<dataflow id="90" from="StgValue_36" to="specinterface_ln0" fromId="36" toId="5">
</dataflow>
<dataflow id="91" from="StgValue_39" to="specinterface_ln0" fromId="39" toId="5">
</dataflow>
<dataflow id="92" from="StgValue_39" to="specinterface_ln0" fromId="39" toId="5">
</dataflow>
<dataflow id="93" from="p_str" to="specinterface_ln0" fromId="29" toId="5">
</dataflow>
<dataflow id="94" from="p_str" to="specinterface_ln0" fromId="29" toId="5">
</dataflow>
<dataflow id="95" from="_ssdm_op_SpecInterface" to="specinterface_ln0" fromId="21" toId="6">
</dataflow>
<dataflow id="96" from="width" to="specinterface_ln0" fromId="16" toId="6">
</dataflow>
<dataflow id="97" from="ap_fifo_str" to="specinterface_ln0" fromId="24" toId="6">
</dataflow>
<dataflow id="98" from="StgValue_26" to="specinterface_ln0" fromId="26" toId="6">
</dataflow>
<dataflow id="99" from="StgValue_26" to="specinterface_ln0" fromId="26" toId="6">
</dataflow>
<dataflow id="100" from="p_str" to="specinterface_ln0" fromId="29" toId="6">
</dataflow>
<dataflow id="101" from="StgValue_26" to="specinterface_ln0" fromId="26" toId="6">
</dataflow>
<dataflow id="102" from="StgValue_26" to="specinterface_ln0" fromId="26" toId="6">
</dataflow>
<dataflow id="103" from="p_str" to="specinterface_ln0" fromId="29" toId="6">
</dataflow>
<dataflow id="104" from="p_str" to="specinterface_ln0" fromId="29" toId="6">
</dataflow>
<dataflow id="105" from="p_str" to="specinterface_ln0" fromId="29" toId="6">
</dataflow>
<dataflow id="106" from="StgValue_36" to="specinterface_ln0" fromId="36" toId="6">
</dataflow>
<dataflow id="107" from="StgValue_36" to="specinterface_ln0" fromId="36" toId="6">
</dataflow>
<dataflow id="108" from="StgValue_39" to="specinterface_ln0" fromId="39" toId="6">
</dataflow>
<dataflow id="109" from="StgValue_39" to="specinterface_ln0" fromId="39" toId="6">
</dataflow>
<dataflow id="110" from="p_str" to="specinterface_ln0" fromId="29" toId="6">
</dataflow>
<dataflow id="112" from="ScalarProp_str" to="specinterface_ln0" fromId="111" toId="6">
</dataflow>
<dataflow id="113" from="_ssdm_op_SpecInterface" to="specinterface_ln0" fromId="21" toId="7">
</dataflow>
<dataflow id="114" from="height" to="specinterface_ln0" fromId="15" toId="7">
</dataflow>
<dataflow id="115" from="ap_fifo_str" to="specinterface_ln0" fromId="24" toId="7">
</dataflow>
<dataflow id="116" from="StgValue_26" to="specinterface_ln0" fromId="26" toId="7">
</dataflow>
<dataflow id="117" from="StgValue_26" to="specinterface_ln0" fromId="26" toId="7">
</dataflow>
<dataflow id="118" from="p_str" to="specinterface_ln0" fromId="29" toId="7">
</dataflow>
<dataflow id="119" from="StgValue_26" to="specinterface_ln0" fromId="26" toId="7">
</dataflow>
<dataflow id="120" from="StgValue_26" to="specinterface_ln0" fromId="26" toId="7">
</dataflow>
<dataflow id="121" from="p_str" to="specinterface_ln0" fromId="29" toId="7">
</dataflow>
<dataflow id="122" from="p_str" to="specinterface_ln0" fromId="29" toId="7">
</dataflow>
<dataflow id="123" from="p_str" to="specinterface_ln0" fromId="29" toId="7">
</dataflow>
<dataflow id="124" from="StgValue_36" to="specinterface_ln0" fromId="36" toId="7">
</dataflow>
<dataflow id="125" from="StgValue_36" to="specinterface_ln0" fromId="36" toId="7">
</dataflow>
<dataflow id="126" from="StgValue_39" to="specinterface_ln0" fromId="39" toId="7">
</dataflow>
<dataflow id="127" from="StgValue_39" to="specinterface_ln0" fromId="39" toId="7">
</dataflow>
<dataflow id="128" from="p_str" to="specinterface_ln0" fromId="29" toId="7">
</dataflow>
<dataflow id="129" from="ScalarProp_str" to="specinterface_ln0" fromId="111" toId="7">
</dataflow>
<dataflow id="131" from="_ssdm_op_Read.ap_fifo.i32P" to="height_read" fromId="130" toId="8">
</dataflow>
<dataflow id="132" from="height" to="height_read" fromId="15" toId="8">
</dataflow>
<dataflow id="133" from="_ssdm_op_Read.ap_fifo.i32P" to="width_read" fromId="130" toId="9">
</dataflow>
<dataflow id="134" from="width" to="width_read" fromId="16" toId="9">
</dataflow>
<dataflow id="136" from="_ssdm_op_Write.ap_fifo.i32P" to="write_ln502" fromId="135" toId="10">
</dataflow>
<dataflow id="137" from="imgInput_rows_out" to="write_ln502" fromId="17" toId="10">
</dataflow>
<dataflow id="138" from="height_read" to="write_ln502" fromId="8" toId="10">
</dataflow>
<dataflow id="139" from="_ssdm_op_Write.ap_fifo.i32P" to="write_ln503" fromId="135" toId="11">
</dataflow>
<dataflow id="140" from="imgInput_cols_out" to="write_ln503" fromId="18" toId="11">
</dataflow>
<dataflow id="141" from="width_read" to="write_ln503" fromId="9" toId="11">
</dataflow>
<dataflow id="142" from="_ssdm_op_Write.ap_fifo.i32P" to="write_ln502" fromId="135" toId="12">
</dataflow>
<dataflow id="143" from="imgOutput_rows_out" to="write_ln502" fromId="19" toId="12">
</dataflow>
<dataflow id="144" from="height_read" to="write_ln502" fromId="8" toId="12">
</dataflow>
<dataflow id="145" from="_ssdm_op_Write.ap_fifo.i32P" to="write_ln503" fromId="135" toId="13">
</dataflow>
<dataflow id="146" from="imgOutput_cols_out" to="write_ln503" fromId="20" toId="13">
</dataflow>
<dataflow id="147" from="width_read" to="write_ln503" fromId="9" toId="13">
</dataflow>
</dataflows>


</stg>
