<stg><name>erode<0, 0, 128, 128, 2, 3, 3, 1, 1></name>


<trans_list>

<trans id="90" from="1" to="2">
<condition id="-1">
<or_exp><and_exp></and_exp></or_exp>
</condition>
</trans>

<trans id="101" from="2" to="4">
<condition id="-1">
<or_exp><and_exp><literal name="icmp_ln372" val="1"/>
</and_exp></or_exp>
</condition>
</trans>

<trans id="102" from="2" to="3">
<condition id="-1">
<or_exp><and_exp><literal name="icmp_ln372" val="0"/>
</and_exp></or_exp>
</condition>
</trans>

<trans id="100" from="3" to="2">
<condition id="-1">
<or_exp><and_exp></and_exp></or_exp>
</condition>
</trans>

<trans id="98" from="4" to="5">
<condition id="-1">
<or_exp><and_exp></and_exp></or_exp>
</condition>
</trans>
</trans_list>



<state_list>

<state id="1" st_id="1">

<operation id="6" st_id="1" stage="1" lat="1">
<core>NULL</core>
<MemPortIdVec></MemPortIdVec>
<condition id="-1">
<or_exp><and_exp></and_exp></or_exp>
</condition>

<Node id="6" bw="8" op_0_bw="32">
<![CDATA[
entry:0 %kernel_2_2 = alloca i32

]]></Node>
<StgValue><ssdm name="kernel_2_2"/></StgValue>
</operation>

<operation id="7" st_id="1" stage="1" lat="1">
<core>NULL</core>
<MemPortIdVec></MemPortIdVec>
<condition id="-1">
<or_exp><and_exp></and_exp></or_exp>
</condition>

<Node id="7" bw="8" op_0_bw="32">
<![CDATA[
entry:1 %kernel_2_2_1 = alloca i32

]]></Node>
<StgValue><ssdm name="kernel_2_2_1"/></StgValue>
</operation>

<operation id="8" st_id="1" stage="1" lat="1">
<core>NULL</core>
<MemPortIdVec></MemPortIdVec>
<condition id="-1">
<or_exp><and_exp></and_exp></or_exp>
</condition>

<Node id="8" bw="8" op_0_bw="32">
<![CDATA[
entry:2 %kernel_2_2_2 = alloca i32

]]></Node>
<StgValue><ssdm name="kernel_2_2_2"/></StgValue>
</operation>

<operation id="9" st_id="1" stage="1" lat="1">
<core>NULL</core>
<MemPortIdVec></MemPortIdVec>
<condition id="-1">
<or_exp><and_exp></and_exp></or_exp>
</condition>

<Node id="9" bw="8" op_0_bw="32">
<![CDATA[
entry:3 %kernel_2_2_3 = alloca i32

]]></Node>
<StgValue><ssdm name="kernel_2_2_3"/></StgValue>
</operation>

<operation id="10" st_id="1" stage="1" lat="1">
<core>NULL</core>
<MemPortIdVec></MemPortIdVec>
<condition id="-1">
<or_exp><and_exp></and_exp></or_exp>
</condition>

<Node id="10" bw="8" op_0_bw="32">
<![CDATA[
entry:4 %kernel_2_2_4 = alloca i32

]]></Node>
<StgValue><ssdm name="kernel_2_2_4"/></StgValue>
</operation>

<operation id="11" st_id="1" stage="1" lat="1">
<core>NULL</core>
<MemPortIdVec></MemPortIdVec>
<condition id="-1">
<or_exp><and_exp></and_exp></or_exp>
</condition>

<Node id="11" bw="8" op_0_bw="32">
<![CDATA[
entry:5 %kernel_2_2_5 = alloca i32

]]></Node>
<StgValue><ssdm name="kernel_2_2_5"/></StgValue>
</operation>

<operation id="12" st_id="1" stage="1" lat="1">
<core>NULL</core>
<MemPortIdVec></MemPortIdVec>
<condition id="-1">
<or_exp><and_exp></and_exp></or_exp>
</condition>

<Node id="12" bw="8" op_0_bw="32">
<![CDATA[
entry:6 %kernel_2_2_6 = alloca i32

]]></Node>
<StgValue><ssdm name="kernel_2_2_6"/></StgValue>
</operation>

<operation id="13" st_id="1" stage="1" lat="1">
<core>NULL</core>
<MemPortIdVec></MemPortIdVec>
<condition id="-1">
<or_exp><and_exp></and_exp></or_exp>
</condition>

<Node id="13" bw="8" op_0_bw="32">
<![CDATA[
entry:7 %kernel_2_2_7 = alloca i32

]]></Node>
<StgValue><ssdm name="kernel_2_2_7"/></StgValue>
</operation>

<operation id="14" st_id="1" stage="1" lat="1">
<core>NULL</core>
<MemPortIdVec></MemPortIdVec>
<condition id="-1">
<or_exp><and_exp></and_exp></or_exp>
</condition>

<Node id="14" bw="8" op_0_bw="32">
<![CDATA[
entry:8 %kernel_2_2_8 = alloca i32

]]></Node>
<StgValue><ssdm name="kernel_2_2_8"/></StgValue>
</operation>

<operation id="15" st_id="1" stage="1" lat="1">
<core>NULL</core>
<MemPortIdVec></MemPortIdVec>
<condition id="-1">
<or_exp><and_exp></and_exp></or_exp>
</condition>

<Node id="15" bw="0" op_0_bw="0" op_1_bw="8" op_2_bw="0" op_3_bw="32" op_4_bw="32" op_5_bw="0" op_6_bw="32" op_7_bw="32" op_8_bw="0" op_9_bw="0" op_10_bw="0" op_11_bw="32" op_12_bw="32" op_13_bw="32" op_14_bw="32" op_15_bw="0" op_16_bw="0">
<![CDATA[
entry:9 %specinterface_ln0 = specinterface void @_ssdm_op_SpecInterface, i8 %imgInput_417, void @empty_0, i32, i32, void @empty_21, i32, i32, void @empty_21, void @empty_21, void @empty_21, i32, i32, i32, i32, void @empty_21, void @empty_21

]]></Node>
<StgValue><ssdm name="specinterface_ln0"/></StgValue>
</operation>

<operation id="16" st_id="1" stage="1" lat="1">
<core>NULL</core>
<MemPortIdVec></MemPortIdVec>
<condition id="-1">
<or_exp><and_exp></and_exp></or_exp>
</condition>

<Node id="16" bw="0" op_0_bw="0" op_1_bw="8" op_2_bw="0" op_3_bw="32" op_4_bw="32" op_5_bw="0" op_6_bw="32" op_7_bw="32" op_8_bw="0" op_9_bw="0" op_10_bw="0" op_11_bw="32" op_12_bw="32" op_13_bw="32" op_14_bw="32" op_15_bw="0" op_16_bw="0">
<![CDATA[
entry:10 %specinterface_ln0 = specinterface void @_ssdm_op_SpecInterface, i8 %imgOutput_418, void @empty_0, i32, i32, void @empty_21, i32, i32, void @empty_21, void @empty_21, void @empty_21, i32, i32, i32, i32, void @empty_21, void @empty_21

]]></Node>
<StgValue><ssdm name="specinterface_ln0"/></StgValue>
</operation>

<operation id="17" st_id="1" stage="1" lat="1">
<core>NULL</core>
<MemPortIdVec></MemPortIdVec>
<condition id="-1">
<or_exp><and_exp></and_exp></or_exp>
</condition>

<Node id="17" bw="0" op_0_bw="0" op_1_bw="32" op_2_bw="0" op_3_bw="32" op_4_bw="32" op_5_bw="0" op_6_bw="32" op_7_bw="32" op_8_bw="0" op_9_bw="0" op_10_bw="0" op_11_bw="32" op_12_bw="32" op_13_bw="32" op_14_bw="32" op_15_bw="0" op_16_bw="0">
<![CDATA[
entry:11 %specinterface_ln0 = specinterface void @_ssdm_op_SpecInterface, i32 %p_src_1, void @ap_fifo_str, i32, i32, void @p_str, i32, i32, void @p_str, void @p_str, void @p_str, i32, i32, i32, i32, void @p_str, void @ScalarProp_str

]]></Node>
<StgValue><ssdm name="specinterface_ln0"/></StgValue>
</operation>

<operation id="18" st_id="1" stage="1" lat="1">
<core>NULL</core>
<MemPortIdVec></MemPortIdVec>
<condition id="-1">
<or_exp><and_exp></and_exp></or_exp>
</condition>

<Node id="18" bw="0" op_0_bw="0" op_1_bw="32" op_2_bw="0" op_3_bw="32" op_4_bw="32" op_5_bw="0" op_6_bw="32" op_7_bw="32" op_8_bw="0" op_9_bw="0" op_10_bw="0" op_11_bw="32" op_12_bw="32" op_13_bw="32" op_14_bw="32" op_15_bw="0" op_16_bw="0">
<![CDATA[
entry:12 %specinterface_ln0 = specinterface void @_ssdm_op_SpecInterface, i32 %p_src_2, void @ap_fifo_str, i32, i32, void @p_str, i32, i32, void @p_str, void @p_str, void @p_str, i32, i32, i32, i32, void @p_str, void @ScalarProp_str

]]></Node>
<StgValue><ssdm name="specinterface_ln0"/></StgValue>
</operation>

<operation id="19" st_id="1" stage="1" lat="1">
<core>NULL</core>
<MemPortIdVec></MemPortIdVec>
<condition id="-1">
<or_exp><and_exp></and_exp></or_exp>
</condition>

<Node id="19" bw="0" op_0_bw="0" op_1_bw="8" op_2_bw="0" op_3_bw="32" op_4_bw="32" op_5_bw="0" op_6_bw="32" op_7_bw="32" op_8_bw="0" op_9_bw="0" op_10_bw="0" op_11_bw="32" op_12_bw="32" op_13_bw="32" op_14_bw="32" op_15_bw="0" op_16_bw="0">
<![CDATA[
entry:13 %specinterface_ln0 = specinterface void @_ssdm_op_SpecInterface, i8 %imgOutput_418, void @empty_0, i32, i32, void @empty_21, i32, i32, void @empty_21, void @empty_21, void @empty_21, i32, i32, i32, i32, void @empty_21, void @empty_21

]]></Node>
<StgValue><ssdm name="specinterface_ln0"/></StgValue>
</operation>

<operation id="20" st_id="1" stage="1" lat="1">
<core>NULL</core>
<MemPortIdVec></MemPortIdVec>
<condition id="-1">
<or_exp><and_exp></and_exp></or_exp>
</condition>

<Node id="20" bw="0" op_0_bw="0" op_1_bw="8" op_2_bw="0" op_3_bw="32" op_4_bw="32" op_5_bw="0" op_6_bw="32" op_7_bw="32" op_8_bw="0" op_9_bw="0" op_10_bw="0" op_11_bw="32" op_12_bw="32" op_13_bw="32" op_14_bw="32" op_15_bw="0" op_16_bw="0">
<![CDATA[
entry:14 %specinterface_ln0 = specinterface void @_ssdm_op_SpecInterface, i8 %imgInput_417, void @empty_0, i32, i32, void @empty_21, i32, i32, void @empty_21, void @empty_21, void @empty_21, i32, i32, i32, i32, void @empty_21, void @empty_21

]]></Node>
<StgValue><ssdm name="specinterface_ln0"/></StgValue>
</operation>

<operation id="21" st_id="1" stage="1" lat="1">
<core>FIFO_SRL</core>
<MemPortIdVec></MemPortIdVec>
<condition id="-1">
<or_exp><and_exp></and_exp></or_exp>
</condition>

<Node id="21" bw="32" op_0_bw="32" op_1_bw="32">
<![CDATA[
entry:15 %p_src_1_read = read i32 @_ssdm_op_Read.ap_fifo.i32P, i32 %p_src_1

]]></Node>
<StgValue><ssdm name="p_src_1_read"/></StgValue>
</operation>

<operation id="22" st_id="1" stage="1" lat="1">
<core>FIFO_SRL</core>
<MemPortIdVec></MemPortIdVec>
<condition id="-1">
<or_exp><and_exp></and_exp></or_exp>
</condition>

<Node id="22" bw="32" op_0_bw="32" op_1_bw="32">
<![CDATA[
entry:16 %p_src_2_read = read i32 @_ssdm_op_Read.ap_fifo.i32P, i32 %p_src_2

]]></Node>
<StgValue><ssdm name="p_src_2_read"/></StgValue>
</operation>

<operation id="23" st_id="1" stage="1" lat="1">
<core>NULL</core>
<MemPortIdVec></MemPortIdVec>
<condition id="-1">
<or_exp><and_exp></and_exp></or_exp>
</condition>

<Node id="23" bw="0" op_0_bw="0">
<![CDATA[
entry:17 %br_ln372 = br void %bb.i

]]></Node>
<StgValue><ssdm name="br_ln372"/></StgValue>
</operation>
</state>

<state id="2" st_id="2">

<operation id="24" st_id="2" stage="1" lat="1">
<core>NULL</core>
<MemPortIdVec></MemPortIdVec>
<condition id="-1">
<or_exp><and_exp></and_exp></or_exp>
</condition>

<Node id="25" bw="4" op_0_bw="4" op_1_bw="0" op_2_bw="4" op_3_bw="0">
<![CDATA[
bb.i:0 %indvar_flatten = phi i4, void %entry, i4 %add_ln372, void %bb.split4.i

]]></Node>
<StgValue><ssdm name="indvar_flatten"/></StgValue>
</operation>

<operation id="25" st_id="2" stage="1" lat="1">
<core>NULL</core>
<MemPortIdVec></MemPortIdVec>
<condition id="-1">
<or_exp><and_exp></and_exp></or_exp>
</condition>

<Node id="26" bw="2" op_0_bw="2" op_1_bw="0" op_2_bw="2" op_3_bw="0">
<![CDATA[
bb.i:1 %i = phi i2, void %entry, i2 %select_ln372_2, void %bb.split4.i

]]></Node>
<StgValue><ssdm name="i"/></StgValue>
</operation>

<operation id="26" st_id="2" stage="1" lat="1">
<core>NULL</core>
<MemPortIdVec></MemPortIdVec>
<condition id="-1">
<or_exp><and_exp></and_exp></or_exp>
</condition>

<Node id="27" bw="2" op_0_bw="2" op_1_bw="0" op_2_bw="2" op_3_bw="0">
<![CDATA[
bb.i:2 %j = phi i2, void %entry, i2 %add_ln373, void %bb.split4.i

]]></Node>
<StgValue><ssdm name="j"/></StgValue>
</operation>

<operation id="27" st_id="2" stage="1" lat="1">
<core>NULL</core>
<MemPortIdVec></MemPortIdVec>
<condition id="-1">
<or_exp><and_exp></and_exp></or_exp>
</condition>

<Node id="28" bw="4" op_0_bw="2">
<![CDATA[
bb.i:3 %i_cast_i = zext i2 %i

]]></Node>
<StgValue><ssdm name="i_cast_i"/></StgValue>
</operation>

<operation id="28" st_id="2" stage="1" lat="1">
<core>NULL</core>
<MemPortIdVec></MemPortIdVec>
<condition id="-1">
<or_exp><and_exp></and_exp></or_exp>
</condition>

<Node id="29" bw="4" op_0_bw="4" op_1_bw="2" op_2_bw="2">
<![CDATA[
bb.i:4 %p_shl_i = bitconcatenate i4 @_ssdm_op_BitConcatenate.i4.i2.i2, i2 %i, i2

]]></Node>
<StgValue><ssdm name="p_shl_i"/></StgValue>
</operation>

<operation id="29" st_id="2" stage="1" lat="1">
<core>Adder</core>
<MemPortIdVec></MemPortIdVec>
<condition id="-1">
<or_exp><and_exp></and_exp></or_exp>
</condition>

<Node id="30" bw="4" op_0_bw="4" op_1_bw="4">
<![CDATA[
bb.i:5 %mul_i = sub i4 %p_shl_i, i4 %i_cast_i

]]></Node>
<StgValue><ssdm name="mul_i"/></StgValue>
</operation>

<operation id="30" st_id="2" stage="1" lat="1">
<core>NULL</core>
<MemPortIdVec></MemPortIdVec>
<condition id="-1">
<or_exp><and_exp></and_exp></or_exp>
</condition>

<Node id="31" bw="0" op_0_bw="0" op_1_bw="32" op_2_bw="32" op_3_bw="32" op_4_bw="32" op_5_bw="0">
<![CDATA[
bb.i:6 %specpipeline_ln0 = specpipeline void @_ssdm_op_SpecPipeline, i32, i32, i32, i32, void @p_str9

]]></Node>
<StgValue><ssdm name="specpipeline_ln0"/></StgValue>
</operation>

<operation id="31" st_id="2" stage="1" lat="1">
<core>Cmp</core>
<MemPortIdVec></MemPortIdVec>
<condition id="-1">
<or_exp><and_exp></and_exp></or_exp>
</condition>

<Node id="32" bw="1" op_0_bw="4" op_1_bw="4">
<![CDATA[
bb.i:7 %icmp_ln372 = icmp_eq  i4 %indvar_flatten, i4

]]></Node>
<StgValue><ssdm name="icmp_ln372"/></StgValue>
</operation>

<operation id="32" st_id="2" stage="1" lat="1">
<core>Adder</core>
<MemPortIdVec></MemPortIdVec>
<condition id="-1">
<or_exp><and_exp></and_exp></or_exp>
</condition>

<Node id="33" bw="4" op_0_bw="4" op_1_bw="4">
<![CDATA[
bb.i:8 %add_ln372 = add i4 %indvar_flatten, i4

]]></Node>
<StgValue><ssdm name="add_ln372"/></StgValue>
</operation>

<operation id="33" st_id="2" stage="1" lat="1">
<core>NULL</core>
<MemPortIdVec></MemPortIdVec>
<condition id="-1">
<or_exp><and_exp></and_exp></or_exp>
</condition>

<Node id="34" bw="0" op_0_bw="1" op_1_bw="0" op_2_bw="0">
<![CDATA[
bb.i:9 %br_ln372 = br i1 %icmp_ln372, void %.split.i, void %.exit

]]></Node>
<StgValue><ssdm name="br_ln372"/></StgValue>
</operation>

<operation id="34" st_id="2" stage="1" lat="1">
<core>Cmp</core>
<MemPortIdVec></MemPortIdVec>
<condition id="-1">
<or_exp><and_exp><literal name="icmp_ln372" val="0"/>
</and_exp></or_exp>
</condition>

<Node id="38" bw="1" op_0_bw="2" op_1_bw="2">
<![CDATA[
.split.i:2 %icmp_ln373 = icmp_eq  i2 %j, i2

]]></Node>
<StgValue><ssdm name="icmp_ln373"/></StgValue>
</operation>

<operation id="35" st_id="2" stage="1" lat="1">
<core>Sel</core>
<MemPortIdVec></MemPortIdVec>
<condition id="-1">
<or_exp><and_exp><literal name="icmp_ln372" val="0"/>
</and_exp></or_exp>
</condition>

<Node id="39" bw="2" op_0_bw="1" op_1_bw="2" op_2_bw="2">
<![CDATA[
.split.i:3 %select_ln372 = select i1 %icmp_ln373, i2, i2 %j

]]></Node>
<StgValue><ssdm name="select_ln372"/></StgValue>
</operation>

<operation id="36" st_id="2" stage="1" lat="1">
<core>Adder</core>
<MemPortIdVec></MemPortIdVec>
<condition id="-1">
<or_exp><and_exp><literal name="icmp_ln372" val="0"/>
</and_exp></or_exp>
</condition>

<Node id="40" bw="2" op_0_bw="2" op_1_bw="2">
<![CDATA[
.split.i:4 %add_ln372_1 = add i2 %i, i2

]]></Node>
<StgValue><ssdm name="add_ln372_1"/></StgValue>
</operation>

<operation id="37" st_id="2" stage="1" lat="1">
<core>NULL</core>
<MemPortIdVec></MemPortIdVec>
<condition id="-1">
<or_exp><and_exp><literal name="icmp_ln372" val="0"/>
</and_exp></or_exp>
</condition>

<Node id="41" bw="4" op_0_bw="2">
<![CDATA[
.split.i:5 %i_cast_i_mid1 = zext i2 %add_ln372_1

]]></Node>
<StgValue><ssdm name="i_cast_i_mid1"/></StgValue>
</operation>

<operation id="38" st_id="2" stage="1" lat="1">
<core>NULL</core>
<MemPortIdVec></MemPortIdVec>
<condition id="-1">
<or_exp><and_exp><literal name="icmp_ln372" val="0"/>
</and_exp></or_exp>
</condition>

<Node id="42" bw="4" op_0_bw="4" op_1_bw="2" op_2_bw="2">
<![CDATA[
.split.i:6 %p_shl_i_mid1 = bitconcatenate i4 @_ssdm_op_BitConcatenate.i4.i2.i2, i2 %add_ln372_1, i2

]]></Node>
<StgValue><ssdm name="p_shl_i_mid1"/></StgValue>
</operation>

<operation id="39" st_id="2" stage="1" lat="1">
<core>Adder</core>
<MemPortIdVec></MemPortIdVec>
<condition id="-1">
<or_exp><and_exp><literal name="icmp_ln372" val="0"/>
</and_exp></or_exp>
</condition>

<Node id="43" bw="4" op_0_bw="4" op_1_bw="4">
<![CDATA[
.split.i:7 %mul_i_mid1 = sub i4 %p_shl_i_mid1, i4 %i_cast_i_mid1

]]></Node>
<StgValue><ssdm name="mul_i_mid1"/></StgValue>
</operation>

<operation id="40" st_id="2" stage="1" lat="1">
<core>Sel</core>
<MemPortIdVec></MemPortIdVec>
<condition id="-1">
<or_exp><and_exp><literal name="icmp_ln372" val="0"/>
</and_exp></or_exp>
</condition>

<Node id="44" bw="4" op_0_bw="1" op_1_bw="4" op_2_bw="4">
<![CDATA[
.split.i:8 %select_ln372_1 = select i1 %icmp_ln373, i4 %mul_i_mid1, i4 %mul_i

]]></Node>
<StgValue><ssdm name="select_ln372_1"/></StgValue>
</operation>

<operation id="41" st_id="2" stage="1" lat="1">
<core>Sel</core>
<MemPortIdVec></MemPortIdVec>
<condition id="-1">
<or_exp><and_exp><literal name="icmp_ln372" val="0"/>
</and_exp></or_exp>
</condition>

<Node id="46" bw="2" op_0_bw="1" op_1_bw="2" op_2_bw="2">
<![CDATA[
.split.i:10 %select_ln372_2 = select i1 %icmp_ln373, i2 %add_ln372_1, i2 %i

]]></Node>
<StgValue><ssdm name="select_ln372_2"/></StgValue>
</operation>

<operation id="42" st_id="2" stage="1" lat="1">
<core>NULL</core>
<MemPortIdVec></MemPortIdVec>
<condition id="-1">
<or_exp><and_exp><literal name="icmp_ln372" val="0"/>
</and_exp></or_exp>
</condition>

<Node id="48" bw="4" op_0_bw="2">
<![CDATA[
.split.i:12 %zext_ln374 = zext i2 %select_ln372

]]></Node>
<StgValue><ssdm name="zext_ln374"/></StgValue>
</operation>

<operation id="43" st_id="2" stage="1" lat="1">
<core>Adder</core>
<MemPortIdVec></MemPortIdVec>
<condition id="-1">
<or_exp><and_exp><literal name="icmp_ln372" val="0"/>
</and_exp></or_exp>
</condition>

<Node id="49" bw="4" op_0_bw="4" op_1_bw="4">
<![CDATA[
.split.i:13 %add_ln374 = add i4 %zext_ln374, i4 %select_ln372_1

]]></Node>
<StgValue><ssdm name="add_ln374"/></StgValue>
</operation>

<operation id="44" st_id="2" stage="1" lat="1">
<core>NULL</core>
<MemPortIdVec></MemPortIdVec>
<condition id="-1">
<or_exp><and_exp><literal name="icmp_ln372" val="0"/>
</and_exp></or_exp>
</condition>

<Node id="50" bw="64" op_0_bw="4">
<![CDATA[
.split.i:14 %zext_ln374_1 = zext i4 %add_ln374

]]></Node>
<StgValue><ssdm name="zext_ln374_1"/></StgValue>
</operation>

<operation id="45" st_id="2" stage="1" lat="1">
<core>NULL</core>
<MemPortIdVec></MemPortIdVec>
<condition id="-1">
<or_exp><and_exp><literal name="icmp_ln372" val="0"/>
</and_exp></or_exp>
</condition>

<Node id="51" bw="4" op_0_bw="8" op_1_bw="64" op_2_bw="64">
<![CDATA[
.split.i:15 %p_kernel_addr = getelementptr i8 %p_kernel, i64, i64 %zext_ln374_1

]]></Node>
<StgValue><ssdm name="p_kernel_addr"/></StgValue>
</operation>

<operation id="46" st_id="2" stage="2" lat="2">
<core>RAM</core>
<MemPortIdVec></MemPortIdVec>
<condition id="-1">
<or_exp><and_exp><literal name="icmp_ln372" val="0"/>
</and_exp></or_exp>
</condition>

<Node id="52" bw="8" op_0_bw="4">
<![CDATA[
.split.i:16 %kernel_2_0 = load i4 %p_kernel_addr

]]></Node>
<StgValue><ssdm name="kernel_2_0"/></StgValue>
</operation>

<operation id="47" st_id="2" stage="1" lat="1">
<core>NULL</core>
<MemPortIdVec></MemPortIdVec>
<condition id="-1">
<or_exp><and_exp><literal name="icmp_ln372" val="0"/>
</and_exp></or_exp>
</condition>

<Node id="53" bw="0" op_0_bw="2" op_1_bw="0" op_2_bw="2" op_3_bw="0" op_4_bw="2" op_5_bw="0">
<![CDATA[
.split.i:17 %switch_ln374 = switch i2 %select_ln372_2, void %branch2.i, i2, void %branch0.i, i2, void %branch1.i

]]></Node>
<StgValue><ssdm name="switch_ln374"/></StgValue>
</operation>

<operation id="48" st_id="2" stage="1" lat="1">
<core>NULL</core>
<MemPortIdVec></MemPortIdVec>
<condition id="-1">
<or_exp><and_exp><literal name="icmp_ln372" val="0"/>
<literal name="select_ln372_2" val="1"/>
</and_exp></or_exp>
</condition>

<Node id="55" bw="0" op_0_bw="2" op_1_bw="0" op_2_bw="2" op_3_bw="0" op_4_bw="2" op_5_bw="0">
<![CDATA[
branch1.i:0 %switch_ln374 = switch i2 %select_ln372, void %branch8.i, i2, void %branch1.i.bb.split4.i_crit_edge, i2, void %branch7.i

]]></Node>
<StgValue><ssdm name="switch_ln374"/></StgValue>
</operation>

<operation id="49" st_id="2" stage="1" lat="1">
<core>NULL</core>
<MemPortIdVec></MemPortIdVec>
<condition id="-1">
<or_exp><and_exp><literal name="icmp_ln372" val="0"/>
<literal name="select_ln372_2" val="0"/>
</and_exp></or_exp>
</condition>

<Node id="66" bw="0" op_0_bw="2" op_1_bw="0" op_2_bw="2" op_3_bw="0" op_4_bw="2" op_5_bw="0">
<![CDATA[
branch0.i:0 %switch_ln374 = switch i2 %select_ln372, void %branch5.i, i2, void %branch0.i.bb.split4.i_crit_edge, i2, void %branch4.i

]]></Node>
<StgValue><ssdm name="switch_ln374"/></StgValue>
</operation>

<operation id="50" st_id="2" stage="1" lat="1">
<core>NULL</core>
<MemPortIdVec></MemPortIdVec>
<condition id="-1">
<or_exp><and_exp><literal name="icmp_ln372" val="0"/>
<literal name="select_ln372_2" val="!0"/>
<literal name="select_ln372_2" val="!1"/>
</and_exp></or_exp>
</condition>

<Node id="77" bw="0" op_0_bw="2" op_1_bw="0" op_2_bw="2" op_3_bw="0" op_4_bw="2" op_5_bw="0">
<![CDATA[
branch2.i:0 %switch_ln374 = switch i2 %select_ln372, void %branch11.i, i2, void %branch2.i.bb.split4.i_crit_edge, i2, void %branch10.i

]]></Node>
<StgValue><ssdm name="switch_ln374"/></StgValue>
</operation>

<operation id="51" st_id="2" stage="1" lat="1">
<core>Adder</core>
<MemPortIdVec></MemPortIdVec>
<condition id="-1">
<or_exp><and_exp><literal name="icmp_ln372" val="0"/>
</and_exp></or_exp>
</condition>

<Node id="88" bw="2" op_0_bw="2" op_1_bw="2">
<![CDATA[
bb.split4.i:0 %add_ln373 = add i2 %select_ln372, i2

]]></Node>
<StgValue><ssdm name="add_ln373"/></StgValue>
</operation>

<operation id="52" st_id="2" stage="1" lat="1">
<core>NULL</core>
<MemPortIdVec></MemPortIdVec>
<condition id="-1">
<or_exp><and_exp><literal name="icmp_ln372" val="0"/>
</and_exp></or_exp>
</condition>

<Node id="89" bw="0" op_0_bw="0">
<![CDATA[
bb.split4.i:1 %br_ln0 = br void %bb.i

]]></Node>
<StgValue><ssdm name="br_ln0"/></StgValue>
</operation>
</state>

<state id="3" st_id="3">

<operation id="53" st_id="3" stage="1" lat="1">
<core>NULL</core>
<MemPortIdVec></MemPortIdVec>
<condition id="-1">
<or_exp><and_exp><literal name="icmp_ln372" val="0"/>
</and_exp></or_exp>
</condition>

<Node id="36" bw="0" op_0_bw="0" op_1_bw="0">
<![CDATA[
.split.i:0 %specloopname_ln0 = specloopname void @_ssdm_op_SpecLoopName, void @VITIS_LOOP_372_3_VITIS_LOOP_373_4_str

]]></Node>
<StgValue><ssdm name="specloopname_ln0"/></StgValue>
</operation>

<operation id="54" st_id="3" stage="1" lat="1">
<core>NULL</core>
<MemPortIdVec></MemPortIdVec>
<condition id="-1">
<or_exp><and_exp><literal name="icmp_ln372" val="0"/>
</and_exp></or_exp>
</condition>

<Node id="37" bw="0" op_0_bw="0" op_1_bw="64" op_2_bw="64" op_3_bw="64">
<![CDATA[
.split.i:1 %speclooptripcount_ln0 = speclooptripcount void @_ssdm_op_SpecLoopTripCount, i64, i64, i64

]]></Node>
<StgValue><ssdm name="speclooptripcount_ln0"/></StgValue>
</operation>

<operation id="55" st_id="3" stage="1" lat="1">
<core>NULL</core>
<MemPortIdVec></MemPortIdVec>
<condition id="-1">
<or_exp><and_exp><literal name="icmp_ln372" val="0"/>
</and_exp></or_exp>
</condition>

<Node id="45" bw="0" op_0_bw="0" op_1_bw="32" op_2_bw="32" op_3_bw="32" op_4_bw="32" op_5_bw="0">
<![CDATA[
.split.i:9 %specpipeline_ln0 = specpipeline void @_ssdm_op_SpecPipeline, i32, i32, i32, i32, void @p_str9

]]></Node>
<StgValue><ssdm name="specpipeline_ln0"/></StgValue>
</operation>

<operation id="56" st_id="3" stage="1" lat="1">
<core>NULL</core>
<MemPortIdVec></MemPortIdVec>
<condition id="-1">
<or_exp><and_exp><literal name="icmp_ln372" val="0"/>
</and_exp></or_exp>
</condition>

<Node id="47" bw="0" op_0_bw="0" op_1_bw="0">
<![CDATA[
.split.i:11 %specloopname_ln373 = specloopname void @_ssdm_op_SpecLoopName, void @empty_3

]]></Node>
<StgValue><ssdm name="specloopname_ln373"/></StgValue>
</operation>

<operation id="57" st_id="3" stage="1" lat="2">
<core>RAM</core>
<MemPortIdVec></MemPortIdVec>
<condition id="-1">
<or_exp><and_exp><literal name="icmp_ln372" val="0"/>
</and_exp></or_exp>
</condition>

<Node id="52" bw="8" op_0_bw="4">
<![CDATA[
.split.i:16 %kernel_2_0 = load i4 %p_kernel_addr

]]></Node>
<StgValue><ssdm name="kernel_2_0"/></StgValue>
</operation>

<operation id="58" st_id="3" stage="1" lat="1">
<core>NULL</core>
<MemPortIdVec></MemPortIdVec>
<condition id="-1">
<or_exp><and_exp><literal name="select_ln372_2" val="1"/>
<literal name="select_ln372" val="1"/>
</and_exp></or_exp>
</condition>

<Node id="57" bw="0" op_0_bw="8" op_1_bw="8">
<![CDATA[
branch7.i:0 %store_ln374 = store i8 %kernel_2_0, i8 %kernel_2_2_4

]]></Node>
<StgValue><ssdm name="store_ln374"/></StgValue>
</operation>

<operation id="59" st_id="3" stage="1" lat="1">
<core>NULL</core>
<MemPortIdVec></MemPortIdVec>
<condition id="-1">
<or_exp><and_exp><literal name="select_ln372_2" val="1"/>
<literal name="select_ln372" val="1"/>
</and_exp></or_exp>
</condition>

<Node id="58" bw="0" op_0_bw="0">
<![CDATA[
branch7.i:1 %br_ln374 = br void %bb.split4.i

]]></Node>
<StgValue><ssdm name="br_ln374"/></StgValue>
</operation>

<operation id="60" st_id="3" stage="1" lat="1">
<core>NULL</core>
<MemPortIdVec></MemPortIdVec>
<condition id="-1">
<or_exp><and_exp><literal name="select_ln372_2" val="1"/>
<literal name="select_ln372" val="0"/>
</and_exp></or_exp>
</condition>

<Node id="60" bw="0" op_0_bw="8" op_1_bw="8">
<![CDATA[
branch1.i.bb.split4.i_crit_edge:0 %store_ln374 = store i8 %kernel_2_0, i8 %kernel_2_2_3

]]></Node>
<StgValue><ssdm name="store_ln374"/></StgValue>
</operation>

<operation id="61" st_id="3" stage="1" lat="1">
<core>NULL</core>
<MemPortIdVec></MemPortIdVec>
<condition id="-1">
<or_exp><and_exp><literal name="select_ln372_2" val="1"/>
<literal name="select_ln372" val="0"/>
</and_exp></or_exp>
</condition>

<Node id="61" bw="0" op_0_bw="0">
<![CDATA[
branch1.i.bb.split4.i_crit_edge:1 %br_ln374 = br void %bb.split4.i

]]></Node>
<StgValue><ssdm name="br_ln374"/></StgValue>
</operation>

<operation id="62" st_id="3" stage="1" lat="1">
<core>NULL</core>
<MemPortIdVec></MemPortIdVec>
<condition id="-1">
<or_exp><and_exp><literal name="select_ln372_2" val="1"/>
<literal name="select_ln372" val="!0"/>
<literal name="select_ln372" val="!1"/>
</and_exp></or_exp>
</condition>

<Node id="63" bw="0" op_0_bw="8" op_1_bw="8">
<![CDATA[
branch8.i:0 %store_ln374 = store i8 %kernel_2_0, i8 %kernel_2_2_5

]]></Node>
<StgValue><ssdm name="store_ln374"/></StgValue>
</operation>

<operation id="63" st_id="3" stage="1" lat="1">
<core>NULL</core>
<MemPortIdVec></MemPortIdVec>
<condition id="-1">
<or_exp><and_exp><literal name="select_ln372_2" val="1"/>
<literal name="select_ln372" val="!0"/>
<literal name="select_ln372" val="!1"/>
</and_exp></or_exp>
</condition>

<Node id="64" bw="0" op_0_bw="0">
<![CDATA[
branch8.i:1 %br_ln374 = br void %bb.split4.i

]]></Node>
<StgValue><ssdm name="br_ln374"/></StgValue>
</operation>

<operation id="64" st_id="3" stage="1" lat="1">
<core>NULL</core>
<MemPortIdVec></MemPortIdVec>
<condition id="-1">
<or_exp><and_exp><literal name="select_ln372_2" val="0"/>
<literal name="select_ln372" val="1"/>
</and_exp></or_exp>
</condition>

<Node id="68" bw="0" op_0_bw="8" op_1_bw="8">
<![CDATA[
branch4.i:0 %store_ln374 = store i8 %kernel_2_0, i8 %kernel_2_2_1

]]></Node>
<StgValue><ssdm name="store_ln374"/></StgValue>
</operation>

<operation id="65" st_id="3" stage="1" lat="1">
<core>NULL</core>
<MemPortIdVec></MemPortIdVec>
<condition id="-1">
<or_exp><and_exp><literal name="select_ln372_2" val="0"/>
<literal name="select_ln372" val="1"/>
</and_exp></or_exp>
</condition>

<Node id="69" bw="0" op_0_bw="0">
<![CDATA[
branch4.i:1 %br_ln374 = br void %bb.split4.i

]]></Node>
<StgValue><ssdm name="br_ln374"/></StgValue>
</operation>

<operation id="66" st_id="3" stage="1" lat="1">
<core>NULL</core>
<MemPortIdVec></MemPortIdVec>
<condition id="-1">
<or_exp><and_exp><literal name="select_ln372_2" val="0"/>
<literal name="select_ln372" val="0"/>
</and_exp></or_exp>
</condition>

<Node id="71" bw="0" op_0_bw="8" op_1_bw="8">
<![CDATA[
branch0.i.bb.split4.i_crit_edge:0 %store_ln374 = store i8 %kernel_2_0, i8 %kernel_2_2

]]></Node>
<StgValue><ssdm name="store_ln374"/></StgValue>
</operation>

<operation id="67" st_id="3" stage="1" lat="1">
<core>NULL</core>
<MemPortIdVec></MemPortIdVec>
<condition id="-1">
<or_exp><and_exp><literal name="select_ln372_2" val="0"/>
<literal name="select_ln372" val="0"/>
</and_exp></or_exp>
</condition>

<Node id="72" bw="0" op_0_bw="0">
<![CDATA[
branch0.i.bb.split4.i_crit_edge:1 %br_ln374 = br void %bb.split4.i

]]></Node>
<StgValue><ssdm name="br_ln374"/></StgValue>
</operation>

<operation id="68" st_id="3" stage="1" lat="1">
<core>NULL</core>
<MemPortIdVec></MemPortIdVec>
<condition id="-1">
<or_exp><and_exp><literal name="select_ln372_2" val="0"/>
<literal name="select_ln372" val="!0"/>
<literal name="select_ln372" val="!1"/>
</and_exp></or_exp>
</condition>

<Node id="74" bw="0" op_0_bw="8" op_1_bw="8">
<![CDATA[
branch5.i:0 %store_ln374 = store i8 %kernel_2_0, i8 %kernel_2_2_2

]]></Node>
<StgValue><ssdm name="store_ln374"/></StgValue>
</operation>

<operation id="69" st_id="3" stage="1" lat="1">
<core>NULL</core>
<MemPortIdVec></MemPortIdVec>
<condition id="-1">
<or_exp><and_exp><literal name="select_ln372_2" val="0"/>
<literal name="select_ln372" val="!0"/>
<literal name="select_ln372" val="!1"/>
</and_exp></or_exp>
</condition>

<Node id="75" bw="0" op_0_bw="0">
<![CDATA[
branch5.i:1 %br_ln374 = br void %bb.split4.i

]]></Node>
<StgValue><ssdm name="br_ln374"/></StgValue>
</operation>

<operation id="70" st_id="3" stage="1" lat="1">
<core>NULL</core>
<MemPortIdVec></MemPortIdVec>
<condition id="-1">
<or_exp><and_exp><literal name="select_ln372_2" val="!0"/>
<literal name="select_ln372_2" val="!1"/>
<literal name="select_ln372" val="1"/>
</and_exp></or_exp>
</condition>

<Node id="79" bw="0" op_0_bw="8" op_1_bw="8">
<![CDATA[
branch10.i:0 %store_ln374 = store i8 %kernel_2_0, i8 %kernel_2_2_7

]]></Node>
<StgValue><ssdm name="store_ln374"/></StgValue>
</operation>

<operation id="71" st_id="3" stage="1" lat="1">
<core>NULL</core>
<MemPortIdVec></MemPortIdVec>
<condition id="-1">
<or_exp><and_exp><literal name="select_ln372_2" val="!0"/>
<literal name="select_ln372_2" val="!1"/>
<literal name="select_ln372" val="1"/>
</and_exp></or_exp>
</condition>

<Node id="80" bw="0" op_0_bw="0">
<![CDATA[
branch10.i:1 %br_ln374 = br void %bb.split4.i

]]></Node>
<StgValue><ssdm name="br_ln374"/></StgValue>
</operation>

<operation id="72" st_id="3" stage="1" lat="1">
<core>NULL</core>
<MemPortIdVec></MemPortIdVec>
<condition id="-1">
<or_exp><and_exp><literal name="select_ln372_2" val="!0"/>
<literal name="select_ln372_2" val="!1"/>
<literal name="select_ln372" val="0"/>
</and_exp></or_exp>
</condition>

<Node id="82" bw="0" op_0_bw="8" op_1_bw="8">
<![CDATA[
branch2.i.bb.split4.i_crit_edge:0 %store_ln374 = store i8 %kernel_2_0, i8 %kernel_2_2_6

]]></Node>
<StgValue><ssdm name="store_ln374"/></StgValue>
</operation>

<operation id="73" st_id="3" stage="1" lat="1">
<core>NULL</core>
<MemPortIdVec></MemPortIdVec>
<condition id="-1">
<or_exp><and_exp><literal name="select_ln372_2" val="!0"/>
<literal name="select_ln372_2" val="!1"/>
<literal name="select_ln372" val="0"/>
</and_exp></or_exp>
</condition>

<Node id="83" bw="0" op_0_bw="0">
<![CDATA[
branch2.i.bb.split4.i_crit_edge:1 %br_ln374 = br void %bb.split4.i

]]></Node>
<StgValue><ssdm name="br_ln374"/></StgValue>
</operation>

<operation id="74" st_id="3" stage="1" lat="1">
<core>NULL</core>
<MemPortIdVec></MemPortIdVec>
<condition id="-1">
<or_exp><and_exp><literal name="select_ln372_2" val="!0"/>
<literal name="select_ln372_2" val="!1"/>
<literal name="select_ln372" val="!0"/>
<literal name="select_ln372" val="!1"/>
</and_exp></or_exp>
</condition>

<Node id="85" bw="0" op_0_bw="8" op_1_bw="8">
<![CDATA[
branch11.i:0 %store_ln374 = store i8 %kernel_2_0, i8 %kernel_2_2_8

]]></Node>
<StgValue><ssdm name="store_ln374"/></StgValue>
</operation>

<operation id="75" st_id="3" stage="1" lat="1">
<core>NULL</core>
<MemPortIdVec></MemPortIdVec>
<condition id="-1">
<or_exp><and_exp><literal name="select_ln372_2" val="!0"/>
<literal name="select_ln372_2" val="!1"/>
<literal name="select_ln372" val="!0"/>
<literal name="select_ln372" val="!1"/>
</and_exp></or_exp>
</condition>

<Node id="86" bw="0" op_0_bw="0">
<![CDATA[
branch11.i:1 %br_ln374 = br void %bb.split4.i

]]></Node>
<StgValue><ssdm name="br_ln374"/></StgValue>
</operation>
</state>

<state id="4" st_id="4">

<operation id="76" st_id="4" stage="1" lat="1">
<core>NULL</core>
<MemPortIdVec></MemPortIdVec>
<condition id="-1">
<or_exp><and_exp></and_exp></or_exp>
</condition>

<Node id="91" bw="8" op_0_bw="8">
<![CDATA[
.exit:0 %kernel_2_2_load = load i8 %kernel_2_2

]]></Node>
<StgValue><ssdm name="kernel_2_2_load"/></StgValue>
</operation>

<operation id="77" st_id="4" stage="1" lat="1">
<core>NULL</core>
<MemPortIdVec></MemPortIdVec>
<condition id="-1">
<or_exp><and_exp></and_exp></or_exp>
</condition>

<Node id="92" bw="8" op_0_bw="8">
<![CDATA[
.exit:1 %kernel_2_2_1_load = load i8 %kernel_2_2_1

]]></Node>
<StgValue><ssdm name="kernel_2_2_1_load"/></StgValue>
</operation>

<operation id="78" st_id="4" stage="1" lat="1">
<core>NULL</core>
<MemPortIdVec></MemPortIdVec>
<condition id="-1">
<or_exp><and_exp></and_exp></or_exp>
</condition>

<Node id="93" bw="8" op_0_bw="8">
<![CDATA[
.exit:2 %kernel_2_2_2_load = load i8 %kernel_2_2_2

]]></Node>
<StgValue><ssdm name="kernel_2_2_2_load"/></StgValue>
</operation>

<operation id="79" st_id="4" stage="1" lat="1">
<core>NULL</core>
<MemPortIdVec></MemPortIdVec>
<condition id="-1">
<or_exp><and_exp></and_exp></or_exp>
</condition>

<Node id="94" bw="8" op_0_bw="8">
<![CDATA[
.exit:3 %kernel_2_2_3_load = load i8 %kernel_2_2_3

]]></Node>
<StgValue><ssdm name="kernel_2_2_3_load"/></StgValue>
</operation>

<operation id="80" st_id="4" stage="1" lat="1">
<core>NULL</core>
<MemPortIdVec></MemPortIdVec>
<condition id="-1">
<or_exp><and_exp></and_exp></or_exp>
</condition>

<Node id="95" bw="8" op_0_bw="8">
<![CDATA[
.exit:4 %kernel_2_2_4_load = load i8 %kernel_2_2_4

]]></Node>
<StgValue><ssdm name="kernel_2_2_4_load"/></StgValue>
</operation>

<operation id="81" st_id="4" stage="1" lat="1">
<core>NULL</core>
<MemPortIdVec></MemPortIdVec>
<condition id="-1">
<or_exp><and_exp></and_exp></or_exp>
</condition>

<Node id="96" bw="8" op_0_bw="8">
<![CDATA[
.exit:5 %kernel_2_2_5_load = load i8 %kernel_2_2_5

]]></Node>
<StgValue><ssdm name="kernel_2_2_5_load"/></StgValue>
</operation>

<operation id="82" st_id="4" stage="1" lat="1">
<core>NULL</core>
<MemPortIdVec></MemPortIdVec>
<condition id="-1">
<or_exp><and_exp></and_exp></or_exp>
</condition>

<Node id="97" bw="8" op_0_bw="8">
<![CDATA[
.exit:6 %kernel_2_2_6_load = load i8 %kernel_2_2_6

]]></Node>
<StgValue><ssdm name="kernel_2_2_6_load"/></StgValue>
</operation>

<operation id="83" st_id="4" stage="1" lat="1">
<core>NULL</core>
<MemPortIdVec></MemPortIdVec>
<condition id="-1">
<or_exp><and_exp></and_exp></or_exp>
</condition>

<Node id="98" bw="8" op_0_bw="8">
<![CDATA[
.exit:7 %kernel_2_2_7_load = load i8 %kernel_2_2_7

]]></Node>
<StgValue><ssdm name="kernel_2_2_7_load"/></StgValue>
</operation>

<operation id="84" st_id="4" stage="1" lat="1">
<core>NULL</core>
<MemPortIdVec></MemPortIdVec>
<condition id="-1">
<or_exp><and_exp></and_exp></or_exp>
</condition>

<Node id="99" bw="8" op_0_bw="8">
<![CDATA[
.exit:8 %kernel_2_2_8_load = load i8 %kernel_2_2_8

]]></Node>
<StgValue><ssdm name="kernel_2_2_8_load"/></StgValue>
</operation>

<operation id="85" st_id="4" stage="1" lat="1">
<core>NULL</core>
<MemPortIdVec></MemPortIdVec>
<condition id="-1">
<or_exp><and_exp></and_exp></or_exp>
</condition>

<Node id="100" bw="16" op_0_bw="32">
<![CDATA[
.exit:9 %trunc_ln344 = trunc i32 %p_src_1_read

]]></Node>
<StgValue><ssdm name="trunc_ln344"/></StgValue>
</operation>

<operation id="86" st_id="4" stage="1" lat="1">
<core>NULL</core>
<MemPortIdVec></MemPortIdVec>
<condition id="-1">
<or_exp><and_exp></and_exp></or_exp>
</condition>

<Node id="101" bw="16" op_0_bw="32">
<![CDATA[
.exit:10 %trunc_ln345 = trunc i32 %p_src_2_read

]]></Node>
<StgValue><ssdm name="trunc_ln345"/></StgValue>
</operation>

<operation id="87" st_id="4" stage="2" lat="2">
<core></core>
<MemPortIdVec></MemPortIdVec>
<condition id="-1">
<or_exp><and_exp></and_exp></or_exp>
</condition>

<Node id="102" bw="0" op_0_bw="0" op_1_bw="8" op_2_bw="8" op_3_bw="16" op_4_bw="16" op_5_bw="8" op_6_bw="8" op_7_bw="8" op_8_bw="8" op_9_bw="8" op_10_bw="8" op_11_bw="8" op_12_bw="8" op_13_bw="8">
<![CDATA[
.exit:11 %call_ln377 = call void @xferode<128, 128, 1, 0, 1, 0, 129, 3, 3>, i8 %imgInput_417, i8 %imgOutput_418, i16 %trunc_ln344, i16 %trunc_ln345, i8 %kernel_2_2_load, i8 %kernel_2_2_1_load, i8 %kernel_2_2_2_load, i8 %kernel_2_2_3_load, i8 %kernel_2_2_4_load, i8 %kernel_2_2_5_load, i8 %kernel_2_2_6_load, i8 %kernel_2_2_7_load, i8 %kernel_2_2_8_load

]]></Node>
<StgValue><ssdm name="call_ln377"/></StgValue>
</operation>
</state>

<state id="5" st_id="5">

<operation id="88" st_id="5" stage="1" lat="2">
<core></core>
<MemPortIdVec></MemPortIdVec>
<condition id="-1">
<or_exp><and_exp></and_exp></or_exp>
</condition>

<Node id="102" bw="0" op_0_bw="0" op_1_bw="8" op_2_bw="8" op_3_bw="16" op_4_bw="16" op_5_bw="8" op_6_bw="8" op_7_bw="8" op_8_bw="8" op_9_bw="8" op_10_bw="8" op_11_bw="8" op_12_bw="8" op_13_bw="8">
<![CDATA[
.exit:11 %call_ln377 = call void @xferode<128, 128, 1, 0, 1, 0, 129, 3, 3>, i8 %imgInput_417, i8 %imgOutput_418, i16 %trunc_ln344, i16 %trunc_ln345, i8 %kernel_2_2_load, i8 %kernel_2_2_1_load, i8 %kernel_2_2_2_load, i8 %kernel_2_2_3_load, i8 %kernel_2_2_4_load, i8 %kernel_2_2_5_load, i8 %kernel_2_2_6_load, i8 %kernel_2_2_7_load, i8 %kernel_2_2_8_load

]]></Node>
<StgValue><ssdm name="call_ln377"/></StgValue>
</operation>

<operation id="89" st_id="5" stage="1" lat="1">
<core>NULL</core>
<MemPortIdVec></MemPortIdVec>
<condition id="-1">
<or_exp><and_exp></and_exp></or_exp>
</condition>

<Node id="103" bw="0">
<![CDATA[
.exit:12 %ret_ln0 = ret

]]></Node>
<StgValue><ssdm name="ret_ln0"/></StgValue>
</operation>
</state>
</state_list>


<ports>
</ports>


<dataflows>
</dataflows>


</stg>
