<profile>

<section name = "Vitis HLS Report for 'erode_0_0_128_128_2_3_3_1_1_s'" level="0">
<item name = "Date">Fri Jan 22 14:16:54 2021
</item>
<item name = "Version">2020.1 (Build 2902540 on Wed May 27 20:16:15 MDT 2020)</item>
<item name = "Project">erosion</item>
<item name = "Solution">solution1 (Vivado IP Flow Target)</item>
<item name = "Product family">virtexuplus</item>
<item name = "Target device">xcvu11p-flga2577-1-e</item>
</section>

<section name = "Performance Estimates" level="0">
<item name = "Timing">
<section name = "" level="1">
<item name = "Summary"><table name="" hasTotal="0">
<keys size="4">Clock, Target, Estimated, Uncertainty</keys>
<column name="ap_clk">10.00 ns, 7.003 ns, 2.70 ns</column>
</table>
</item>
</section>
</item>
<item name = "Latency">
<section name = "" level="1">
<item name = "Summary"><table name="" hasTotal="0">
<keys size="8">, min, max, min, max, min, max, Type</keys>
<column name="">24, 17560, 0.240 us, 0.176 ms, 24, 17560, none</column>
</table>
</item>
<item name = "Detail">
<section name = "" level="1">
<item name = "Instance"><table name="" hasTotal="0">
<keys size="9">Instance, Module, min, max, min, max, min, max, Type</keys>
</table>
</item>
<item name = "Loop"><table name="" hasTotal="0">
<keys size="8">Loop Name, min, max, Latency, achieved, target, Count, Pipelined</keys>
<column name="- VITIS_LOOP_372_3_VITIS_LOOP_373_4">9, 9, 2, 1, 1, 9, yes</column>
</table>
</item>
</section>
</item>
</section>
</item>
</section>
</profile>
