<profile>

<section name = "Vitis HLS Report for 'erode_0_0_128_128_2_3_3_1_1_s'" level="0">
<item name = "Date">Fri Jan 22 14:17:03 2021
</item>
<item name = "Version">2020.1 (Build 2902540 on Wed May 27 20:16:15 MDT 2020)</item>
<item name = "Project">erosion</item>
<item name = "Solution">solution1 (Vivado IP Flow Target)</item>
<item name = "Product family">virtexuplus</item>
<item name = "Target device">xcvu11p-flga2577-1-e</item>
</section>

<section name = "Performance Estimates" level="0">
<item name = "Timing">
<section name = "" level="1">
<item name = "Summary"><table name="" hasTotal="0">
<keys size="4">Clock, Target, Estimated, Uncertainty</keys>
<column name="ap_clk">10.00 ns, 7.003 ns, 2.70 ns</column>
</table>
</item>
</section>
</item>
<item name = "Latency">
<section name = "" level="1">
<item name = "Summary"><table name="" hasTotal="0">
<keys size="8">, min, max, min, max, min, max, Type</keys>
<column name="">24, 17560, 0.240 us, 0.176 ms, 24, 17560, none</column>
</table>
</item>
<item name = "Detail">
<section name = "" level="1">
<item name = "Instance"><table name="" hasTotal="0">
<keys size="9">Instance, Module, min, max, min, max, min, max, Type</keys>
<column name="grp_xferode_128_128_1_0_1_0_129_3_3_s_fu_160">xferode_128_128_1_0_1_0_129_3_3_s, 12, 17548, 0.120 us, 0.175 ms, 12, 17548, none</column>
</table>
</item>
<item name = "Loop"><table name="" hasTotal="0">
<keys size="8">Loop Name, min, max, Latency, achieved, target, Count, Pipelined</keys>
<column name="- VITIS_LOOP_372_3_VITIS_LOOP_373_4">9, 9, 2, 1, 1, 9, yes</column>
</table>
</item>
</section>
</item>
</section>
</item>
</section>

<section name = "Utilization Estimates" level="0">
<item name = "Summary"><table name="" hasTotal="1">
<keys size="6">Name, BRAM_18K, DSP, FF, LUT, URAM</keys>
<column name="DSP">-, -, -, -, -</column>
<column name="Expression">-, -, 0, 97, -</column>
<column name="FIFO">-, -, -, -, -</column>
<column name="Instance">3, -, 532, 1157, -</column>
<column name="Memory">-, -, -, -, -</column>
<column name="Multiplexer">-, -, -, 123, -</column>
<column name="Register">-, -, 189, -, -</column>
<specialColumn name="Available SLR">1344, 3072, 864000, 432000, 320</specialColumn>
<specialColumn name="Utilization SLR (%)">~0, 0, ~0, ~0, 0</specialColumn>
<specialColumn name="Available">4032, 9216, 2592000, 1296000, 960</specialColumn>
<specialColumn name="Utilization (%)">~0, 0, ~0, ~0, 0</specialColumn>
</table>
</item>
<item name = "Detail">
<section name = "" level="1">
<item name = "Instance"><table name="" hasTotal="1">
<keys size="7">Instance, Module, BRAM_18K, DSP, FF, LUT, URAM</keys>
<column name="grp_xferode_128_128_1_0_1_0_129_3_3_s_fu_160">xferode_128_128_1_0_1_0_129_3_3_s, 3, 0, 532, 1157, 0</column>
</table>
</item>
<item name = "DSP"><table name="" hasTotal="0">
<keys size="3">Instance, Module, Expression</keys>
</table>
</item>
<item name = "Memory"><table name="" hasTotal="1">
<keys size="10">Memory, Module, BRAM_18K, FF, LUT, URAM, Words, Bits, Banks, W*Bits*Banks</keys>
</table>
</item>
<item name = "FIFO"><table name="" hasTotal="1">
<keys size="8">Name, BRAM_18K, FF, LUT, URAM, Depth, Bits, Size:D*B</keys>
</table>
</item>
<item name = "Expression"><table name="" hasTotal="1">
<keys size="7">Variable Name, Operation, DSP, FF, LUT, Bitwidth P0, Bitwidth P1</keys>
<column name="add_ln372_1_fu_223_p2">+, 0, 0, 9, 2, 1</column>
<column name="add_ln372_fu_203_p2">+, 0, 0, 12, 4, 1</column>
<column name="add_ln373_fu_278_p2">+, 0, 0, 9, 2, 1</column>
<column name="add_ln374_fu_267_p2">+, 0, 0, 12, 4, 4</column>
<column name="mul_i_fu_191_p2">-, 0, 0, 12, 4, 4</column>
<column name="mul_i_mid1_fu_241_p2">-, 0, 0, 12, 4, 4</column>
<column name="icmp_ln372_fu_197_p2">icmp, 0, 0, 9, 4, 4</column>
<column name="icmp_ln373_fu_209_p2">icmp, 0, 0, 8, 2, 2</column>
<column name="ap_block_state1">or, 0, 0, 2, 1, 1</column>
<column name="select_ln372_1_fu_247_p3">select, 0, 0, 4, 1, 4</column>
<column name="select_ln372_2_fu_255_p3">select, 0, 0, 2, 1, 2</column>
<column name="select_ln372_fu_215_p3">select, 0, 0, 2, 1, 1</column>
<column name="ap_enable_pp0">xor, 0, 0, 2, 1, 2</column>
<column name="ap_enable_reg_pp0_iter1">xor, 0, 0, 2, 2, 1</column>
</table>
</item>
<item name = "Multiplexer"><table name="" hasTotal="1">
<keys size="5">Name, LUT, Input Size, Bits, Total Bits</keys>
<column name="ap_NS_fsm">27, 5, 1, 5</column>
<column name="ap_done">9, 2, 1, 2</column>
<column name="ap_enable_reg_pp0_iter1">15, 3, 1, 3</column>
<column name="ap_phi_mux_i_phi_fu_142_p4">9, 2, 2, 4</column>
<column name="i_reg_138">9, 2, 2, 4</column>
<column name="imgInput_417_read">9, 2, 1, 2</column>
<column name="imgOutput_418_write">9, 2, 1, 2</column>
<column name="indvar_flatten_reg_127">9, 2, 4, 8</column>
<column name="j_reg_149">9, 2, 2, 4</column>
<column name="p_src_1_blk_n">9, 2, 1, 2</column>
<column name="p_src_2_blk_n">9, 2, 1, 2</column>
</table>
</item>
<item name = "Register"><table name="" hasTotal="1">
<keys size="5">Name, FF, LUT, Bits, Const Bits</keys>
<column name="ap_CS_fsm">4, 0, 4, 0</column>
<column name="ap_done_reg">1, 0, 1, 0</column>
<column name="ap_enable_reg_pp0_iter0">1, 0, 1, 0</column>
<column name="ap_enable_reg_pp0_iter1">1, 0, 1, 0</column>
<column name="grp_xferode_128_128_1_0_1_0_129_3_3_s_fu_160_ap_start_reg">1, 0, 1, 0</column>
<column name="i_reg_138">2, 0, 2, 0</column>
<column name="icmp_ln372_reg_437">1, 0, 1, 0</column>
<column name="indvar_flatten_reg_127">4, 0, 4, 0</column>
<column name="j_reg_149">2, 0, 2, 0</column>
<column name="kernel_2_2_1_fu_70">8, 0, 8, 0</column>
<column name="kernel_2_2_2_fu_74">8, 0, 8, 0</column>
<column name="kernel_2_2_3_fu_78">8, 0, 8, 0</column>
<column name="kernel_2_2_4_fu_82">8, 0, 8, 0</column>
<column name="kernel_2_2_5_fu_86">8, 0, 8, 0</column>
<column name="kernel_2_2_6_fu_90">8, 0, 8, 0</column>
<column name="kernel_2_2_7_fu_94">8, 0, 8, 0</column>
<column name="kernel_2_2_8_fu_98">8, 0, 8, 0</column>
<column name="kernel_2_2_fu_66">8, 0, 8, 0</column>
<column name="p_src_1_read_reg_427">32, 0, 32, 0</column>
<column name="p_src_2_read_reg_432">32, 0, 32, 0</column>
<column name="select_ln372_2_reg_450">2, 0, 2, 0</column>
<column name="select_ln372_reg_446">2, 0, 2, 0</column>
<column name="trunc_ln344_reg_510">16, 0, 16, 0</column>
<column name="trunc_ln345_reg_515">16, 0, 16, 0</column>
</table>
</item>
</section>
</item>
</section>

<section name = "Interface" level="0">
<item name = "Summary"><table name="" hasTotal="0">
<keys size="6">RTL Ports, Dir, Bits, Protocol, Source Object, C Type</keys>
<column name="ap_clk">in, 1, ap_ctrl_hs, erode&lt;0, 0, 128, 128, 2, 3, 3, 1, 1&gt;, return value</column>
<column name="ap_rst">in, 1, ap_ctrl_hs, erode&lt;0, 0, 128, 128, 2, 3, 3, 1, 1&gt;, return value</column>
<column name="ap_start">in, 1, ap_ctrl_hs, erode&lt;0, 0, 128, 128, 2, 3, 3, 1, 1&gt;, return value</column>
<column name="ap_done">out, 1, ap_ctrl_hs, erode&lt;0, 0, 128, 128, 2, 3, 3, 1, 1&gt;, return value</column>
<column name="ap_continue">in, 1, ap_ctrl_hs, erode&lt;0, 0, 128, 128, 2, 3, 3, 1, 1&gt;, return value</column>
<column name="ap_idle">out, 1, ap_ctrl_hs, erode&lt;0, 0, 128, 128, 2, 3, 3, 1, 1&gt;, return value</column>
<column name="ap_ready">out, 1, ap_ctrl_hs, erode&lt;0, 0, 128, 128, 2, 3, 3, 1, 1&gt;, return value</column>
<column name="imgInput_417_dout">in, 8, ap_fifo, imgInput_417, pointer</column>
<column name="imgInput_417_empty_n">in, 1, ap_fifo, imgInput_417, pointer</column>
<column name="imgInput_417_read">out, 1, ap_fifo, imgInput_417, pointer</column>
<column name="imgOutput_418_din">out, 8, ap_fifo, imgOutput_418, pointer</column>
<column name="imgOutput_418_full_n">in, 1, ap_fifo, imgOutput_418, pointer</column>
<column name="imgOutput_418_write">out, 1, ap_fifo, imgOutput_418, pointer</column>
<column name="p_src_1_dout">in, 32, ap_fifo, p_src_1, pointer</column>
<column name="p_src_1_empty_n">in, 1, ap_fifo, p_src_1, pointer</column>
<column name="p_src_1_read">out, 1, ap_fifo, p_src_1, pointer</column>
<column name="p_src_2_dout">in, 32, ap_fifo, p_src_2, pointer</column>
<column name="p_src_2_empty_n">in, 1, ap_fifo, p_src_2, pointer</column>
<column name="p_src_2_read">out, 1, ap_fifo, p_src_2, pointer</column>
<column name="p_kernel_address0">out, 4, ap_memory, p_kernel, array</column>
<column name="p_kernel_ce0">out, 1, ap_memory, p_kernel, array</column>
<column name="p_kernel_q0">in, 8, ap_memory, p_kernel, array</column>
</table>
</item>
</section>
</profile>
