<stg><name>erode<0, 0, 128, 128, 2, 3, 3, 1, 1></name>


<trans_list>

<trans id="90" from="1" to="2">
<condition id="-1">
<or_exp><and_exp></and_exp></or_exp>
</condition>
</trans>

<trans id="101" from="2" to="4">
<condition id="-1">
<or_exp><and_exp><literal name="icmp_ln372" val="1"/>
</and_exp></or_exp>
</condition>
</trans>

<trans id="102" from="2" to="3">
<condition id="-1">
<or_exp><and_exp><literal name="icmp_ln372" val="0"/>
</and_exp></or_exp>
</condition>
</trans>

<trans id="100" from="3" to="2">
<condition id="-1">
<or_exp><and_exp></and_exp></or_exp>
</condition>
</trans>

<trans id="98" from="4" to="5">
<condition id="-1">
<or_exp><and_exp></and_exp></or_exp>
</condition>
</trans>
</trans_list>



<state_list>

<state id="1" st_id="1">

<operation id="6" st_id="1" stage="1" lat="1">
<core>NULL</core>
<MemPortIdVec></MemPortIdVec>
<condition id="-1">
<or_exp><and_exp></and_exp></or_exp>
</condition>

<Node id="6" bw="8" op_0_bw="32">
<![CDATA[
entry:0 %kernel_2_2 = alloca i32

]]></Node>
<StgValue><ssdm name="kernel_2_2"/></StgValue>
</operation>

<operation id="7" st_id="1" stage="1" lat="1">
<core>NULL</core>
<MemPortIdVec></MemPortIdVec>
<condition id="-1">
<or_exp><and_exp></and_exp></or_exp>
</condition>

<Node id="7" bw="8" op_0_bw="32">
<![CDATA[
entry:1 %kernel_2_2_1 = alloca i32

]]></Node>
<StgValue><ssdm name="kernel_2_2_1"/></StgValue>
</operation>

<operation id="8" st_id="1" stage="1" lat="1">
<core>NULL</core>
<MemPortIdVec></MemPortIdVec>
<condition id="-1">
<or_exp><and_exp></and_exp></or_exp>
</condition>

<Node id="8" bw="8" op_0_bw="32">
<![CDATA[
entry:2 %kernel_2_2_2 = alloca i32

]]></Node>
<StgValue><ssdm name="kernel_2_2_2"/></StgValue>
</operation>

<operation id="9" st_id="1" stage="1" lat="1">
<core>NULL</core>
<MemPortIdVec></MemPortIdVec>
<condition id="-1">
<or_exp><and_exp></and_exp></or_exp>
</condition>

<Node id="9" bw="8" op_0_bw="32">
<![CDATA[
entry:3 %kernel_2_2_3 = alloca i32

]]></Node>
<StgValue><ssdm name="kernel_2_2_3"/></StgValue>
</operation>

<operation id="10" st_id="1" stage="1" lat="1">
<core>NULL</core>
<MemPortIdVec></MemPortIdVec>
<condition id="-1">
<or_exp><and_exp></and_exp></or_exp>
</condition>

<Node id="10" bw="8" op_0_bw="32">
<![CDATA[
entry:4 %kernel_2_2_4 = alloca i32

]]></Node>
<StgValue><ssdm name="kernel_2_2_4"/></StgValue>
</operation>

<operation id="11" st_id="1" stage="1" lat="1">
<core>NULL</core>
<MemPortIdVec></MemPortIdVec>
<condition id="-1">
<or_exp><and_exp></and_exp></or_exp>
</condition>

<Node id="11" bw="8" op_0_bw="32">
<![CDATA[
entry:5 %kernel_2_2_5 = alloca i32

]]></Node>
<StgValue><ssdm name="kernel_2_2_5"/></StgValue>
</operation>

<operation id="12" st_id="1" stage="1" lat="1">
<core>NULL</core>
<MemPortIdVec></MemPortIdVec>
<condition id="-1">
<or_exp><and_exp></and_exp></or_exp>
</condition>

<Node id="12" bw="8" op_0_bw="32">
<![CDATA[
entry:6 %kernel_2_2_6 = alloca i32

]]></Node>
<StgValue><ssdm name="kernel_2_2_6"/></StgValue>
</operation>

<operation id="13" st_id="1" stage="1" lat="1">
<core>NULL</core>
<MemPortIdVec></MemPortIdVec>
<condition id="-1">
<or_exp><and_exp></and_exp></or_exp>
</condition>

<Node id="13" bw="8" op_0_bw="32">
<![CDATA[
entry:7 %kernel_2_2_7 = alloca i32

]]></Node>
<StgValue><ssdm name="kernel_2_2_7"/></StgValue>
</operation>

<operation id="14" st_id="1" stage="1" lat="1">
<core>NULL</core>
<MemPortIdVec></MemPortIdVec>
<condition id="-1">
<or_exp><and_exp></and_exp></or_exp>
</condition>

<Node id="14" bw="8" op_0_bw="32">
<![CDATA[
entry:8 %kernel_2_2_8 = alloca i32

]]></Node>
<StgValue><ssdm name="kernel_2_2_8"/></StgValue>
</operation>

<operation id="15" st_id="1" stage="1" lat="1">
<core>NULL</core>
<MemPortIdVec></MemPortIdVec>
<condition id="-1">
<or_exp><and_exp></and_exp></or_exp>
</condition>

<Node id="15" bw="0" op_0_bw="0" op_1_bw="8" op_2_bw="0" op_3_bw="32" op_4_bw="32" op_5_bw="0" op_6_bw="32" op_7_bw="32" op_8_bw="0" op_9_bw="0" op_10_bw="0" op_11_bw="32" op_12_bw="32" op_13_bw="32" op_14_bw="32" op_15_bw="0" op_16_bw="0">
<![CDATA[
entry:9 %specinterface_ln0 = specinterface void @_ssdm_op_SpecInterface, i8 %imgInput_417, void @empty_0, i32, i32, void @empty_21, i32, i32, void @empty_21, void @empty_21, void @empty_21, i32, i32, i32, i32, void @empty_21, void @empty_21

]]></Node>
<StgValue><ssdm name="specinterface_ln0"/></StgValue>
</operation>

<operation id="16" st_id="1" stage="1" lat="1">
<core>NULL</core>
<MemPortIdVec></MemPortIdVec>
<condition id="-1">
<or_exp><and_exp></and_exp></or_exp>
</condition>

<Node id="16" bw="0" op_0_bw="0" op_1_bw="8" op_2_bw="0" op_3_bw="32" op_4_bw="32" op_5_bw="0" op_6_bw="32" op_7_bw="32" op_8_bw="0" op_9_bw="0" op_10_bw="0" op_11_bw="32" op_12_bw="32" op_13_bw="32" op_14_bw="32" op_15_bw="0" op_16_bw="0">
<![CDATA[
entry:10 %specinterface_ln0 = specinterface void @_ssdm_op_SpecInterface, i8 %imgOutput_418, void @empty_0, i32, i32, void @empty_21, i32, i32, void @empty_21, void @empty_21, void @empty_21, i32, i32, i32, i32, void @empty_21, void @empty_21

]]></Node>
<StgValue><ssdm name="specinterface_ln0"/></StgValue>
</operation>

<operation id="17" st_id="1" stage="1" lat="1">
<core>NULL</core>
<MemPortIdVec></MemPortIdVec>
<condition id="-1">
<or_exp><and_exp></and_exp></or_exp>
</condition>

<Node id="17" bw="0" op_0_bw="0" op_1_bw="32" op_2_bw="0" op_3_bw="32" op_4_bw="32" op_5_bw="0" op_6_bw="32" op_7_bw="32" op_8_bw="0" op_9_bw="0" op_10_bw="0" op_11_bw="32" op_12_bw="32" op_13_bw="32" op_14_bw="32" op_15_bw="0" op_16_bw="0">
<![CDATA[
entry:11 %specinterface_ln0 = specinterface void @_ssdm_op_SpecInterface, i32 %p_src_1, void @ap_fifo_str, i32, i32, void @p_str, i32, i32, void @p_str, void @p_str, void @p_str, i32, i32, i32, i32, void @p_str, void @ScalarProp_str

]]></Node>
<StgValue><ssdm name="specinterface_ln0"/></StgValue>
</operation>

<operation id="18" st_id="1" stage="1" lat="1">
<core>NULL</core>
<MemPortIdVec></MemPortIdVec>
<condition id="-1">
<or_exp><and_exp></and_exp></or_exp>
</condition>

<Node id="18" bw="0" op_0_bw="0" op_1_bw="32" op_2_bw="0" op_3_bw="32" op_4_bw="32" op_5_bw="0" op_6_bw="32" op_7_bw="32" op_8_bw="0" op_9_bw="0" op_10_bw="0" op_11_bw="32" op_12_bw="32" op_13_bw="32" op_14_bw="32" op_15_bw="0" op_16_bw="0">
<![CDATA[
entry:12 %specinterface_ln0 = specinterface void @_ssdm_op_SpecInterface, i32 %p_src_2, void @ap_fifo_str, i32, i32, void @p_str, i32, i32, void @p_str, void @p_str, void @p_str, i32, i32, i32, i32, void @p_str, void @ScalarProp_str

]]></Node>
<StgValue><ssdm name="specinterface_ln0"/></StgValue>
</operation>

<operation id="19" st_id="1" stage="1" lat="1">
<core>NULL</core>
<MemPortIdVec></MemPortIdVec>
<condition id="-1">
<or_exp><and_exp></and_exp></or_exp>
</condition>

<Node id="19" bw="0" op_0_bw="0" op_1_bw="8" op_2_bw="0" op_3_bw="32" op_4_bw="32" op_5_bw="0" op_6_bw="32" op_7_bw="32" op_8_bw="0" op_9_bw="0" op_10_bw="0" op_11_bw="32" op_12_bw="32" op_13_bw="32" op_14_bw="32" op_15_bw="0" op_16_bw="0">
<![CDATA[
entry:13 %specinterface_ln0 = specinterface void @_ssdm_op_SpecInterface, i8 %imgOutput_418, void @empty_0, i32, i32, void @empty_21, i32, i32, void @empty_21, void @empty_21, void @empty_21, i32, i32, i32, i32, void @empty_21, void @empty_21

]]></Node>
<StgValue><ssdm name="specinterface_ln0"/></StgValue>
</operation>

<operation id="20" st_id="1" stage="1" lat="1">
<core>NULL</core>
<MemPortIdVec></MemPortIdVec>
<condition id="-1">
<or_exp><and_exp></and_exp></or_exp>
</condition>

<Node id="20" bw="0" op_0_bw="0" op_1_bw="8" op_2_bw="0" op_3_bw="32" op_4_bw="32" op_5_bw="0" op_6_bw="32" op_7_bw="32" op_8_bw="0" op_9_bw="0" op_10_bw="0" op_11_bw="32" op_12_bw="32" op_13_bw="32" op_14_bw="32" op_15_bw="0" op_16_bw="0">
<![CDATA[
entry:14 %specinterface_ln0 = specinterface void @_ssdm_op_SpecInterface, i8 %imgInput_417, void @empty_0, i32, i32, void @empty_21, i32, i32, void @empty_21, void @empty_21, void @empty_21, i32, i32, i32, i32, void @empty_21, void @empty_21

]]></Node>
<StgValue><ssdm name="specinterface_ln0"/></StgValue>
</operation>

<operation id="21" st_id="1" stage="1" lat="1">
<core>FIFO_SRL</core>
<MemPortIdVec></MemPortIdVec>
<condition id="-1">
<or_exp><and_exp></and_exp></or_exp>
</condition>

<Node id="21" bw="32" op_0_bw="32" op_1_bw="32">
<![CDATA[
entry:15 %p_src_1_read = read i32 @_ssdm_op_Read.ap_fifo.i32P, i32 %p_src_1

]]></Node>
<StgValue><ssdm name="p_src_1_read"/></StgValue>
</operation>

<operation id="22" st_id="1" stage="1" lat="1">
<core>FIFO_SRL</core>
<MemPortIdVec></MemPortIdVec>
<condition id="-1">
<or_exp><and_exp></and_exp></or_exp>
</condition>

<Node id="22" bw="32" op_0_bw="32" op_1_bw="32">
<![CDATA[
entry:16 %p_src_2_read = read i32 @_ssdm_op_Read.ap_fifo.i32P, i32 %p_src_2

]]></Node>
<StgValue><ssdm name="p_src_2_read"/></StgValue>
</operation>

<operation id="23" st_id="1" stage="1" lat="1">
<core>NULL</core>
<MemPortIdVec></MemPortIdVec>
<condition id="-1">
<or_exp><and_exp></and_exp></or_exp>
</condition>

<Node id="23" bw="0" op_0_bw="0">
<![CDATA[
entry:17 %br_ln372 = br void %bb.i

]]></Node>
<StgValue><ssdm name="br_ln372"/></StgValue>
</operation>
</state>

<state id="2" st_id="2">

<operation id="24" st_id="2" stage="1" lat="1">
<core>NULL</core>
<MemPortIdVec></MemPortIdVec>
<condition id="-1">
<or_exp><and_exp></and_exp></or_exp>
</condition>

<Node id="25" bw="4" op_0_bw="4" op_1_bw="0" op_2_bw="4" op_3_bw="0">
<![CDATA[
bb.i:0 %indvar_flatten = phi i4, void %entry, i4 %add_ln372, void %bb.split4.i

]]></Node>
<StgValue><ssdm name="indvar_flatten"/></StgValue>
</operation>

<operation id="25" st_id="2" stage="1" lat="1">
<core>NULL</core>
<MemPortIdVec></MemPortIdVec>
<condition id="-1">
<or_exp><and_exp></and_exp></or_exp>
</condition>

<Node id="26" bw="2" op_0_bw="2" op_1_bw="0" op_2_bw="2" op_3_bw="0">
<![CDATA[
bb.i:1 %i = phi i2, void %entry, i2 %select_ln372_2, void %bb.split4.i

]]></Node>
<StgValue><ssdm name="i"/></StgValue>
</operation>

<operation id="26" st_id="2" stage="1" lat="1">
<core>NULL</core>
<MemPortIdVec></MemPortIdVec>
<condition id="-1">
<or_exp><and_exp></and_exp></or_exp>
</condition>

<Node id="27" bw="2" op_0_bw="2" op_1_bw="0" op_2_bw="2" op_3_bw="0">
<![CDATA[
bb.i:2 %j = phi i2, void %entry, i2 %add_ln373, void %bb.split4.i

]]></Node>
<StgValue><ssdm name="j"/></StgValue>
</operation>

<operation id="27" st_id="2" stage="1" lat="1">
<core>NULL</core>
<MemPortIdVec></MemPortIdVec>
<condition id="-1">
<or_exp><and_exp></and_exp></or_exp>
</condition>

<Node id="28" bw="4" op_0_bw="2">
<![CDATA[
bb.i:3 %i_cast_i = zext i2 %i

]]></Node>
<StgValue><ssdm name="i_cast_i"/></StgValue>
</operation>

<operation id="28" st_id="2" stage="1" lat="1">
<core>NULL</core>
<MemPortIdVec></MemPortIdVec>
<condition id="-1">
<or_exp><and_exp></and_exp></or_exp>
</condition>

<Node id="29" bw="4" op_0_bw="4" op_1_bw="2" op_2_bw="2">
<![CDATA[
bb.i:4 %p_shl_i = bitconcatenate i4 @_ssdm_op_BitConcatenate.i4.i2.i2, i2 %i, i2

]]></Node>
<StgValue><ssdm name="p_shl_i"/></StgValue>
</operation>

<operation id="29" st_id="2" stage="1" lat="1">
<core>Adder</core>
<MemPortIdVec></MemPortIdVec>
<condition id="-1">
<or_exp><and_exp></and_exp></or_exp>
</condition>

<Node id="30" bw="4" op_0_bw="4" op_1_bw="4">
<![CDATA[
bb.i:5 %mul_i = sub i4 %p_shl_i, i4 %i_cast_i

]]></Node>
<StgValue><ssdm name="mul_i"/></StgValue>
</operation>

<operation id="30" st_id="2" stage="1" lat="1">
<core>NULL</core>
<MemPortIdVec></MemPortIdVec>
<condition id="-1">
<or_exp><and_exp></and_exp></or_exp>
</condition>

<Node id="31" bw="0" op_0_bw="0" op_1_bw="32" op_2_bw="32" op_3_bw="32" op_4_bw="32" op_5_bw="0">
<![CDATA[
bb.i:6 %specpipeline_ln0 = specpipeline void @_ssdm_op_SpecPipeline, i32, i32, i32, i32, void @p_str9

]]></Node>
<StgValue><ssdm name="specpipeline_ln0"/></StgValue>
</operation>

<operation id="31" st_id="2" stage="1" lat="1">
<core>Cmp</core>
<MemPortIdVec></MemPortIdVec>
<condition id="-1">
<or_exp><and_exp></and_exp></or_exp>
</condition>

<Node id="32" bw="1" op_0_bw="4" op_1_bw="4">
<![CDATA[
bb.i:7 %icmp_ln372 = icmp_eq  i4 %indvar_flatten, i4

]]></Node>
<StgValue><ssdm name="icmp_ln372"/></StgValue>
</operation>

<operation id="32" st_id="2" stage="1" lat="1">
<core>Adder</core>
<MemPortIdVec></MemPortIdVec>
<condition id="-1">
<or_exp><and_exp></and_exp></or_exp>
</condition>

<Node id="33" bw="4" op_0_bw="4" op_1_bw="4">
<![CDATA[
bb.i:8 %add_ln372 = add i4 %indvar_flatten, i4

]]></Node>
<StgValue><ssdm name="add_ln372"/></StgValue>
</operation>

<operation id="33" st_id="2" stage="1" lat="1">
<core>NULL</core>
<MemPortIdVec></MemPortIdVec>
<condition id="-1">
<or_exp><and_exp></and_exp></or_exp>
</condition>

<Node id="34" bw="0" op_0_bw="1" op_1_bw="0" op_2_bw="0">
<![CDATA[
bb.i:9 %br_ln372 = br i1 %icmp_ln372, void %.split.i, void %.exit

]]></Node>
<StgValue><ssdm name="br_ln372"/></StgValue>
</operation>

<operation id="34" st_id="2" stage="1" lat="1">
<core>Cmp</core>
<MemPortIdVec></MemPortIdVec>
<condition id="-1">
<or_exp><and_exp><literal name="icmp_ln372" val="0"/>
</and_exp></or_exp>
</condition>

<Node id="38" bw="1" op_0_bw="2" op_1_bw="2">
<![CDATA[
.split.i:2 %icmp_ln373 = icmp_eq  i2 %j, i2

]]></Node>
<StgValue><ssdm name="icmp_ln373"/></StgValue>
</operation>

<operation id="35" st_id="2" stage="1" lat="1">
<core>Sel</core>
<MemPortIdVec></MemPortIdVec>
<condition id="-1">
<or_exp><and_exp><literal name="icmp_ln372" val="0"/>
</and_exp></or_exp>
</condition>

<Node id="39" bw="2" op_0_bw="1" op_1_bw="2" op_2_bw="2">
<![CDATA[
.split.i:3 %select_ln372 = select i1 %icmp_ln373, i2, i2 %j

]]></Node>
<StgValue><ssdm name="select_ln372"/></StgValue>
</operation>

<operation id="36" st_id="2" stage="1" lat="1">
<core>Adder</core>
<MemPortIdVec></MemPortIdVec>
<condition id="-1">
<or_exp><and_exp><literal name="icmp_ln372" val="0"/>
</and_exp></or_exp>
</condition>

<Node id="40" bw="2" op_0_bw="2" op_1_bw="2">
<![CDATA[
.split.i:4 %add_ln372_1 = add i2 %i, i2

]]></Node>
<StgValue><ssdm name="add_ln372_1"/></StgValue>
</operation>

<operation id="37" st_id="2" stage="1" lat="1">
<core>NULL</core>
<MemPortIdVec></MemPortIdVec>
<condition id="-1">
<or_exp><and_exp><literal name="icmp_ln372" val="0"/>
</and_exp></or_exp>
</condition>

<Node id="41" bw="4" op_0_bw="2">
<![CDATA[
.split.i:5 %i_cast_i_mid1 = zext i2 %add_ln372_1

]]></Node>
<StgValue><ssdm name="i_cast_i_mid1"/></StgValue>
</operation>

<operation id="38" st_id="2" stage="1" lat="1">
<core>NULL</core>
<MemPortIdVec></MemPortIdVec>
<condition id="-1">
<or_exp><and_exp><literal name="icmp_ln372" val="0"/>
</and_exp></or_exp>
</condition>

<Node id="42" bw="4" op_0_bw="4" op_1_bw="2" op_2_bw="2">
<![CDATA[
.split.i:6 %p_shl_i_mid1 = bitconcatenate i4 @_ssdm_op_BitConcatenate.i4.i2.i2, i2 %add_ln372_1, i2

]]></Node>
<StgValue><ssdm name="p_shl_i_mid1"/></StgValue>
</operation>

<operation id="39" st_id="2" stage="1" lat="1">
<core>Adder</core>
<MemPortIdVec></MemPortIdVec>
<condition id="-1">
<or_exp><and_exp><literal name="icmp_ln372" val="0"/>
</and_exp></or_exp>
</condition>

<Node id="43" bw="4" op_0_bw="4" op_1_bw="4">
<![CDATA[
.split.i:7 %mul_i_mid1 = sub i4 %p_shl_i_mid1, i4 %i_cast_i_mid1

]]></Node>
<StgValue><ssdm name="mul_i_mid1"/></StgValue>
</operation>

<operation id="40" st_id="2" stage="1" lat="1">
<core>Sel</core>
<MemPortIdVec></MemPortIdVec>
<condition id="-1">
<or_exp><and_exp><literal name="icmp_ln372" val="0"/>
</and_exp></or_exp>
</condition>

<Node id="44" bw="4" op_0_bw="1" op_1_bw="4" op_2_bw="4">
<![CDATA[
.split.i:8 %select_ln372_1 = select i1 %icmp_ln373, i4 %mul_i_mid1, i4 %mul_i

]]></Node>
<StgValue><ssdm name="select_ln372_1"/></StgValue>
</operation>

<operation id="41" st_id="2" stage="1" lat="1">
<core>Sel</core>
<MemPortIdVec></MemPortIdVec>
<condition id="-1">
<or_exp><and_exp><literal name="icmp_ln372" val="0"/>
</and_exp></or_exp>
</condition>

<Node id="46" bw="2" op_0_bw="1" op_1_bw="2" op_2_bw="2">
<![CDATA[
.split.i:10 %select_ln372_2 = select i1 %icmp_ln373, i2 %add_ln372_1, i2 %i

]]></Node>
<StgValue><ssdm name="select_ln372_2"/></StgValue>
</operation>

<operation id="42" st_id="2" stage="1" lat="1">
<core>NULL</core>
<MemPortIdVec></MemPortIdVec>
<condition id="-1">
<or_exp><and_exp><literal name="icmp_ln372" val="0"/>
</and_exp></or_exp>
</condition>

<Node id="48" bw="4" op_0_bw="2">
<![CDATA[
.split.i:12 %zext_ln374 = zext i2 %select_ln372

]]></Node>
<StgValue><ssdm name="zext_ln374"/></StgValue>
</operation>

<operation id="43" st_id="2" stage="1" lat="1">
<core>Adder</core>
<MemPortIdVec></MemPortIdVec>
<condition id="-1">
<or_exp><and_exp><literal name="icmp_ln372" val="0"/>
</and_exp></or_exp>
</condition>

<Node id="49" bw="4" op_0_bw="4" op_1_bw="4">
<![CDATA[
.split.i:13 %add_ln374 = add i4 %zext_ln374, i4 %select_ln372_1

]]></Node>
<StgValue><ssdm name="add_ln374"/></StgValue>
</operation>

<operation id="44" st_id="2" stage="1" lat="1">
<core>NULL</core>
<MemPortIdVec></MemPortIdVec>
<condition id="-1">
<or_exp><and_exp><literal name="icmp_ln372" val="0"/>
</and_exp></or_exp>
</condition>

<Node id="50" bw="64" op_0_bw="4">
<![CDATA[
.split.i:14 %zext_ln374_1 = zext i4 %add_ln374

]]></Node>
<StgValue><ssdm name="zext_ln374_1"/></StgValue>
</operation>

<operation id="45" st_id="2" stage="1" lat="1">
<core>NULL</core>
<MemPortIdVec></MemPortIdVec>
<condition id="-1">
<or_exp><and_exp><literal name="icmp_ln372" val="0"/>
</and_exp></or_exp>
</condition>

<Node id="51" bw="4" op_0_bw="8" op_1_bw="64" op_2_bw="64">
<![CDATA[
.split.i:15 %p_kernel_addr = getelementptr i8 %p_kernel, i64, i64 %zext_ln374_1

]]></Node>
<StgValue><ssdm name="p_kernel_addr"/></StgValue>
</operation>

<operation id="46" st_id="2" stage="2" lat="2">
<core>RAM</core>
<MemPortIdVec>0 </MemPortIdVec>
<condition id="-1">
<or_exp><and_exp><literal name="icmp_ln372" val="0"/>
</and_exp></or_exp>
</condition>

<Node id="52" bw="8" op_0_bw="4">
<![CDATA[
.split.i:16 %kernel_2_0 = load i4 %p_kernel_addr

]]></Node>
<StgValue><ssdm name="kernel_2_0"/></StgValue>
</operation>

<operation id="47" st_id="2" stage="1" lat="1">
<core>NULL</core>
<MemPortIdVec></MemPortIdVec>
<condition id="-1">
<or_exp><and_exp><literal name="icmp_ln372" val="0"/>
</and_exp></or_exp>
</condition>

<Node id="53" bw="0" op_0_bw="2" op_1_bw="0" op_2_bw="2" op_3_bw="0" op_4_bw="2" op_5_bw="0">
<![CDATA[
.split.i:17 %switch_ln374 = switch i2 %select_ln372_2, void %branch2.i, i2, void %branch0.i, i2, void %branch1.i

]]></Node>
<StgValue><ssdm name="switch_ln374"/></StgValue>
</operation>

<operation id="48" st_id="2" stage="1" lat="1">
<core>NULL</core>
<MemPortIdVec></MemPortIdVec>
<condition id="-1">
<or_exp><and_exp><literal name="icmp_ln372" val="0"/>
<literal name="select_ln372_2" val="1"/>
</and_exp></or_exp>
</condition>

<Node id="55" bw="0" op_0_bw="2" op_1_bw="0" op_2_bw="2" op_3_bw="0" op_4_bw="2" op_5_bw="0">
<![CDATA[
branch1.i:0 %switch_ln374 = switch i2 %select_ln372, void %branch8.i, i2, void %branch1.i.bb.split4.i_crit_edge, i2, void %branch7.i

]]></Node>
<StgValue><ssdm name="switch_ln374"/></StgValue>
</operation>

<operation id="49" st_id="2" stage="1" lat="1">
<core>NULL</core>
<MemPortIdVec></MemPortIdVec>
<condition id="-1">
<or_exp><and_exp><literal name="icmp_ln372" val="0"/>
<literal name="select_ln372_2" val="0"/>
</and_exp></or_exp>
</condition>

<Node id="66" bw="0" op_0_bw="2" op_1_bw="0" op_2_bw="2" op_3_bw="0" op_4_bw="2" op_5_bw="0">
<![CDATA[
branch0.i:0 %switch_ln374 = switch i2 %select_ln372, void %branch5.i, i2, void %branch0.i.bb.split4.i_crit_edge, i2, void %branch4.i

]]></Node>
<StgValue><ssdm name="switch_ln374"/></StgValue>
</operation>

<operation id="50" st_id="2" stage="1" lat="1">
<core>NULL</core>
<MemPortIdVec></MemPortIdVec>
<condition id="-1">
<or_exp><and_exp><literal name="icmp_ln372" val="0"/>
<literal name="select_ln372_2" val="!0"/>
<literal name="select_ln372_2" val="!1"/>
</and_exp></or_exp>
</condition>

<Node id="77" bw="0" op_0_bw="2" op_1_bw="0" op_2_bw="2" op_3_bw="0" op_4_bw="2" op_5_bw="0">
<![CDATA[
branch2.i:0 %switch_ln374 = switch i2 %select_ln372, void %branch11.i, i2, void %branch2.i.bb.split4.i_crit_edge, i2, void %branch10.i

]]></Node>
<StgValue><ssdm name="switch_ln374"/></StgValue>
</operation>

<operation id="51" st_id="2" stage="1" lat="1">
<core>Adder</core>
<MemPortIdVec></MemPortIdVec>
<condition id="-1">
<or_exp><and_exp><literal name="icmp_ln372" val="0"/>
</and_exp></or_exp>
</condition>

<Node id="88" bw="2" op_0_bw="2" op_1_bw="2">
<![CDATA[
bb.split4.i:0 %add_ln373 = add i2 %select_ln372, i2

]]></Node>
<StgValue><ssdm name="add_ln373"/></StgValue>
</operation>

<operation id="52" st_id="2" stage="1" lat="1">
<core>NULL</core>
<MemPortIdVec></MemPortIdVec>
<condition id="-1">
<or_exp><and_exp><literal name="icmp_ln372" val="0"/>
</and_exp></or_exp>
</condition>

<Node id="89" bw="0" op_0_bw="0">
<![CDATA[
bb.split4.i:1 %br_ln0 = br void %bb.i

]]></Node>
<StgValue><ssdm name="br_ln0"/></StgValue>
</operation>
</state>

<state id="3" st_id="3">

<operation id="53" st_id="3" stage="1" lat="1">
<core>NULL</core>
<MemPortIdVec></MemPortIdVec>
<condition id="-1">
<or_exp><and_exp><literal name="icmp_ln372" val="0"/>
</and_exp></or_exp>
</condition>

<Node id="36" bw="0" op_0_bw="0" op_1_bw="0">
<![CDATA[
.split.i:0 %specloopname_ln0 = specloopname void @_ssdm_op_SpecLoopName, void @VITIS_LOOP_372_3_VITIS_LOOP_373_4_str

]]></Node>
<StgValue><ssdm name="specloopname_ln0"/></StgValue>
</operation>

<operation id="54" st_id="3" stage="1" lat="1">
<core>NULL</core>
<MemPortIdVec></MemPortIdVec>
<condition id="-1">
<or_exp><and_exp><literal name="icmp_ln372" val="0"/>
</and_exp></or_exp>
</condition>

<Node id="37" bw="0" op_0_bw="0" op_1_bw="64" op_2_bw="64" op_3_bw="64">
<![CDATA[
.split.i:1 %speclooptripcount_ln0 = speclooptripcount void @_ssdm_op_SpecLoopTripCount, i64, i64, i64

]]></Node>
<StgValue><ssdm name="speclooptripcount_ln0"/></StgValue>
</operation>

<operation id="55" st_id="3" stage="1" lat="1">
<core>NULL</core>
<MemPortIdVec></MemPortIdVec>
<condition id="-1">
<or_exp><and_exp><literal name="icmp_ln372" val="0"/>
</and_exp></or_exp>
</condition>

<Node id="45" bw="0" op_0_bw="0" op_1_bw="32" op_2_bw="32" op_3_bw="32" op_4_bw="32" op_5_bw="0">
<![CDATA[
.split.i:9 %specpipeline_ln0 = specpipeline void @_ssdm_op_SpecPipeline, i32, i32, i32, i32, void @p_str9

]]></Node>
<StgValue><ssdm name="specpipeline_ln0"/></StgValue>
</operation>

<operation id="56" st_id="3" stage="1" lat="1">
<core>NULL</core>
<MemPortIdVec></MemPortIdVec>
<condition id="-1">
<or_exp><and_exp><literal name="icmp_ln372" val="0"/>
</and_exp></or_exp>
</condition>

<Node id="47" bw="0" op_0_bw="0" op_1_bw="0">
<![CDATA[
.split.i:11 %specloopname_ln373 = specloopname void @_ssdm_op_SpecLoopName, void @empty_3

]]></Node>
<StgValue><ssdm name="specloopname_ln373"/></StgValue>
</operation>

<operation id="57" st_id="3" stage="1" lat="2">
<core>RAM</core>
<MemPortIdVec>0 </MemPortIdVec>
<condition id="-1">
<or_exp><and_exp><literal name="icmp_ln372" val="0"/>
</and_exp></or_exp>
</condition>

<Node id="52" bw="8" op_0_bw="4">
<![CDATA[
.split.i:16 %kernel_2_0 = load i4 %p_kernel_addr

]]></Node>
<StgValue><ssdm name="kernel_2_0"/></StgValue>
</operation>

<operation id="58" st_id="3" stage="1" lat="1">
<core>NULL</core>
<MemPortIdVec></MemPortIdVec>
<condition id="-1">
<or_exp><and_exp><literal name="select_ln372_2" val="1"/>
<literal name="select_ln372" val="1"/>
</and_exp></or_exp>
</condition>

<Node id="57" bw="0" op_0_bw="8" op_1_bw="8">
<![CDATA[
branch7.i:0 %store_ln374 = store i8 %kernel_2_0, i8 %kernel_2_2_4

]]></Node>
<StgValue><ssdm name="store_ln374"/></StgValue>
</operation>

<operation id="59" st_id="3" stage="1" lat="1">
<core>NULL</core>
<MemPortIdVec></MemPortIdVec>
<condition id="-1">
<or_exp><and_exp><literal name="select_ln372_2" val="1"/>
<literal name="select_ln372" val="1"/>
</and_exp></or_exp>
</condition>

<Node id="58" bw="0" op_0_bw="0">
<![CDATA[
branch7.i:1 %br_ln374 = br void %bb.split4.i

]]></Node>
<StgValue><ssdm name="br_ln374"/></StgValue>
</operation>

<operation id="60" st_id="3" stage="1" lat="1">
<core>NULL</core>
<MemPortIdVec></MemPortIdVec>
<condition id="-1">
<or_exp><and_exp><literal name="select_ln372_2" val="1"/>
<literal name="select_ln372" val="0"/>
</and_exp></or_exp>
</condition>

<Node id="60" bw="0" op_0_bw="8" op_1_bw="8">
<![CDATA[
branch1.i.bb.split4.i_crit_edge:0 %store_ln374 = store i8 %kernel_2_0, i8 %kernel_2_2_3

]]></Node>
<StgValue><ssdm name="store_ln374"/></StgValue>
</operation>

<operation id="61" st_id="3" stage="1" lat="1">
<core>NULL</core>
<MemPortIdVec></MemPortIdVec>
<condition id="-1">
<or_exp><and_exp><literal name="select_ln372_2" val="1"/>
<literal name="select_ln372" val="0"/>
</and_exp></or_exp>
</condition>

<Node id="61" bw="0" op_0_bw="0">
<![CDATA[
branch1.i.bb.split4.i_crit_edge:1 %br_ln374 = br void %bb.split4.i

]]></Node>
<StgValue><ssdm name="br_ln374"/></StgValue>
</operation>

<operation id="62" st_id="3" stage="1" lat="1">
<core>NULL</core>
<MemPortIdVec></MemPortIdVec>
<condition id="-1">
<or_exp><and_exp><literal name="select_ln372_2" val="1"/>
<literal name="select_ln372" val="!0"/>
<literal name="select_ln372" val="!1"/>
</and_exp></or_exp>
</condition>

<Node id="63" bw="0" op_0_bw="8" op_1_bw="8">
<![CDATA[
branch8.i:0 %store_ln374 = store i8 %kernel_2_0, i8 %kernel_2_2_5

]]></Node>
<StgValue><ssdm name="store_ln374"/></StgValue>
</operation>

<operation id="63" st_id="3" stage="1" lat="1">
<core>NULL</core>
<MemPortIdVec></MemPortIdVec>
<condition id="-1">
<or_exp><and_exp><literal name="select_ln372_2" val="1"/>
<literal name="select_ln372" val="!0"/>
<literal name="select_ln372" val="!1"/>
</and_exp></or_exp>
</condition>

<Node id="64" bw="0" op_0_bw="0">
<![CDATA[
branch8.i:1 %br_ln374 = br void %bb.split4.i

]]></Node>
<StgValue><ssdm name="br_ln374"/></StgValue>
</operation>

<operation id="64" st_id="3" stage="1" lat="1">
<core>NULL</core>
<MemPortIdVec></MemPortIdVec>
<condition id="-1">
<or_exp><and_exp><literal name="select_ln372_2" val="0"/>
<literal name="select_ln372" val="1"/>
</and_exp></or_exp>
</condition>

<Node id="68" bw="0" op_0_bw="8" op_1_bw="8">
<![CDATA[
branch4.i:0 %store_ln374 = store i8 %kernel_2_0, i8 %kernel_2_2_1

]]></Node>
<StgValue><ssdm name="store_ln374"/></StgValue>
</operation>

<operation id="65" st_id="3" stage="1" lat="1">
<core>NULL</core>
<MemPortIdVec></MemPortIdVec>
<condition id="-1">
<or_exp><and_exp><literal name="select_ln372_2" val="0"/>
<literal name="select_ln372" val="1"/>
</and_exp></or_exp>
</condition>

<Node id="69" bw="0" op_0_bw="0">
<![CDATA[
branch4.i:1 %br_ln374 = br void %bb.split4.i

]]></Node>
<StgValue><ssdm name="br_ln374"/></StgValue>
</operation>

<operation id="66" st_id="3" stage="1" lat="1">
<core>NULL</core>
<MemPortIdVec></MemPortIdVec>
<condition id="-1">
<or_exp><and_exp><literal name="select_ln372_2" val="0"/>
<literal name="select_ln372" val="0"/>
</and_exp></or_exp>
</condition>

<Node id="71" bw="0" op_0_bw="8" op_1_bw="8">
<![CDATA[
branch0.i.bb.split4.i_crit_edge:0 %store_ln374 = store i8 %kernel_2_0, i8 %kernel_2_2

]]></Node>
<StgValue><ssdm name="store_ln374"/></StgValue>
</operation>

<operation id="67" st_id="3" stage="1" lat="1">
<core>NULL</core>
<MemPortIdVec></MemPortIdVec>
<condition id="-1">
<or_exp><and_exp><literal name="select_ln372_2" val="0"/>
<literal name="select_ln372" val="0"/>
</and_exp></or_exp>
</condition>

<Node id="72" bw="0" op_0_bw="0">
<![CDATA[
branch0.i.bb.split4.i_crit_edge:1 %br_ln374 = br void %bb.split4.i

]]></Node>
<StgValue><ssdm name="br_ln374"/></StgValue>
</operation>

<operation id="68" st_id="3" stage="1" lat="1">
<core>NULL</core>
<MemPortIdVec></MemPortIdVec>
<condition id="-1">
<or_exp><and_exp><literal name="select_ln372_2" val="0"/>
<literal name="select_ln372" val="!0"/>
<literal name="select_ln372" val="!1"/>
</and_exp></or_exp>
</condition>

<Node id="74" bw="0" op_0_bw="8" op_1_bw="8">
<![CDATA[
branch5.i:0 %store_ln374 = store i8 %kernel_2_0, i8 %kernel_2_2_2

]]></Node>
<StgValue><ssdm name="store_ln374"/></StgValue>
</operation>

<operation id="69" st_id="3" stage="1" lat="1">
<core>NULL</core>
<MemPortIdVec></MemPortIdVec>
<condition id="-1">
<or_exp><and_exp><literal name="select_ln372_2" val="0"/>
<literal name="select_ln372" val="!0"/>
<literal name="select_ln372" val="!1"/>
</and_exp></or_exp>
</condition>

<Node id="75" bw="0" op_0_bw="0">
<![CDATA[
branch5.i:1 %br_ln374 = br void %bb.split4.i

]]></Node>
<StgValue><ssdm name="br_ln374"/></StgValue>
</operation>

<operation id="70" st_id="3" stage="1" lat="1">
<core>NULL</core>
<MemPortIdVec></MemPortIdVec>
<condition id="-1">
<or_exp><and_exp><literal name="select_ln372_2" val="!0"/>
<literal name="select_ln372_2" val="!1"/>
<literal name="select_ln372" val="1"/>
</and_exp></or_exp>
</condition>

<Node id="79" bw="0" op_0_bw="8" op_1_bw="8">
<![CDATA[
branch10.i:0 %store_ln374 = store i8 %kernel_2_0, i8 %kernel_2_2_7

]]></Node>
<StgValue><ssdm name="store_ln374"/></StgValue>
</operation>

<operation id="71" st_id="3" stage="1" lat="1">
<core>NULL</core>
<MemPortIdVec></MemPortIdVec>
<condition id="-1">
<or_exp><and_exp><literal name="select_ln372_2" val="!0"/>
<literal name="select_ln372_2" val="!1"/>
<literal name="select_ln372" val="1"/>
</and_exp></or_exp>
</condition>

<Node id="80" bw="0" op_0_bw="0">
<![CDATA[
branch10.i:1 %br_ln374 = br void %bb.split4.i

]]></Node>
<StgValue><ssdm name="br_ln374"/></StgValue>
</operation>

<operation id="72" st_id="3" stage="1" lat="1">
<core>NULL</core>
<MemPortIdVec></MemPortIdVec>
<condition id="-1">
<or_exp><and_exp><literal name="select_ln372_2" val="!0"/>
<literal name="select_ln372_2" val="!1"/>
<literal name="select_ln372" val="0"/>
</and_exp></or_exp>
</condition>

<Node id="82" bw="0" op_0_bw="8" op_1_bw="8">
<![CDATA[
branch2.i.bb.split4.i_crit_edge:0 %store_ln374 = store i8 %kernel_2_0, i8 %kernel_2_2_6

]]></Node>
<StgValue><ssdm name="store_ln374"/></StgValue>
</operation>

<operation id="73" st_id="3" stage="1" lat="1">
<core>NULL</core>
<MemPortIdVec></MemPortIdVec>
<condition id="-1">
<or_exp><and_exp><literal name="select_ln372_2" val="!0"/>
<literal name="select_ln372_2" val="!1"/>
<literal name="select_ln372" val="0"/>
</and_exp></or_exp>
</condition>

<Node id="83" bw="0" op_0_bw="0">
<![CDATA[
branch2.i.bb.split4.i_crit_edge:1 %br_ln374 = br void %bb.split4.i

]]></Node>
<StgValue><ssdm name="br_ln374"/></StgValue>
</operation>

<operation id="74" st_id="3" stage="1" lat="1">
<core>NULL</core>
<MemPortIdVec></MemPortIdVec>
<condition id="-1">
<or_exp><and_exp><literal name="select_ln372_2" val="!0"/>
<literal name="select_ln372_2" val="!1"/>
<literal name="select_ln372" val="!0"/>
<literal name="select_ln372" val="!1"/>
</and_exp></or_exp>
</condition>

<Node id="85" bw="0" op_0_bw="8" op_1_bw="8">
<![CDATA[
branch11.i:0 %store_ln374 = store i8 %kernel_2_0, i8 %kernel_2_2_8

]]></Node>
<StgValue><ssdm name="store_ln374"/></StgValue>
</operation>

<operation id="75" st_id="3" stage="1" lat="1">
<core>NULL</core>
<MemPortIdVec></MemPortIdVec>
<condition id="-1">
<or_exp><and_exp><literal name="select_ln372_2" val="!0"/>
<literal name="select_ln372_2" val="!1"/>
<literal name="select_ln372" val="!0"/>
<literal name="select_ln372" val="!1"/>
</and_exp></or_exp>
</condition>

<Node id="86" bw="0" op_0_bw="0">
<![CDATA[
branch11.i:1 %br_ln374 = br void %bb.split4.i

]]></Node>
<StgValue><ssdm name="br_ln374"/></StgValue>
</operation>
</state>

<state id="4" st_id="4">

<operation id="76" st_id="4" stage="1" lat="1">
<core>NULL</core>
<MemPortIdVec></MemPortIdVec>
<condition id="-1">
<or_exp><and_exp></and_exp></or_exp>
</condition>

<Node id="91" bw="8" op_0_bw="8">
<![CDATA[
.exit:0 %kernel_2_2_load = load i8 %kernel_2_2

]]></Node>
<StgValue><ssdm name="kernel_2_2_load"/></StgValue>
</operation>

<operation id="77" st_id="4" stage="1" lat="1">
<core>NULL</core>
<MemPortIdVec></MemPortIdVec>
<condition id="-1">
<or_exp><and_exp></and_exp></or_exp>
</condition>

<Node id="92" bw="8" op_0_bw="8">
<![CDATA[
.exit:1 %kernel_2_2_1_load = load i8 %kernel_2_2_1

]]></Node>
<StgValue><ssdm name="kernel_2_2_1_load"/></StgValue>
</operation>

<operation id="78" st_id="4" stage="1" lat="1">
<core>NULL</core>
<MemPortIdVec></MemPortIdVec>
<condition id="-1">
<or_exp><and_exp></and_exp></or_exp>
</condition>

<Node id="93" bw="8" op_0_bw="8">
<![CDATA[
.exit:2 %kernel_2_2_2_load = load i8 %kernel_2_2_2

]]></Node>
<StgValue><ssdm name="kernel_2_2_2_load"/></StgValue>
</operation>

<operation id="79" st_id="4" stage="1" lat="1">
<core>NULL</core>
<MemPortIdVec></MemPortIdVec>
<condition id="-1">
<or_exp><and_exp></and_exp></or_exp>
</condition>

<Node id="94" bw="8" op_0_bw="8">
<![CDATA[
.exit:3 %kernel_2_2_3_load = load i8 %kernel_2_2_3

]]></Node>
<StgValue><ssdm name="kernel_2_2_3_load"/></StgValue>
</operation>

<operation id="80" st_id="4" stage="1" lat="1">
<core>NULL</core>
<MemPortIdVec></MemPortIdVec>
<condition id="-1">
<or_exp><and_exp></and_exp></or_exp>
</condition>

<Node id="95" bw="8" op_0_bw="8">
<![CDATA[
.exit:4 %kernel_2_2_4_load = load i8 %kernel_2_2_4

]]></Node>
<StgValue><ssdm name="kernel_2_2_4_load"/></StgValue>
</operation>

<operation id="81" st_id="4" stage="1" lat="1">
<core>NULL</core>
<MemPortIdVec></MemPortIdVec>
<condition id="-1">
<or_exp><and_exp></and_exp></or_exp>
</condition>

<Node id="96" bw="8" op_0_bw="8">
<![CDATA[
.exit:5 %kernel_2_2_5_load = load i8 %kernel_2_2_5

]]></Node>
<StgValue><ssdm name="kernel_2_2_5_load"/></StgValue>
</operation>

<operation id="82" st_id="4" stage="1" lat="1">
<core>NULL</core>
<MemPortIdVec></MemPortIdVec>
<condition id="-1">
<or_exp><and_exp></and_exp></or_exp>
</condition>

<Node id="97" bw="8" op_0_bw="8">
<![CDATA[
.exit:6 %kernel_2_2_6_load = load i8 %kernel_2_2_6

]]></Node>
<StgValue><ssdm name="kernel_2_2_6_load"/></StgValue>
</operation>

<operation id="83" st_id="4" stage="1" lat="1">
<core>NULL</core>
<MemPortIdVec></MemPortIdVec>
<condition id="-1">
<or_exp><and_exp></and_exp></or_exp>
</condition>

<Node id="98" bw="8" op_0_bw="8">
<![CDATA[
.exit:7 %kernel_2_2_7_load = load i8 %kernel_2_2_7

]]></Node>
<StgValue><ssdm name="kernel_2_2_7_load"/></StgValue>
</operation>

<operation id="84" st_id="4" stage="1" lat="1">
<core>NULL</core>
<MemPortIdVec></MemPortIdVec>
<condition id="-1">
<or_exp><and_exp></and_exp></or_exp>
</condition>

<Node id="99" bw="8" op_0_bw="8">
<![CDATA[
.exit:8 %kernel_2_2_8_load = load i8 %kernel_2_2_8

]]></Node>
<StgValue><ssdm name="kernel_2_2_8_load"/></StgValue>
</operation>

<operation id="85" st_id="4" stage="1" lat="1">
<core>NULL</core>
<MemPortIdVec></MemPortIdVec>
<condition id="-1">
<or_exp><and_exp></and_exp></or_exp>
</condition>

<Node id="100" bw="16" op_0_bw="32">
<![CDATA[
.exit:9 %trunc_ln344 = trunc i32 %p_src_1_read

]]></Node>
<StgValue><ssdm name="trunc_ln344"/></StgValue>
</operation>

<operation id="86" st_id="4" stage="1" lat="1">
<core>NULL</core>
<MemPortIdVec></MemPortIdVec>
<condition id="-1">
<or_exp><and_exp></and_exp></or_exp>
</condition>

<Node id="101" bw="16" op_0_bw="32">
<![CDATA[
.exit:10 %trunc_ln345 = trunc i32 %p_src_2_read

]]></Node>
<StgValue><ssdm name="trunc_ln345"/></StgValue>
</operation>

<operation id="87" st_id="4" stage="2" lat="2">
<core></core>
<MemPortIdVec></MemPortIdVec>
<condition id="-1">
<or_exp><and_exp></and_exp></or_exp>
</condition>

<Node id="102" bw="0" op_0_bw="0" op_1_bw="8" op_2_bw="8" op_3_bw="16" op_4_bw="16" op_5_bw="8" op_6_bw="8" op_7_bw="8" op_8_bw="8" op_9_bw="8" op_10_bw="8" op_11_bw="8" op_12_bw="8" op_13_bw="8">
<![CDATA[
.exit:11 %call_ln377 = call void @xferode<128, 128, 1, 0, 1, 0, 129, 3, 3>, i8 %imgInput_417, i8 %imgOutput_418, i16 %trunc_ln344, i16 %trunc_ln345, i8 %kernel_2_2_load, i8 %kernel_2_2_1_load, i8 %kernel_2_2_2_load, i8 %kernel_2_2_3_load, i8 %kernel_2_2_4_load, i8 %kernel_2_2_5_load, i8 %kernel_2_2_6_load, i8 %kernel_2_2_7_load, i8 %kernel_2_2_8_load

]]></Node>
<StgValue><ssdm name="call_ln377"/></StgValue>
</operation>
</state>

<state id="5" st_id="5">

<operation id="88" st_id="5" stage="1" lat="2">
<core></core>
<MemPortIdVec></MemPortIdVec>
<condition id="-1">
<or_exp><and_exp></and_exp></or_exp>
</condition>

<Node id="102" bw="0" op_0_bw="0" op_1_bw="8" op_2_bw="8" op_3_bw="16" op_4_bw="16" op_5_bw="8" op_6_bw="8" op_7_bw="8" op_8_bw="8" op_9_bw="8" op_10_bw="8" op_11_bw="8" op_12_bw="8" op_13_bw="8">
<![CDATA[
.exit:11 %call_ln377 = call void @xferode<128, 128, 1, 0, 1, 0, 129, 3, 3>, i8 %imgInput_417, i8 %imgOutput_418, i16 %trunc_ln344, i16 %trunc_ln345, i8 %kernel_2_2_load, i8 %kernel_2_2_1_load, i8 %kernel_2_2_2_load, i8 %kernel_2_2_3_load, i8 %kernel_2_2_4_load, i8 %kernel_2_2_5_load, i8 %kernel_2_2_6_load, i8 %kernel_2_2_7_load, i8 %kernel_2_2_8_load

]]></Node>
<StgValue><ssdm name="call_ln377"/></StgValue>
</operation>

<operation id="89" st_id="5" stage="1" lat="1">
<core>NULL</core>
<MemPortIdVec></MemPortIdVec>
<condition id="-1">
<or_exp><and_exp></and_exp></or_exp>
</condition>

<Node id="103" bw="0">
<![CDATA[
.exit:12 %ret_ln0 = ret

]]></Node>
<StgValue><ssdm name="ret_ln0"/></StgValue>
</operation>
</state>
</state_list>


<ports>
<port id="103" name="imgInput_417" dir="0" iftype="3">
<core>FIFO_SRL</core><StgValue><ssdm name="imgInput_417"/></StgValue>
</port>
<port id="104" name="imgOutput_418" dir="1" iftype="3">
<core>FIFO_SRL</core><StgValue><ssdm name="imgOutput_418"/></StgValue>
</port>
<port id="105" name="p_src_1" dir="0" iftype="3">
<core>FIFO_SRL</core><StgValue><ssdm name="p_src_1"/></StgValue>
</port>
<port id="106" name="p_src_2" dir="0" iftype="3">
<core>FIFO_SRL</core><StgValue><ssdm name="p_src_2"/></StgValue>
</port>
<port id="107" name="p_kernel" dir="0" iftype="1">
<core>RAM</core><StgValue><ssdm name="p_kernel"/><MemPortTyVec>1 3 </MemPortTyVec>
</StgValue>
</port>
</ports>


<dataflows>
<dataflow id="109" from="StgValue_108" to="kernel_2_2" fromId="108" toId="6">
</dataflow>
<dataflow id="110" from="StgValue_108" to="kernel_2_2_1" fromId="108" toId="7">
</dataflow>
<dataflow id="111" from="StgValue_108" to="kernel_2_2_2" fromId="108" toId="8">
</dataflow>
<dataflow id="112" from="StgValue_108" to="kernel_2_2_3" fromId="108" toId="9">
</dataflow>
<dataflow id="113" from="StgValue_108" to="kernel_2_2_4" fromId="108" toId="10">
</dataflow>
<dataflow id="114" from="StgValue_108" to="kernel_2_2_5" fromId="108" toId="11">
</dataflow>
<dataflow id="115" from="StgValue_108" to="kernel_2_2_6" fromId="108" toId="12">
</dataflow>
<dataflow id="116" from="StgValue_108" to="kernel_2_2_7" fromId="108" toId="13">
</dataflow>
<dataflow id="117" from="StgValue_108" to="kernel_2_2_8" fromId="108" toId="14">
</dataflow>
<dataflow id="119" from="_ssdm_op_SpecInterface" to="specinterface_ln0" fromId="118" toId="15">
</dataflow>
<dataflow id="120" from="imgInput_417" to="specinterface_ln0" fromId="103" toId="15">
</dataflow>
<dataflow id="122" from="empty_0" to="specinterface_ln0" fromId="121" toId="15">
</dataflow>
<dataflow id="124" from="StgValue_123" to="specinterface_ln0" fromId="123" toId="15">
</dataflow>
<dataflow id="125" from="StgValue_123" to="specinterface_ln0" fromId="123" toId="15">
</dataflow>
<dataflow id="127" from="empty_21" to="specinterface_ln0" fromId="126" toId="15">
</dataflow>
<dataflow id="128" from="StgValue_123" to="specinterface_ln0" fromId="123" toId="15">
</dataflow>
<dataflow id="129" from="StgValue_123" to="specinterface_ln0" fromId="123" toId="15">
</dataflow>
<dataflow id="130" from="empty_21" to="specinterface_ln0" fromId="126" toId="15">
</dataflow>
<dataflow id="131" from="empty_21" to="specinterface_ln0" fromId="126" toId="15">
</dataflow>
<dataflow id="132" from="empty_21" to="specinterface_ln0" fromId="126" toId="15">
</dataflow>
<dataflow id="133" from="StgValue_123" to="specinterface_ln0" fromId="123" toId="15">
</dataflow>
<dataflow id="134" from="StgValue_123" to="specinterface_ln0" fromId="123" toId="15">
</dataflow>
<dataflow id="135" from="StgValue_123" to="specinterface_ln0" fromId="123" toId="15">
</dataflow>
<dataflow id="136" from="StgValue_123" to="specinterface_ln0" fromId="123" toId="15">
</dataflow>
<dataflow id="137" from="empty_21" to="specinterface_ln0" fromId="126" toId="15">
</dataflow>
<dataflow id="138" from="empty_21" to="specinterface_ln0" fromId="126" toId="15">
</dataflow>
<dataflow id="139" from="_ssdm_op_SpecInterface" to="specinterface_ln0" fromId="118" toId="16">
</dataflow>
<dataflow id="140" from="imgOutput_418" to="specinterface_ln0" fromId="104" toId="16">
</dataflow>
<dataflow id="141" from="empty_0" to="specinterface_ln0" fromId="121" toId="16">
</dataflow>
<dataflow id="142" from="StgValue_123" to="specinterface_ln0" fromId="123" toId="16">
</dataflow>
<dataflow id="143" from="StgValue_123" to="specinterface_ln0" fromId="123" toId="16">
</dataflow>
<dataflow id="144" from="empty_21" to="specinterface_ln0" fromId="126" toId="16">
</dataflow>
<dataflow id="145" from="StgValue_123" to="specinterface_ln0" fromId="123" toId="16">
</dataflow>
<dataflow id="146" from="StgValue_123" to="specinterface_ln0" fromId="123" toId="16">
</dataflow>
<dataflow id="147" from="empty_21" to="specinterface_ln0" fromId="126" toId="16">
</dataflow>
<dataflow id="148" from="empty_21" to="specinterface_ln0" fromId="126" toId="16">
</dataflow>
<dataflow id="149" from="empty_21" to="specinterface_ln0" fromId="126" toId="16">
</dataflow>
<dataflow id="150" from="StgValue_123" to="specinterface_ln0" fromId="123" toId="16">
</dataflow>
<dataflow id="151" from="StgValue_123" to="specinterface_ln0" fromId="123" toId="16">
</dataflow>
<dataflow id="152" from="StgValue_123" to="specinterface_ln0" fromId="123" toId="16">
</dataflow>
<dataflow id="153" from="StgValue_123" to="specinterface_ln0" fromId="123" toId="16">
</dataflow>
<dataflow id="154" from="empty_21" to="specinterface_ln0" fromId="126" toId="16">
</dataflow>
<dataflow id="155" from="empty_21" to="specinterface_ln0" fromId="126" toId="16">
</dataflow>
<dataflow id="156" from="_ssdm_op_SpecInterface" to="specinterface_ln0" fromId="118" toId="17">
</dataflow>
<dataflow id="157" from="p_src_1" to="specinterface_ln0" fromId="105" toId="17">
</dataflow>
<dataflow id="159" from="ap_fifo_str" to="specinterface_ln0" fromId="158" toId="17">
</dataflow>
<dataflow id="160" from="StgValue_123" to="specinterface_ln0" fromId="123" toId="17">
</dataflow>
<dataflow id="161" from="StgValue_123" to="specinterface_ln0" fromId="123" toId="17">
</dataflow>
<dataflow id="163" from="p_str" to="specinterface_ln0" fromId="162" toId="17">
</dataflow>
<dataflow id="164" from="StgValue_123" to="specinterface_ln0" fromId="123" toId="17">
</dataflow>
<dataflow id="165" from="StgValue_123" to="specinterface_ln0" fromId="123" toId="17">
</dataflow>
<dataflow id="166" from="p_str" to="specinterface_ln0" fromId="162" toId="17">
</dataflow>
<dataflow id="167" from="p_str" to="specinterface_ln0" fromId="162" toId="17">
</dataflow>
<dataflow id="168" from="p_str" to="specinterface_ln0" fromId="162" toId="17">
</dataflow>
<dataflow id="170" from="StgValue_169" to="specinterface_ln0" fromId="169" toId="17">
</dataflow>
<dataflow id="171" from="StgValue_169" to="specinterface_ln0" fromId="169" toId="17">
</dataflow>
<dataflow id="173" from="StgValue_172" to="specinterface_ln0" fromId="172" toId="17">
</dataflow>
<dataflow id="174" from="StgValue_172" to="specinterface_ln0" fromId="172" toId="17">
</dataflow>
<dataflow id="175" from="p_str" to="specinterface_ln0" fromId="162" toId="17">
</dataflow>
<dataflow id="177" from="ScalarProp_str" to="specinterface_ln0" fromId="176" toId="17">
</dataflow>
<dataflow id="178" from="_ssdm_op_SpecInterface" to="specinterface_ln0" fromId="118" toId="18">
</dataflow>
<dataflow id="179" from="p_src_2" to="specinterface_ln0" fromId="106" toId="18">
</dataflow>
<dataflow id="180" from="ap_fifo_str" to="specinterface_ln0" fromId="158" toId="18">
</dataflow>
<dataflow id="181" from="StgValue_123" to="specinterface_ln0" fromId="123" toId="18">
</dataflow>
<dataflow id="182" from="StgValue_123" to="specinterface_ln0" fromId="123" toId="18">
</dataflow>
<dataflow id="183" from="p_str" to="specinterface_ln0" fromId="162" toId="18">
</dataflow>
<dataflow id="184" from="StgValue_123" to="specinterface_ln0" fromId="123" toId="18">
</dataflow>
<dataflow id="185" from="StgValue_123" to="specinterface_ln0" fromId="123" toId="18">
</dataflow>
<dataflow id="186" from="p_str" to="specinterface_ln0" fromId="162" toId="18">
</dataflow>
<dataflow id="187" from="p_str" to="specinterface_ln0" fromId="162" toId="18">
</dataflow>
<dataflow id="188" from="p_str" to="specinterface_ln0" fromId="162" toId="18">
</dataflow>
<dataflow id="189" from="StgValue_169" to="specinterface_ln0" fromId="169" toId="18">
</dataflow>
<dataflow id="190" from="StgValue_169" to="specinterface_ln0" fromId="169" toId="18">
</dataflow>
<dataflow id="191" from="StgValue_172" to="specinterface_ln0" fromId="172" toId="18">
</dataflow>
<dataflow id="192" from="StgValue_172" to="specinterface_ln0" fromId="172" toId="18">
</dataflow>
<dataflow id="193" from="p_str" to="specinterface_ln0" fromId="162" toId="18">
</dataflow>
<dataflow id="194" from="ScalarProp_str" to="specinterface_ln0" fromId="176" toId="18">
</dataflow>
<dataflow id="195" from="_ssdm_op_SpecInterface" to="specinterface_ln0" fromId="118" toId="19">
</dataflow>
<dataflow id="196" from="imgOutput_418" to="specinterface_ln0" fromId="104" toId="19">
</dataflow>
<dataflow id="197" from="empty_0" to="specinterface_ln0" fromId="121" toId="19">
</dataflow>
<dataflow id="198" from="StgValue_123" to="specinterface_ln0" fromId="123" toId="19">
</dataflow>
<dataflow id="199" from="StgValue_123" to="specinterface_ln0" fromId="123" toId="19">
</dataflow>
<dataflow id="200" from="empty_21" to="specinterface_ln0" fromId="126" toId="19">
</dataflow>
<dataflow id="201" from="StgValue_123" to="specinterface_ln0" fromId="123" toId="19">
</dataflow>
<dataflow id="202" from="StgValue_123" to="specinterface_ln0" fromId="123" toId="19">
</dataflow>
<dataflow id="203" from="empty_21" to="specinterface_ln0" fromId="126" toId="19">
</dataflow>
<dataflow id="204" from="empty_21" to="specinterface_ln0" fromId="126" toId="19">
</dataflow>
<dataflow id="205" from="empty_21" to="specinterface_ln0" fromId="126" toId="19">
</dataflow>
<dataflow id="206" from="StgValue_123" to="specinterface_ln0" fromId="123" toId="19">
</dataflow>
<dataflow id="207" from="StgValue_123" to="specinterface_ln0" fromId="123" toId="19">
</dataflow>
<dataflow id="208" from="StgValue_123" to="specinterface_ln0" fromId="123" toId="19">
</dataflow>
<dataflow id="209" from="StgValue_123" to="specinterface_ln0" fromId="123" toId="19">
</dataflow>
<dataflow id="210" from="empty_21" to="specinterface_ln0" fromId="126" toId="19">
</dataflow>
<dataflow id="211" from="empty_21" to="specinterface_ln0" fromId="126" toId="19">
</dataflow>
<dataflow id="212" from="_ssdm_op_SpecInterface" to="specinterface_ln0" fromId="118" toId="20">
</dataflow>
<dataflow id="213" from="imgInput_417" to="specinterface_ln0" fromId="103" toId="20">
</dataflow>
<dataflow id="214" from="empty_0" to="specinterface_ln0" fromId="121" toId="20">
</dataflow>
<dataflow id="215" from="StgValue_123" to="specinterface_ln0" fromId="123" toId="20">
</dataflow>
<dataflow id="216" from="StgValue_123" to="specinterface_ln0" fromId="123" toId="20">
</dataflow>
<dataflow id="217" from="empty_21" to="specinterface_ln0" fromId="126" toId="20">
</dataflow>
<dataflow id="218" from="StgValue_123" to="specinterface_ln0" fromId="123" toId="20">
</dataflow>
<dataflow id="219" from="StgValue_123" to="specinterface_ln0" fromId="123" toId="20">
</dataflow>
<dataflow id="220" from="empty_21" to="specinterface_ln0" fromId="126" toId="20">
</dataflow>
<dataflow id="221" from="empty_21" to="specinterface_ln0" fromId="126" toId="20">
</dataflow>
<dataflow id="222" from="empty_21" to="specinterface_ln0" fromId="126" toId="20">
</dataflow>
<dataflow id="223" from="StgValue_123" to="specinterface_ln0" fromId="123" toId="20">
</dataflow>
<dataflow id="224" from="StgValue_123" to="specinterface_ln0" fromId="123" toId="20">
</dataflow>
<dataflow id="225" from="StgValue_123" to="specinterface_ln0" fromId="123" toId="20">
</dataflow>
<dataflow id="226" from="StgValue_123" to="specinterface_ln0" fromId="123" toId="20">
</dataflow>
<dataflow id="227" from="empty_21" to="specinterface_ln0" fromId="126" toId="20">
</dataflow>
<dataflow id="228" from="empty_21" to="specinterface_ln0" fromId="126" toId="20">
</dataflow>
<dataflow id="230" from="_ssdm_op_Read.ap_fifo.i32P" to="p_src_1_read" fromId="229" toId="21">
</dataflow>
<dataflow id="231" from="p_src_1" to="p_src_1_read" fromId="105" toId="21">
</dataflow>
<dataflow id="232" from="_ssdm_op_Read.ap_fifo.i32P" to="p_src_2_read" fromId="229" toId="22">
</dataflow>
<dataflow id="233" from="p_src_2" to="p_src_2_read" fromId="106" toId="22">
</dataflow>
<dataflow id="235" from="StgValue_234" to="indvar_flatten" fromId="234" toId="24">
<condition id="-1">
<or_exp><and_exp></and_exp></or_exp>
</condition>
</dataflow>
<dataflow id="236" from="br_ln372" to="indvar_flatten" fromId="23" toId="24">
</dataflow>
<dataflow id="237" from="add_ln372" to="indvar_flatten" fromId="32" toId="24">
<BackEdge/>
<condition id="-1">
<or_exp><and_exp><literal name="icmp_ln372" val="0"/>
</and_exp></or_exp>
</condition>
</dataflow>
<dataflow id="238" from="br_ln0" to="indvar_flatten" fromId="52" toId="24">
<BackEdge/>
</dataflow>
<dataflow id="240" from="StgValue_239" to="i" fromId="239" toId="25">
<condition id="-1">
<or_exp><and_exp></and_exp></or_exp>
</condition>
</dataflow>
<dataflow id="241" from="br_ln372" to="i" fromId="23" toId="25">
</dataflow>
<dataflow id="242" from="select_ln372_2" to="i" fromId="41" toId="25">
<BackEdge/>
<condition id="-1">
<or_exp><and_exp><literal name="icmp_ln372" val="0"/>
</and_exp></or_exp>
</condition>
</dataflow>
<dataflow id="243" from="br_ln0" to="i" fromId="52" toId="25">
<BackEdge/>
</dataflow>
<dataflow id="244" from="StgValue_239" to="j" fromId="239" toId="26">
<condition id="-1">
<or_exp><and_exp></and_exp></or_exp>
</condition>
</dataflow>
<dataflow id="245" from="br_ln372" to="j" fromId="23" toId="26">
</dataflow>
<dataflow id="246" from="add_ln373" to="j" fromId="51" toId="26">
<BackEdge/>
<condition id="-1">
<or_exp><and_exp><literal name="icmp_ln372" val="0"/>
</and_exp></or_exp>
</condition>
</dataflow>
<dataflow id="247" from="br_ln0" to="j" fromId="52" toId="26">
<BackEdge/>
</dataflow>
<dataflow id="248" from="i" to="i_cast_i" fromId="25" toId="27">
</dataflow>
<dataflow id="250" from="_ssdm_op_BitConcatenate.i4.i2.i2" to="p_shl_i" fromId="249" toId="28">
</dataflow>
<dataflow id="251" from="i" to="p_shl_i" fromId="25" toId="28">
</dataflow>
<dataflow id="252" from="StgValue_239" to="p_shl_i" fromId="239" toId="28">
</dataflow>
<dataflow id="253" from="p_shl_i" to="mul_i" fromId="28" toId="29">
</dataflow>
<dataflow id="254" from="i_cast_i" to="mul_i" fromId="27" toId="29">
</dataflow>
<dataflow id="256" from="_ssdm_op_SpecPipeline" to="specpipeline_ln0" fromId="255" toId="30">
</dataflow>
<dataflow id="258" from="StgValue_257" to="specpipeline_ln0" fromId="257" toId="30">
</dataflow>
<dataflow id="259" from="StgValue_108" to="specpipeline_ln0" fromId="108" toId="30">
</dataflow>
<dataflow id="260" from="StgValue_108" to="specpipeline_ln0" fromId="108" toId="30">
</dataflow>
<dataflow id="261" from="StgValue_123" to="specpipeline_ln0" fromId="123" toId="30">
</dataflow>
<dataflow id="263" from="p_str9" to="specpipeline_ln0" fromId="262" toId="30">
</dataflow>
<dataflow id="264" from="indvar_flatten" to="icmp_ln372" fromId="24" toId="31">
</dataflow>
<dataflow id="266" from="StgValue_265" to="icmp_ln372" fromId="265" toId="31">
</dataflow>
<dataflow id="267" from="indvar_flatten" to="add_ln372" fromId="24" toId="32">
</dataflow>
<dataflow id="269" from="StgValue_268" to="add_ln372" fromId="268" toId="32">
</dataflow>
<dataflow id="270" from="icmp_ln372" to="br_ln372" fromId="31" toId="33">
</dataflow>
<dataflow id="271" from="j" to="icmp_ln373" fromId="26" toId="34">
</dataflow>
<dataflow id="273" from="StgValue_272" to="icmp_ln373" fromId="272" toId="34">
</dataflow>
<dataflow id="274" from="icmp_ln373" to="select_ln372" fromId="34" toId="35">
</dataflow>
<dataflow id="275" from="StgValue_239" to="select_ln372" fromId="239" toId="35">
</dataflow>
<dataflow id="276" from="j" to="select_ln372" fromId="26" toId="35">
</dataflow>
<dataflow id="277" from="i" to="add_ln372_1" fromId="25" toId="36">
</dataflow>
<dataflow id="279" from="StgValue_278" to="add_ln372_1" fromId="278" toId="36">
</dataflow>
<dataflow id="280" from="add_ln372_1" to="i_cast_i_mid1" fromId="36" toId="37">
</dataflow>
<dataflow id="281" from="_ssdm_op_BitConcatenate.i4.i2.i2" to="p_shl_i_mid1" fromId="249" toId="38">
</dataflow>
<dataflow id="282" from="add_ln372_1" to="p_shl_i_mid1" fromId="36" toId="38">
</dataflow>
<dataflow id="283" from="StgValue_239" to="p_shl_i_mid1" fromId="239" toId="38">
</dataflow>
<dataflow id="284" from="p_shl_i_mid1" to="mul_i_mid1" fromId="38" toId="39">
</dataflow>
<dataflow id="285" from="i_cast_i_mid1" to="mul_i_mid1" fromId="37" toId="39">
</dataflow>
<dataflow id="286" from="icmp_ln373" to="select_ln372_1" fromId="34" toId="40">
</dataflow>
<dataflow id="287" from="mul_i_mid1" to="select_ln372_1" fromId="39" toId="40">
</dataflow>
<dataflow id="288" from="mul_i" to="select_ln372_1" fromId="29" toId="40">
</dataflow>
<dataflow id="289" from="icmp_ln373" to="select_ln372_2" fromId="34" toId="41">
</dataflow>
<dataflow id="290" from="add_ln372_1" to="select_ln372_2" fromId="36" toId="41">
</dataflow>
<dataflow id="291" from="i" to="select_ln372_2" fromId="25" toId="41">
</dataflow>
<dataflow id="292" from="select_ln372" to="zext_ln374" fromId="35" toId="42">
</dataflow>
<dataflow id="293" from="zext_ln374" to="add_ln374" fromId="42" toId="43">
</dataflow>
<dataflow id="294" from="select_ln372_1" to="add_ln374" fromId="40" toId="43">
</dataflow>
<dataflow id="295" from="add_ln374" to="zext_ln374_1" fromId="43" toId="44">
</dataflow>
<dataflow id="296" from="p_kernel" to="p_kernel_addr" fromId="107" toId="45">
</dataflow>
<dataflow id="298" from="StgValue_297" to="p_kernel_addr" fromId="297" toId="45">
</dataflow>
<dataflow id="299" from="zext_ln374_1" to="p_kernel_addr" fromId="44" toId="45">
</dataflow>
<dataflow id="300" from="p_kernel_addr" to="kernel_2_0" fromId="45" toId="46">
</dataflow>
<dataflow id="301" from="select_ln372_2" to="switch_ln374" fromId="41" toId="47">
</dataflow>
<dataflow id="302" from="StgValue_239" to="switch_ln374" fromId="239" toId="47">
</dataflow>
<dataflow id="303" from="StgValue_278" to="switch_ln374" fromId="278" toId="47">
</dataflow>
<dataflow id="304" from="select_ln372" to="switch_ln374" fromId="35" toId="48">
</dataflow>
<dataflow id="305" from="StgValue_239" to="switch_ln374" fromId="239" toId="48">
</dataflow>
<dataflow id="306" from="StgValue_278" to="switch_ln374" fromId="278" toId="48">
</dataflow>
<dataflow id="307" from="select_ln372" to="switch_ln374" fromId="35" toId="49">
</dataflow>
<dataflow id="308" from="StgValue_239" to="switch_ln374" fromId="239" toId="49">
</dataflow>
<dataflow id="309" from="StgValue_278" to="switch_ln374" fromId="278" toId="49">
</dataflow>
<dataflow id="310" from="select_ln372" to="switch_ln374" fromId="35" toId="50">
</dataflow>
<dataflow id="311" from="StgValue_239" to="switch_ln374" fromId="239" toId="50">
</dataflow>
<dataflow id="312" from="StgValue_278" to="switch_ln374" fromId="278" toId="50">
</dataflow>
<dataflow id="313" from="select_ln372" to="add_ln373" fromId="35" toId="51">
</dataflow>
<dataflow id="314" from="StgValue_278" to="add_ln373" fromId="278" toId="51">
</dataflow>
<dataflow id="316" from="_ssdm_op_SpecLoopName" to="specloopname_ln0" fromId="315" toId="53">
</dataflow>
<dataflow id="318" from="VITIS_LOOP_372_3_VITIS_LOOP_373_4_str" to="specloopname_ln0" fromId="317" toId="53">
</dataflow>
<dataflow id="320" from="_ssdm_op_SpecLoopTripCount" to="speclooptripcount_ln0" fromId="319" toId="54">
</dataflow>
<dataflow id="322" from="StgValue_321" to="speclooptripcount_ln0" fromId="321" toId="54">
</dataflow>
<dataflow id="323" from="StgValue_321" to="speclooptripcount_ln0" fromId="321" toId="54">
</dataflow>
<dataflow id="324" from="StgValue_321" to="speclooptripcount_ln0" fromId="321" toId="54">
</dataflow>
<dataflow id="325" from="_ssdm_op_SpecPipeline" to="specpipeline_ln0" fromId="255" toId="55">
</dataflow>
<dataflow id="326" from="StgValue_257" to="specpipeline_ln0" fromId="257" toId="55">
</dataflow>
<dataflow id="327" from="StgValue_108" to="specpipeline_ln0" fromId="108" toId="55">
</dataflow>
<dataflow id="328" from="StgValue_108" to="specpipeline_ln0" fromId="108" toId="55">
</dataflow>
<dataflow id="329" from="StgValue_123" to="specpipeline_ln0" fromId="123" toId="55">
</dataflow>
<dataflow id="330" from="p_str9" to="specpipeline_ln0" fromId="262" toId="55">
</dataflow>
<dataflow id="331" from="_ssdm_op_SpecLoopName" to="specloopname_ln373" fromId="315" toId="56">
</dataflow>
<dataflow id="333" from="empty_3" to="specloopname_ln373" fromId="332" toId="56">
</dataflow>
<dataflow id="334" from="p_kernel_addr" to="kernel_2_0" fromId="45" toId="57">
</dataflow>
<dataflow id="335" from="kernel_2_0" to="store_ln374" fromId="57" toId="58">
</dataflow>
<dataflow id="336" from="kernel_2_2_4" to="store_ln374" fromId="10" toId="58">
</dataflow>
<dataflow id="337" from="kernel_2_0" to="store_ln374" fromId="57" toId="60">
</dataflow>
<dataflow id="338" from="kernel_2_2_3" to="store_ln374" fromId="9" toId="60">
</dataflow>
<dataflow id="339" from="kernel_2_0" to="store_ln374" fromId="57" toId="62">
</dataflow>
<dataflow id="340" from="kernel_2_2_5" to="store_ln374" fromId="11" toId="62">
</dataflow>
<dataflow id="341" from="kernel_2_0" to="store_ln374" fromId="57" toId="64">
</dataflow>
<dataflow id="342" from="kernel_2_2_1" to="store_ln374" fromId="7" toId="64">
</dataflow>
<dataflow id="343" from="kernel_2_0" to="store_ln374" fromId="57" toId="66">
</dataflow>
<dataflow id="344" from="kernel_2_2" to="store_ln374" fromId="6" toId="66">
</dataflow>
<dataflow id="345" from="kernel_2_0" to="store_ln374" fromId="57" toId="68">
</dataflow>
<dataflow id="346" from="kernel_2_2_2" to="store_ln374" fromId="8" toId="68">
</dataflow>
<dataflow id="347" from="kernel_2_0" to="store_ln374" fromId="57" toId="70">
</dataflow>
<dataflow id="348" from="kernel_2_2_7" to="store_ln374" fromId="13" toId="70">
</dataflow>
<dataflow id="349" from="kernel_2_0" to="store_ln374" fromId="57" toId="72">
</dataflow>
<dataflow id="350" from="kernel_2_2_6" to="store_ln374" fromId="12" toId="72">
</dataflow>
<dataflow id="351" from="kernel_2_0" to="store_ln374" fromId="57" toId="74">
</dataflow>
<dataflow id="352" from="kernel_2_2_8" to="store_ln374" fromId="14" toId="74">
</dataflow>
<dataflow id="353" from="kernel_2_2" to="kernel_2_2_load" fromId="6" toId="76">
</dataflow>
<dataflow id="354" from="kernel_2_2_1" to="kernel_2_2_1_load" fromId="7" toId="77">
</dataflow>
<dataflow id="355" from="kernel_2_2_2" to="kernel_2_2_2_load" fromId="8" toId="78">
</dataflow>
<dataflow id="356" from="kernel_2_2_3" to="kernel_2_2_3_load" fromId="9" toId="79">
</dataflow>
<dataflow id="357" from="kernel_2_2_4" to="kernel_2_2_4_load" fromId="10" toId="80">
</dataflow>
<dataflow id="358" from="kernel_2_2_5" to="kernel_2_2_5_load" fromId="11" toId="81">
</dataflow>
<dataflow id="359" from="kernel_2_2_6" to="kernel_2_2_6_load" fromId="12" toId="82">
</dataflow>
<dataflow id="360" from="kernel_2_2_7" to="kernel_2_2_7_load" fromId="13" toId="83">
</dataflow>
<dataflow id="361" from="kernel_2_2_8" to="kernel_2_2_8_load" fromId="14" toId="84">
</dataflow>
<dataflow id="362" from="p_src_1_read" to="trunc_ln344" fromId="21" toId="85">
</dataflow>
<dataflow id="363" from="p_src_2_read" to="trunc_ln345" fromId="22" toId="86">
</dataflow>
<dataflow id="365" from="xferode<128, 128, 1, 0, 1, 0, 129, 3, 3>" to="call_ln377" fromId="364" toId="87">
</dataflow>
<dataflow id="366" from="imgInput_417" to="call_ln377" fromId="103" toId="87">
</dataflow>
<dataflow id="367" from="imgOutput_418" to="call_ln377" fromId="104" toId="87">
</dataflow>
<dataflow id="368" from="trunc_ln344" to="call_ln377" fromId="85" toId="87">
</dataflow>
<dataflow id="369" from="trunc_ln345" to="call_ln377" fromId="86" toId="87">
</dataflow>
<dataflow id="370" from="kernel_2_2_load" to="call_ln377" fromId="76" toId="87">
</dataflow>
<dataflow id="371" from="kernel_2_2_1_load" to="call_ln377" fromId="77" toId="87">
</dataflow>
<dataflow id="372" from="kernel_2_2_2_load" to="call_ln377" fromId="78" toId="87">
</dataflow>
<dataflow id="373" from="kernel_2_2_3_load" to="call_ln377" fromId="79" toId="87">
</dataflow>
<dataflow id="374" from="kernel_2_2_4_load" to="call_ln377" fromId="80" toId="87">
</dataflow>
<dataflow id="375" from="kernel_2_2_5_load" to="call_ln377" fromId="81" toId="87">
</dataflow>
<dataflow id="376" from="kernel_2_2_6_load" to="call_ln377" fromId="82" toId="87">
</dataflow>
<dataflow id="377" from="kernel_2_2_7_load" to="call_ln377" fromId="83" toId="87">
</dataflow>
<dataflow id="378" from="kernel_2_2_8_load" to="call_ln377" fromId="84" toId="87">
</dataflow>
<dataflow id="379" from="xferode<128, 128, 1, 0, 1, 0, 129, 3, 3>" to="call_ln377" fromId="364" toId="88">
</dataflow>
<dataflow id="380" from="imgInput_417" to="call_ln377" fromId="103" toId="88">
</dataflow>
<dataflow id="381" from="imgOutput_418" to="call_ln377" fromId="104" toId="88">
</dataflow>
<dataflow id="382" from="trunc_ln344" to="call_ln377" fromId="85" toId="88">
</dataflow>
<dataflow id="383" from="trunc_ln345" to="call_ln377" fromId="86" toId="88">
</dataflow>
<dataflow id="384" from="kernel_2_2_load" to="call_ln377" fromId="76" toId="88">
</dataflow>
<dataflow id="385" from="kernel_2_2_1_load" to="call_ln377" fromId="77" toId="88">
</dataflow>
<dataflow id="386" from="kernel_2_2_2_load" to="call_ln377" fromId="78" toId="88">
</dataflow>
<dataflow id="387" from="kernel_2_2_3_load" to="call_ln377" fromId="79" toId="88">
</dataflow>
<dataflow id="388" from="kernel_2_2_4_load" to="call_ln377" fromId="80" toId="88">
</dataflow>
<dataflow id="389" from="kernel_2_2_5_load" to="call_ln377" fromId="81" toId="88">
</dataflow>
<dataflow id="390" from="kernel_2_2_6_load" to="call_ln377" fromId="82" toId="88">
</dataflow>
<dataflow id="391" from="kernel_2_2_7_load" to="call_ln377" fromId="83" toId="88">
</dataflow>
<dataflow id="392" from="kernel_2_2_8_load" to="call_ln377" fromId="84" toId="88">
</dataflow>
<dataflow id="393" from="icmp_ln372" to="StgValue_2" fromId="31" toId="2">
</dataflow>
<dataflow id="394" from="select_ln372_2" to="StgValue_2" fromId="41" toId="2">
</dataflow>
<dataflow id="395" from="icmp_ln372" to="StgValue_3" fromId="31" toId="3">
</dataflow>
<dataflow id="396" from="select_ln372_2" to="StgValue_3" fromId="41" toId="3">
</dataflow>
<dataflow id="397" from="select_ln372" to="StgValue_3" fromId="35" toId="3">
</dataflow>
</dataflows>


</stg>
