<profile>

<section name = "Vitis HLS Report for 'erosion_accel'" level="0">
<item name = "Date">Fri Jan 22 14:16:58 2021
</item>
<item name = "Version">2020.1 (Build 2902540 on Wed May 27 20:16:15 MDT 2020)</item>
<item name = "Project">erosion</item>
<item name = "Solution">solution1 (Vivado IP Flow Target)</item>
<item name = "Product family">virtexuplus</item>
<item name = "Target device">xcvu11p-flga2577-1-e</item>
</section>

<section name = "Performance Estimates" level="0">
<item name = "Timing">
<section name = "" level="1">
<item name = "Summary"><table name="" hasTotal="0">
<keys size="4">Clock, Target, Estimated, Uncertainty</keys>
<column name="ap_clk">10.00 ns, 7.300 ns, 2.70 ns</column>
</table>
</item>
</section>
</item>
<item name = "Latency">
<section name = "" level="1">
<item name = "Summary"><table name="" hasTotal="0">
<keys size="8">, min, max, min, max, min, max, Type</keys>
<column name="">45, 17581, 0.450 us, 0.176 ms, 25, 17561, dataflow</column>
</table>
</item>
<item name = "Detail">
<section name = "" level="1">
<item name = "Instance"><table name="" hasTotal="0">
<keys size="9">Instance, Module, min, max, min, max, min, max, Type</keys>
<column name="grp_Array2xfMat_8_0_128_128_1_s_fu_204">Array2xfMat_8_0_128_128_1_s, 15, 16398, 0.150 us, 0.164 ms, 15, 16398, none</column>
<column name="grp_erode_0_0_128_128_2_3_3_1_1_s_fu_216">erode_0_0_128_128_2_3_3_1_1_s, 24, 17560, 0.240 us, 0.176 ms, 24, 17560, none</column>
<column name="grp_xfMat2Array_8_0_128_128_1_s_fu_225">xfMat2Array_8_0_128_128_1_s, 6, 16395, 60.000 ns, 0.164 ms, 6, 16395, none</column>
<column name="grp_Loop_VITIS_LOOP_35_1_proc_fu_235">Loop_VITIS_LOOP_35_1_proc, 19, 19, 0.190 us, 0.190 us, 19, 19, none</column>
<column name="call_ln22_erosion_accel_entry39_fu_243">erosion_accel_entry39, 0, 0, 0 ns, 0 ns, 0, 0, none</column>
<column name="call_ln502_Block_split2_proc_fu_262">Block_split2_proc, 0, 0, 0 ns, 0 ns, 0, 0, none</column>
</table>
</item>
<item name = "Loop"><table name="" hasTotal="0">
<keys size="8">Loop Name, min, max, Latency, achieved, target, Count, Pipelined</keys>
</table>
</item>
</section>
</item>
</section>
</item>
</section>
</profile>
