<stg><name>erosion_accel</name>


<trans_list>

<trans id="84" from="1" to="2">
<condition id="-1">
<or_exp><and_exp></and_exp></or_exp>
</condition>
</trans>

<trans id="85" from="2" to="3">
<condition id="-1">
<or_exp><and_exp></and_exp></or_exp>
</condition>
</trans>

<trans id="86" from="3" to="4">
<condition id="-1">
<or_exp><and_exp></and_exp></or_exp>
</condition>
</trans>

<trans id="87" from="4" to="5">
<condition id="-1">
<or_exp><and_exp></and_exp></or_exp>
</condition>
</trans>

<trans id="88" from="5" to="6">
<condition id="-1">
<or_exp><and_exp></and_exp></or_exp>
</condition>
</trans>

<trans id="89" from="6" to="7">
<condition id="-1">
<or_exp><and_exp></and_exp></or_exp>
</condition>
</trans>

<trans id="90" from="7" to="8">
<condition id="-1">
<or_exp><and_exp></and_exp></or_exp>
</condition>
</trans>
</trans_list>



<state_list>

<state id="1" st_id="1">

<operation id="9" st_id="1" stage="1" lat="1">
<core>NULL</core>
<MemPortIdVec></MemPortIdVec>
<condition id="-1">
<or_exp><and_exp></and_exp></or_exp>
</condition>

<Node id="9" bw="32" op_0_bw="32" op_1_bw="32">
<![CDATA[
.split:0 %width_read = read i32 @_ssdm_op_Read.ap_auto.i32, i32 %width

]]></Node>
<StgValue><ssdm name="width_read"/></StgValue>
</operation>

<operation id="10" st_id="1" stage="1" lat="1">
<core>NULL</core>
<MemPortIdVec></MemPortIdVec>
<condition id="-1">
<or_exp><and_exp></and_exp></or_exp>
</condition>

<Node id="10" bw="32" op_0_bw="32" op_1_bw="32">
<![CDATA[
.split:1 %height_read = read i32 @_ssdm_op_Read.ap_auto.i32, i32 %height

]]></Node>
<StgValue><ssdm name="height_read"/></StgValue>
</operation>

<operation id="11" st_id="1" stage="1" lat="1">
<core>s_axilite</core>
<MemPortIdVec></MemPortIdVec>
<condition id="-1">
<or_exp><and_exp></and_exp></or_exp>
</condition>

<Node id="11" bw="64" op_0_bw="64" op_1_bw="64">
<![CDATA[
.split:2 %img_out_read = read i64 @_ssdm_op_Read.s_axilite.i64, i64 %img_out

]]></Node>
<StgValue><ssdm name="img_out_read"/></StgValue>
</operation>

<operation id="12" st_id="1" stage="1" lat="1">
<core>s_axilite</core>
<MemPortIdVec></MemPortIdVec>
<condition id="-1">
<or_exp><and_exp></and_exp></or_exp>
</condition>

<Node id="12" bw="64" op_0_bw="64" op_1_bw="64">
<![CDATA[
.split:3 %process_shape_read = read i64 @_ssdm_op_Read.s_axilite.i64, i64 %process_shape

]]></Node>
<StgValue><ssdm name="process_shape_read"/></StgValue>
</operation>

<operation id="13" st_id="1" stage="1" lat="1">
<core>s_axilite</core>
<MemPortIdVec></MemPortIdVec>
<condition id="-1">
<or_exp><and_exp></and_exp></or_exp>
</condition>

<Node id="13" bw="64" op_0_bw="64" op_1_bw="64">
<![CDATA[
.split:4 %img_in_read = read i64 @_ssdm_op_Read.s_axilite.i64, i64 %img_in

]]></Node>
<StgValue><ssdm name="img_in_read"/></StgValue>
</operation>

<operation id="14" st_id="1" stage="1" lat="1">
<core>FIFO_SRL</core>
<MemPortIdVec></MemPortIdVec>
<condition id="-1">
<or_exp><and_exp></and_exp></or_exp>
</condition>

<Node id="14" bw="32" op_0_bw="64">
<![CDATA[
.split:5 %imgInput_cols_c10 = alloca i64

]]></Node>
<StgValue><ssdm name="imgInput_cols_c10"/></StgValue>
</operation>

<operation id="15" st_id="1" stage="1" lat="1">
<core>FIFO_SRL</core>
<MemPortIdVec></MemPortIdVec>
<condition id="-1">
<or_exp><and_exp></and_exp></or_exp>
</condition>

<Node id="15" bw="32" op_0_bw="64">
<![CDATA[
.split:6 %imgInput_rows_c9 = alloca i64

]]></Node>
<StgValue><ssdm name="imgInput_rows_c9"/></StgValue>
</operation>

<operation id="16" st_id="1" stage="1" lat="1">
<core>FIFO_SRL</core>
<MemPortIdVec></MemPortIdVec>
<condition id="-1">
<or_exp><and_exp></and_exp></or_exp>
</condition>

<Node id="16" bw="32" op_0_bw="64">
<![CDATA[
.split:7 %imgOutput_cols_c = alloca i64

]]></Node>
<StgValue><ssdm name="imgOutput_cols_c"/></StgValue>
</operation>

<operation id="17" st_id="1" stage="1" lat="1">
<core>FIFO_SRL</core>
<MemPortIdVec></MemPortIdVec>
<condition id="-1">
<or_exp><and_exp></and_exp></or_exp>
</condition>

<Node id="17" bw="32" op_0_bw="64">
<![CDATA[
.split:8 %imgOutput_rows_c = alloca i64

]]></Node>
<StgValue><ssdm name="imgOutput_rows_c"/></StgValue>
</operation>

<operation id="18" st_id="1" stage="1" lat="1">
<core>FIFO_SRL</core>
<MemPortIdVec></MemPortIdVec>
<condition id="-1">
<or_exp><and_exp></and_exp></or_exp>
</condition>

<Node id="18" bw="32" op_0_bw="64">
<![CDATA[
.split:9 %imgInput_cols_c = alloca i64

]]></Node>
<StgValue><ssdm name="imgInput_cols_c"/></StgValue>
</operation>

<operation id="19" st_id="1" stage="1" lat="1">
<core>FIFO_SRL</core>
<MemPortIdVec></MemPortIdVec>
<condition id="-1">
<or_exp><and_exp></and_exp></or_exp>
</condition>

<Node id="19" bw="32" op_0_bw="64">
<![CDATA[
.split:10 %imgInput_rows_c = alloca i64

]]></Node>
<StgValue><ssdm name="imgInput_rows_c"/></StgValue>
</operation>

<operation id="20" st_id="1" stage="1" lat="1">
<core>FIFO_SRL</core>
<MemPortIdVec></MemPortIdVec>
<condition id="-1">
<or_exp><and_exp></and_exp></or_exp>
</condition>

<Node id="20" bw="32" op_0_bw="64">
<![CDATA[
.split:11 %width_c = alloca i64

]]></Node>
<StgValue><ssdm name="width_c"/></StgValue>
</operation>

<operation id="21" st_id="1" stage="1" lat="1">
<core>FIFO_SRL</core>
<MemPortIdVec></MemPortIdVec>
<condition id="-1">
<or_exp><and_exp></and_exp></or_exp>
</condition>

<Node id="21" bw="32" op_0_bw="64">
<![CDATA[
.split:12 %height_c = alloca i64

]]></Node>
<StgValue><ssdm name="height_c"/></StgValue>
</operation>

<operation id="22" st_id="1" stage="1" lat="1">
<core>FIFO_SRL</core>
<MemPortIdVec></MemPortIdVec>
<condition id="-1">
<or_exp><and_exp></and_exp></or_exp>
</condition>

<Node id="22" bw="64" op_0_bw="64">
<![CDATA[
.split:13 %img_out_c = alloca i64

]]></Node>
<StgValue><ssdm name="img_out_c"/></StgValue>
</operation>

<operation id="23" st_id="1" stage="1" lat="1">
<core>FIFO_SRL</core>
<MemPortIdVec></MemPortIdVec>
<condition id="-1">
<or_exp><and_exp></and_exp></or_exp>
</condition>

<Node id="23" bw="64" op_0_bw="64">
<![CDATA[
.split:14 %process_shape_c = alloca i64

]]></Node>
<StgValue><ssdm name="process_shape_c"/></StgValue>
</operation>

<operation id="24" st_id="1" stage="1" lat="1">
<core>FIFO_SRL</core>
<MemPortIdVec></MemPortIdVec>
<condition id="-1">
<or_exp><and_exp></and_exp></or_exp>
</condition>

<Node id="24" bw="64" op_0_bw="64">
<![CDATA[
.split:15 %img_in_c = alloca i64

]]></Node>
<StgValue><ssdm name="img_in_c"/></StgValue>
</operation>

<operation id="25" st_id="1" stage="1" lat="1">
<core>FIFO_SRL</core>
<MemPortIdVec></MemPortIdVec>
<condition id="-1">
<or_exp><and_exp></and_exp></or_exp>
</condition>

<Node id="44" bw="8" op_0_bw="64">
<![CDATA[
.split:35 %imgInput_data = alloca i64

]]></Node>
<StgValue><ssdm name="imgInput_data"/></StgValue>
</operation>

<operation id="26" st_id="1" stage="1" lat="1">
<core>FIFO_SRL</core>
<MemPortIdVec></MemPortIdVec>
<condition id="-1">
<or_exp><and_exp></and_exp></or_exp>
</condition>

<Node id="47" bw="8" op_0_bw="64">
<![CDATA[
.split:38 %imgOutput_data = alloca i64

]]></Node>
<StgValue><ssdm name="imgOutput_data"/></StgValue>
</operation>

<operation id="27" st_id="1" stage="1" lat="1">
<core>NULL</core>
<MemPortIdVec></MemPortIdVec>
<condition id="-1">
<or_exp><and_exp></and_exp></or_exp>
</condition>

<Node id="50" bw="8" op_0_bw="64">
<![CDATA[
.split:41 %p_kernel = alloca i64

]]></Node>
<StgValue><ssdm name="p_kernel"/></StgValue>
</operation>

<operation id="28" st_id="1" stage="1" lat="1">
<core></core>
<MemPortIdVec></MemPortIdVec>
<condition id="-1">
<or_exp><and_exp></and_exp></or_exp>
</condition>

<Node id="61" bw="0" op_0_bw="0" op_1_bw="64" op_2_bw="64" op_3_bw="64" op_4_bw="32" op_5_bw="32" op_6_bw="64" op_7_bw="64" op_8_bw="64" op_9_bw="32" op_10_bw="32">
<![CDATA[
.split:52 %call_ln22 = call void @erosion_accel.entry39, i64 %img_in_read, i64 %process_shape_read, i64 %img_out_read, i32 %height_read, i32 %width_read, i64 %img_in_c, i64 %process_shape_c, i64 %img_out_c, i32 %height_c, i32 %width_c

]]></Node>
<StgValue><ssdm name="call_ln22"/></StgValue>
</operation>
</state>

<state id="2" st_id="2">

<operation id="29" st_id="2" stage="1" lat="1">
<core></core>
<MemPortIdVec></MemPortIdVec>
<condition id="-1">
<or_exp><and_exp></and_exp></or_exp>
</condition>

<Node id="70" bw="0" op_0_bw="0" op_1_bw="32" op_2_bw="32" op_3_bw="32" op_4_bw="32" op_5_bw="32" op_6_bw="32" op_7_bw="0" op_8_bw="0">
<![CDATA[
.split:61 %call_ln502 = call void @Block_.split2_proc, i32 %height_c, i32 %width_c, i32 %imgInput_rows_c, i32 %imgInput_cols_c, i32 %imgOutput_rows_c, i32 %imgOutput_cols_c, void %call_ln22, void %call_ln22

]]></Node>
<StgValue><ssdm name="call_ln502"/></StgValue>
</operation>
</state>

<state id="3" st_id="3">

<operation id="30" st_id="3" stage="2" lat="2">
<core></core>
<MemPortIdVec></MemPortIdVec>
<condition id="-1">
<or_exp><and_exp></and_exp></or_exp>
</condition>

<Node id="71" bw="0" op_0_bw="0" op_1_bw="64" op_2_bw="8" op_3_bw="8" op_4_bw="0">
<![CDATA[
.split:62 %call_ln22 = call void @Loop_VITIS_LOOP_35_1_proc, i64 %process_shape_c, i8 %gmem1, i8 %p_kernel, void %call_ln22

]]></Node>
<StgValue><ssdm name="call_ln22"/></StgValue>
</operation>

<operation id="31" st_id="3" stage="2" lat="2">
<core></core>
<MemPortIdVec></MemPortIdVec>
<condition id="-1">
<or_exp><and_exp></and_exp></or_exp>
</condition>

<Node id="76" bw="0" op_0_bw="0" op_1_bw="8" op_2_bw="8" op_3_bw="64" op_4_bw="32" op_5_bw="32" op_6_bw="32" op_7_bw="32" op_8_bw="0" op_9_bw="0">
<![CDATA[
.split:67 %call_ln46 = call void @Array2xfMat<8, 0, 128, 128, 1>, i8 %gmem0, i8 %imgInput_data, i64 %img_in_c, i32 %imgInput_rows_c, i32 %imgInput_cols_c, i32 %imgInput_rows_c9, i32 %imgInput_cols_c10, void %call_ln502, void %call_ln502

]]></Node>
<StgValue><ssdm name="call_ln46"/></StgValue>
</operation>
</state>

<state id="4" st_id="4">

<operation id="32" st_id="4" stage="1" lat="2">
<core></core>
<MemPortIdVec></MemPortIdVec>
<condition id="-1">
<or_exp><and_exp></and_exp></or_exp>
</condition>

<Node id="71" bw="0" op_0_bw="0" op_1_bw="64" op_2_bw="8" op_3_bw="8" op_4_bw="0">
<![CDATA[
.split:62 %call_ln22 = call void @Loop_VITIS_LOOP_35_1_proc, i64 %process_shape_c, i8 %gmem1, i8 %p_kernel, void %call_ln22

]]></Node>
<StgValue><ssdm name="call_ln22"/></StgValue>
</operation>

<operation id="33" st_id="4" stage="1" lat="2">
<core></core>
<MemPortIdVec></MemPortIdVec>
<condition id="-1">
<or_exp><and_exp></and_exp></or_exp>
</condition>

<Node id="76" bw="0" op_0_bw="0" op_1_bw="8" op_2_bw="8" op_3_bw="64" op_4_bw="32" op_5_bw="32" op_6_bw="32" op_7_bw="32" op_8_bw="0" op_9_bw="0">
<![CDATA[
.split:67 %call_ln46 = call void @Array2xfMat<8, 0, 128, 128, 1>, i8 %gmem0, i8 %imgInput_data, i64 %img_in_c, i32 %imgInput_rows_c, i32 %imgInput_cols_c, i32 %imgInput_rows_c9, i32 %imgInput_cols_c10, void %call_ln502, void %call_ln502

]]></Node>
<StgValue><ssdm name="call_ln46"/></StgValue>
</operation>
</state>

<state id="5" st_id="5">

<operation id="34" st_id="5" stage="2" lat="2">
<core></core>
<MemPortIdVec></MemPortIdVec>
<condition id="-1">
<or_exp><and_exp></and_exp></or_exp>
</condition>

<Node id="77" bw="0" op_0_bw="0" op_1_bw="8" op_2_bw="8" op_3_bw="32" op_4_bw="32" op_5_bw="8" op_6_bw="0" op_7_bw="0" op_8_bw="0">
<![CDATA[
.split:68 %call_ln49 = call void @erode<0, 0, 128, 128, 2, 3, 3, 1, 1>, i8 %imgInput_data, i8 %imgOutput_data, i32 %imgInput_rows_c9, i32 %imgInput_cols_c10, i8 %p_kernel, void %call_ln22, void %call_ln46, void %call_ln46

]]></Node>
<StgValue><ssdm name="call_ln49"/></StgValue>
</operation>
</state>

<state id="6" st_id="6">

<operation id="35" st_id="6" stage="1" lat="2">
<core></core>
<MemPortIdVec></MemPortIdVec>
<condition id="-1">
<or_exp><and_exp></and_exp></or_exp>
</condition>

<Node id="77" bw="0" op_0_bw="0" op_1_bw="8" op_2_bw="8" op_3_bw="32" op_4_bw="32" op_5_bw="8" op_6_bw="0" op_7_bw="0" op_8_bw="0">
<![CDATA[
.split:68 %call_ln49 = call void @erode<0, 0, 128, 128, 2, 3, 3, 1, 1>, i8 %imgInput_data, i8 %imgOutput_data, i32 %imgInput_rows_c9, i32 %imgInput_cols_c10, i8 %p_kernel, void %call_ln22, void %call_ln46, void %call_ln46

]]></Node>
<StgValue><ssdm name="call_ln49"/></StgValue>
</operation>
</state>

<state id="7" st_id="7">

<operation id="36" st_id="7" stage="2" lat="2">
<core></core>
<MemPortIdVec></MemPortIdVec>
<condition id="-1">
<or_exp><and_exp></and_exp></or_exp>
</condition>

<Node id="78" bw="0" op_0_bw="0" op_1_bw="8" op_2_bw="8" op_3_bw="32" op_4_bw="32" op_5_bw="64" op_6_bw="0" op_7_bw="0">
<![CDATA[
.split:69 %call_ln53 = call void @xfMat2Array<8, 0, 128, 128, 1>, i8 %imgOutput_data, i8 %gmem2, i32 %imgOutput_rows_c, i32 %imgOutput_cols_c, i64 %img_out_c, void %call_ln49, void %call_ln49

]]></Node>
<StgValue><ssdm name="call_ln53"/></StgValue>
</operation>
</state>

<state id="8" st_id="8">

<operation id="37" st_id="8" stage="1" lat="1">
<core>NULL</core>
<MemPortIdVec></MemPortIdVec>
<condition id="-1">
<or_exp><and_exp></and_exp></or_exp>
</condition>

<Node id="25" bw="0" op_0_bw="0" op_1_bw="32" op_2_bw="32" op_3_bw="0">
<![CDATA[
.split:16 %specdataflowpipeline_ln0 = specdataflowpipeline void @_ssdm_op_SpecDataflowPipeline, i32, i32, void @empty_21

]]></Node>
<StgValue><ssdm name="specdataflowpipeline_ln0"/></StgValue>
</operation>

<operation id="38" st_id="8" stage="1" lat="1">
<core>NULL</core>
<MemPortIdVec></MemPortIdVec>
<condition id="-1">
<or_exp><and_exp></and_exp></or_exp>
</condition>

<Node id="26" bw="0" op_0_bw="0" op_1_bw="0">
<![CDATA[
.split:17 %spectopmodule_ln0 = spectopmodule void @_ssdm_op_SpecTopModule, void @empty_1

]]></Node>
<StgValue><ssdm name="spectopmodule_ln0"/></StgValue>
</operation>

<operation id="39" st_id="8" stage="1" lat="1">
<core>NULL</core>
<MemPortIdVec></MemPortIdVec>
<condition id="-1">
<or_exp><and_exp></and_exp></or_exp>
</condition>

<Node id="27" bw="0" op_0_bw="0" op_1_bw="8" op_2_bw="0" op_3_bw="32" op_4_bw="32" op_5_bw="0" op_6_bw="32" op_7_bw="32" op_8_bw="0" op_9_bw="0" op_10_bw="0" op_11_bw="32" op_12_bw="32" op_13_bw="32" op_14_bw="32" op_15_bw="0" op_16_bw="0">
<![CDATA[
.split:18 %specinterface_ln0 = specinterface void @_ssdm_op_SpecInterface, i8 %gmem0, void @empty_12, i32, i32, void @empty_21, i32, i32, void @empty_21, void @empty_21, void @empty_21, i32, i32, i32, i32, void @empty_21, void @empty_21

]]></Node>
<StgValue><ssdm name="specinterface_ln0"/></StgValue>
</operation>

<operation id="40" st_id="8" stage="1" lat="1">
<core>NULL</core>
<MemPortIdVec></MemPortIdVec>
<condition id="-1">
<or_exp><and_exp></and_exp></or_exp>
</condition>

<Node id="28" bw="0" op_0_bw="0" op_1_bw="8">
<![CDATA[
.split:19 %specbitsmap_ln0 = specbitsmap void @_ssdm_op_SpecBitsMap, i8 %gmem0

]]></Node>
<StgValue><ssdm name="specbitsmap_ln0"/></StgValue>
</operation>

<operation id="41" st_id="8" stage="1" lat="1">
<core>NULL</core>
<MemPortIdVec></MemPortIdVec>
<condition id="-1">
<or_exp><and_exp></and_exp></or_exp>
</condition>

<Node id="29" bw="0" op_0_bw="0" op_1_bw="8" op_2_bw="0" op_3_bw="32" op_4_bw="32" op_5_bw="0" op_6_bw="32" op_7_bw="32" op_8_bw="0" op_9_bw="0" op_10_bw="0" op_11_bw="32" op_12_bw="32" op_13_bw="32" op_14_bw="32" op_15_bw="0" op_16_bw="0">
<![CDATA[
.split:20 %specinterface_ln0 = specinterface void @_ssdm_op_SpecInterface, i8 %gmem1, void @empty_12, i32, i32, void @empty_21, i32, i32, void @empty_21, void @empty_21, void @empty_21, i32, i32, i32, i32, void @empty_21, void @empty_21

]]></Node>
<StgValue><ssdm name="specinterface_ln0"/></StgValue>
</operation>

<operation id="42" st_id="8" stage="1" lat="1">
<core>NULL</core>
<MemPortIdVec></MemPortIdVec>
<condition id="-1">
<or_exp><and_exp></and_exp></or_exp>
</condition>

<Node id="30" bw="0" op_0_bw="0" op_1_bw="8">
<![CDATA[
.split:21 %specbitsmap_ln0 = specbitsmap void @_ssdm_op_SpecBitsMap, i8 %gmem1

]]></Node>
<StgValue><ssdm name="specbitsmap_ln0"/></StgValue>
</operation>

<operation id="43" st_id="8" stage="1" lat="1">
<core>NULL</core>
<MemPortIdVec></MemPortIdVec>
<condition id="-1">
<or_exp><and_exp></and_exp></or_exp>
</condition>

<Node id="31" bw="0" op_0_bw="0" op_1_bw="8" op_2_bw="0" op_3_bw="32" op_4_bw="32" op_5_bw="0" op_6_bw="32" op_7_bw="32" op_8_bw="0" op_9_bw="0" op_10_bw="0" op_11_bw="32" op_12_bw="32" op_13_bw="32" op_14_bw="32" op_15_bw="0" op_16_bw="0">
<![CDATA[
.split:22 %specinterface_ln0 = specinterface void @_ssdm_op_SpecInterface, i8 %gmem2, void @empty_12, i32, i32, void @empty_21, i32, i32, void @empty_21, void @empty_21, void @empty_21, i32, i32, i32, i32, void @empty_21, void @empty_21

]]></Node>
<StgValue><ssdm name="specinterface_ln0"/></StgValue>
</operation>

<operation id="44" st_id="8" stage="1" lat="1">
<core>NULL</core>
<MemPortIdVec></MemPortIdVec>
<condition id="-1">
<or_exp><and_exp></and_exp></or_exp>
</condition>

<Node id="32" bw="0" op_0_bw="0" op_1_bw="8">
<![CDATA[
.split:23 %specbitsmap_ln0 = specbitsmap void @_ssdm_op_SpecBitsMap, i8 %gmem2

]]></Node>
<StgValue><ssdm name="specbitsmap_ln0"/></StgValue>
</operation>

<operation id="45" st_id="8" stage="1" lat="1">
<core>NULL</core>
<MemPortIdVec></MemPortIdVec>
<condition id="-1">
<or_exp><and_exp></and_exp></or_exp>
</condition>

<Node id="33" bw="0" op_0_bw="0" op_1_bw="64" op_2_bw="0" op_3_bw="32" op_4_bw="32" op_5_bw="0" op_6_bw="32" op_7_bw="32" op_8_bw="0" op_9_bw="0" op_10_bw="0" op_11_bw="32" op_12_bw="32" op_13_bw="32" op_14_bw="32" op_15_bw="0" op_16_bw="0">
<![CDATA[
.split:24 %specinterface_ln0 = specinterface void @_ssdm_op_SpecInterface, i64 %img_in, void @empty_13, i32, i32, void @empty_21, i32, i32, void @empty_16, void @empty_5, void @empty_21, i32, i32, i32, i32, void @empty_21, void @empty_17

]]></Node>
<StgValue><ssdm name="specinterface_ln0"/></StgValue>
</operation>

<operation id="46" st_id="8" stage="1" lat="1">
<core>NULL</core>
<MemPortIdVec></MemPortIdVec>
<condition id="-1">
<or_exp><and_exp></and_exp></or_exp>
</condition>

<Node id="34" bw="0" op_0_bw="0" op_1_bw="64" op_2_bw="0" op_3_bw="32" op_4_bw="32" op_5_bw="0" op_6_bw="32" op_7_bw="32" op_8_bw="0" op_9_bw="0" op_10_bw="0" op_11_bw="32" op_12_bw="32" op_13_bw="32" op_14_bw="32" op_15_bw="0" op_16_bw="0">
<![CDATA[
.split:25 %specinterface_ln0 = specinterface void @_ssdm_op_SpecInterface, i64 %img_in, void @empty_18, i32, i32, void @empty_21, i32, i32, void @empty_21, void @empty_21, void @empty_21, i32, i32, i32, i32, void @empty_21, void @empty_17

]]></Node>
<StgValue><ssdm name="specinterface_ln0"/></StgValue>
</operation>

<operation id="47" st_id="8" stage="1" lat="1">
<core>NULL</core>
<MemPortIdVec></MemPortIdVec>
<condition id="-1">
<or_exp><and_exp></and_exp></or_exp>
</condition>

<Node id="35" bw="0" op_0_bw="0" op_1_bw="64" op_2_bw="0" op_3_bw="32" op_4_bw="32" op_5_bw="0" op_6_bw="32" op_7_bw="32" op_8_bw="0" op_9_bw="0" op_10_bw="0" op_11_bw="32" op_12_bw="32" op_13_bw="32" op_14_bw="32" op_15_bw="0" op_16_bw="0">
<![CDATA[
.split:26 %specinterface_ln0 = specinterface void @_ssdm_op_SpecInterface, i64 %process_shape, void @empty_13, i32, i32, void @empty_21, i32, i32, void @empty_16, void @empty_19, void @empty_21, i32, i32, i32, i32, void @empty_21, void @empty_17

]]></Node>
<StgValue><ssdm name="specinterface_ln0"/></StgValue>
</operation>

<operation id="48" st_id="8" stage="1" lat="1">
<core>NULL</core>
<MemPortIdVec></MemPortIdVec>
<condition id="-1">
<or_exp><and_exp></and_exp></or_exp>
</condition>

<Node id="36" bw="0" op_0_bw="0" op_1_bw="64" op_2_bw="0" op_3_bw="32" op_4_bw="32" op_5_bw="0" op_6_bw="32" op_7_bw="32" op_8_bw="0" op_9_bw="0" op_10_bw="0" op_11_bw="32" op_12_bw="32" op_13_bw="32" op_14_bw="32" op_15_bw="0" op_16_bw="0">
<![CDATA[
.split:27 %specinterface_ln0 = specinterface void @_ssdm_op_SpecInterface, i64 %process_shape, void @empty_18, i32, i32, void @empty_21, i32, i32, void @empty_21, void @empty_21, void @empty_21, i32, i32, i32, i32, void @empty_21, void @empty_17

]]></Node>
<StgValue><ssdm name="specinterface_ln0"/></StgValue>
</operation>

<operation id="49" st_id="8" stage="1" lat="1">
<core>NULL</core>
<MemPortIdVec></MemPortIdVec>
<condition id="-1">
<or_exp><and_exp></and_exp></or_exp>
</condition>

<Node id="37" bw="0" op_0_bw="0" op_1_bw="64" op_2_bw="0" op_3_bw="32" op_4_bw="32" op_5_bw="0" op_6_bw="32" op_7_bw="32" op_8_bw="0" op_9_bw="0" op_10_bw="0" op_11_bw="32" op_12_bw="32" op_13_bw="32" op_14_bw="32" op_15_bw="0" op_16_bw="0">
<![CDATA[
.split:28 %specinterface_ln0 = specinterface void @_ssdm_op_SpecInterface, i64 %img_out, void @empty_13, i32, i32, void @empty_21, i32, i32, void @empty_16, void @empty, void @empty_21, i32, i32, i32, i32, void @empty_21, void @empty_17

]]></Node>
<StgValue><ssdm name="specinterface_ln0"/></StgValue>
</operation>

<operation id="50" st_id="8" stage="1" lat="1">
<core>NULL</core>
<MemPortIdVec></MemPortIdVec>
<condition id="-1">
<or_exp><and_exp></and_exp></or_exp>
</condition>

<Node id="38" bw="0" op_0_bw="0" op_1_bw="64" op_2_bw="0" op_3_bw="32" op_4_bw="32" op_5_bw="0" op_6_bw="32" op_7_bw="32" op_8_bw="0" op_9_bw="0" op_10_bw="0" op_11_bw="32" op_12_bw="32" op_13_bw="32" op_14_bw="32" op_15_bw="0" op_16_bw="0">
<![CDATA[
.split:29 %specinterface_ln0 = specinterface void @_ssdm_op_SpecInterface, i64 %img_out, void @empty_18, i32, i32, void @empty_21, i32, i32, void @empty_21, void @empty_21, void @empty_21, i32, i32, i32, i32, void @empty_21, void @empty_17

]]></Node>
<StgValue><ssdm name="specinterface_ln0"/></StgValue>
</operation>

<operation id="51" st_id="8" stage="1" lat="1">
<core>NULL</core>
<MemPortIdVec></MemPortIdVec>
<condition id="-1">
<or_exp><and_exp></and_exp></or_exp>
</condition>

<Node id="39" bw="0" op_0_bw="0" op_1_bw="32">
<![CDATA[
.split:30 %specbitsmap_ln0 = specbitsmap void @_ssdm_op_SpecBitsMap, i32 %height

]]></Node>
<StgValue><ssdm name="specbitsmap_ln0"/></StgValue>
</operation>

<operation id="52" st_id="8" stage="1" lat="1">
<core>NULL</core>
<MemPortIdVec></MemPortIdVec>
<condition id="-1">
<or_exp><and_exp></and_exp></or_exp>
</condition>

<Node id="40" bw="0" op_0_bw="0" op_1_bw="32" op_2_bw="0" op_3_bw="32" op_4_bw="32" op_5_bw="0" op_6_bw="32" op_7_bw="32" op_8_bw="0" op_9_bw="0" op_10_bw="0" op_11_bw="32" op_12_bw="32" op_13_bw="32" op_14_bw="32" op_15_bw="0" op_16_bw="0">
<![CDATA[
.split:31 %specinterface_ln0 = specinterface void @_ssdm_op_SpecInterface, i32 %height, void @empty_18, i32, i32, void @empty_21, i32, i32, void @empty_21, void @empty_21, void @empty_21, i32, i32, i32, i32, void @empty_21, void @empty_21

]]></Node>
<StgValue><ssdm name="specinterface_ln0"/></StgValue>
</operation>

<operation id="53" st_id="8" stage="1" lat="1">
<core>NULL</core>
<MemPortIdVec></MemPortIdVec>
<condition id="-1">
<or_exp><and_exp></and_exp></or_exp>
</condition>

<Node id="41" bw="0" op_0_bw="0" op_1_bw="32">
<![CDATA[
.split:32 %specbitsmap_ln0 = specbitsmap void @_ssdm_op_SpecBitsMap, i32 %width

]]></Node>
<StgValue><ssdm name="specbitsmap_ln0"/></StgValue>
</operation>

<operation id="54" st_id="8" stage="1" lat="1">
<core>NULL</core>
<MemPortIdVec></MemPortIdVec>
<condition id="-1">
<or_exp><and_exp></and_exp></or_exp>
</condition>

<Node id="42" bw="0" op_0_bw="0" op_1_bw="32" op_2_bw="0" op_3_bw="32" op_4_bw="32" op_5_bw="0" op_6_bw="32" op_7_bw="32" op_8_bw="0" op_9_bw="0" op_10_bw="0" op_11_bw="32" op_12_bw="32" op_13_bw="32" op_14_bw="32" op_15_bw="0" op_16_bw="0">
<![CDATA[
.split:33 %specinterface_ln0 = specinterface void @_ssdm_op_SpecInterface, i32 %width, void @empty_18, i32, i32, void @empty_21, i32, i32, void @empty_21, void @empty_21, void @empty_21, i32, i32, i32, i32, void @empty_21, void @empty_21

]]></Node>
<StgValue><ssdm name="specinterface_ln0"/></StgValue>
</operation>

<operation id="55" st_id="8" stage="1" lat="1">
<core>NULL</core>
<MemPortIdVec></MemPortIdVec>
<condition id="-1">
<or_exp><and_exp></and_exp></or_exp>
</condition>

<Node id="43" bw="0" op_0_bw="0" op_1_bw="32" op_2_bw="0" op_3_bw="32" op_4_bw="32" op_5_bw="0" op_6_bw="32" op_7_bw="32" op_8_bw="0" op_9_bw="0" op_10_bw="0" op_11_bw="32" op_12_bw="32" op_13_bw="32" op_14_bw="32" op_15_bw="0" op_16_bw="0">
<![CDATA[
.split:34 %specinterface_ln0 = specinterface void @_ssdm_op_SpecInterface, i32, void @empty_13, i32, i32, void @empty_21, i32, i32, void @empty_15, void @empty_21, void @empty_21, i32, i32, i32, i32, void @empty_21, void @empty_21

]]></Node>
<StgValue><ssdm name="specinterface_ln0"/></StgValue>
</operation>

<operation id="56" st_id="8" stage="1" lat="1">
<core>NULL</core>
<MemPortIdVec></MemPortIdVec>
<condition id="-1">
<or_exp><and_exp></and_exp></or_exp>
</condition>

<Node id="45" bw="32" op_0_bw="32" op_1_bw="0" op_2_bw="32" op_3_bw="0" op_4_bw="0" op_5_bw="32" op_6_bw="32" op_7_bw="8" op_8_bw="8">
<![CDATA[
.split:36 %empty = specchannel i32 @_ssdm_op_SpecChannel, void @imgInput_OC_data_str, i32, void @p_str, void @p_str, i32, i32, i8 %imgInput_data, i8 %imgInput_data

]]></Node>
<StgValue><ssdm name="empty"/></StgValue>
</operation>

<operation id="57" st_id="8" stage="1" lat="1">
<core>NULL</core>
<MemPortIdVec></MemPortIdVec>
<condition id="-1">
<or_exp><and_exp></and_exp></or_exp>
</condition>

<Node id="46" bw="0" op_0_bw="0" op_1_bw="8" op_2_bw="0" op_3_bw="32" op_4_bw="32" op_5_bw="0" op_6_bw="32" op_7_bw="32" op_8_bw="0" op_9_bw="0" op_10_bw="0" op_11_bw="32" op_12_bw="32" op_13_bw="32" op_14_bw="32" op_15_bw="0" op_16_bw="0">
<![CDATA[
.split:37 %specinterface_ln0 = specinterface void @_ssdm_op_SpecInterface, i8 %imgInput_data, void @empty_0, i32, i32, void @empty_21, i32, i32, void @empty_21, void @empty_21, void @empty_21, i32, i32, i32, i32, void @empty_21, void @empty_21

]]></Node>
<StgValue><ssdm name="specinterface_ln0"/></StgValue>
</operation>

<operation id="58" st_id="8" stage="1" lat="1">
<core>NULL</core>
<MemPortIdVec></MemPortIdVec>
<condition id="-1">
<or_exp><and_exp></and_exp></or_exp>
</condition>

<Node id="48" bw="32" op_0_bw="32" op_1_bw="0" op_2_bw="32" op_3_bw="0" op_4_bw="0" op_5_bw="32" op_6_bw="32" op_7_bw="8" op_8_bw="8">
<![CDATA[
.split:39 %empty_48 = specchannel i32 @_ssdm_op_SpecChannel, void @imgOutput_OC_data_str, i32, void @p_str, void @p_str, i32, i32, i8 %imgOutput_data, i8 %imgOutput_data

]]></Node>
<StgValue><ssdm name="empty_48"/></StgValue>
</operation>

<operation id="59" st_id="8" stage="1" lat="1">
<core>NULL</core>
<MemPortIdVec></MemPortIdVec>
<condition id="-1">
<or_exp><and_exp></and_exp></or_exp>
</condition>

<Node id="49" bw="0" op_0_bw="0" op_1_bw="8" op_2_bw="0" op_3_bw="32" op_4_bw="32" op_5_bw="0" op_6_bw="32" op_7_bw="32" op_8_bw="0" op_9_bw="0" op_10_bw="0" op_11_bw="32" op_12_bw="32" op_13_bw="32" op_14_bw="32" op_15_bw="0" op_16_bw="0">
<![CDATA[
.split:40 %specinterface_ln0 = specinterface void @_ssdm_op_SpecInterface, i8 %imgOutput_data, void @empty_0, i32, i32, void @empty_21, i32, i32, void @empty_21, void @empty_21, void @empty_21, i32, i32, i32, i32, void @empty_21, void @empty_21

]]></Node>
<StgValue><ssdm name="specinterface_ln0"/></StgValue>
</operation>

<operation id="60" st_id="8" stage="1" lat="1">
<core>NULL</core>
<MemPortIdVec></MemPortIdVec>
<condition id="-1">
<or_exp><and_exp></and_exp></or_exp>
</condition>

<Node id="51" bw="32" op_0_bw="32" op_1_bw="0" op_2_bw="32" op_3_bw="0" op_4_bw="0" op_5_bw="32" op_6_bw="32" op_7_bw="64" op_8_bw="64">
<![CDATA[
.split:42 %empty_49 = specchannel i32 @_ssdm_op_SpecChannel, void @img_in_c_str, i32, void @p_str, void @p_str, i32, i32, i64 %img_in_c, i64 %img_in_c

]]></Node>
<StgValue><ssdm name="empty_49"/></StgValue>
</operation>

<operation id="61" st_id="8" stage="1" lat="1">
<core>NULL</core>
<MemPortIdVec></MemPortIdVec>
<condition id="-1">
<or_exp><and_exp></and_exp></or_exp>
</condition>

<Node id="52" bw="0" op_0_bw="0" op_1_bw="64" op_2_bw="0" op_3_bw="32" op_4_bw="32" op_5_bw="0" op_6_bw="32" op_7_bw="32" op_8_bw="0" op_9_bw="0" op_10_bw="0" op_11_bw="32" op_12_bw="32" op_13_bw="32" op_14_bw="32" op_15_bw="0" op_16_bw="0">
<![CDATA[
.split:43 %specinterface_ln22 = specinterface void @_ssdm_op_SpecInterface, i64 %img_in_c, void @ap_fifo_str, i32, i32, void @p_str, i32, i32, void @p_str, void @p_str, void @p_str, i32, i32, i32, i32, void @p_str, void @p_str

]]></Node>
<StgValue><ssdm name="specinterface_ln22"/></StgValue>
</operation>

<operation id="62" st_id="8" stage="1" lat="1">
<core>NULL</core>
<MemPortIdVec></MemPortIdVec>
<condition id="-1">
<or_exp><and_exp></and_exp></or_exp>
</condition>

<Node id="53" bw="32" op_0_bw="32" op_1_bw="0" op_2_bw="32" op_3_bw="0" op_4_bw="0" op_5_bw="32" op_6_bw="32" op_7_bw="64" op_8_bw="64">
<![CDATA[
.split:44 %empty_50 = specchannel i32 @_ssdm_op_SpecChannel, void @process_shape_c_str, i32, void @p_str, void @p_str, i32, i32, i64 %process_shape_c, i64 %process_shape_c

]]></Node>
<StgValue><ssdm name="empty_50"/></StgValue>
</operation>

<operation id="63" st_id="8" stage="1" lat="1">
<core>NULL</core>
<MemPortIdVec></MemPortIdVec>
<condition id="-1">
<or_exp><and_exp></and_exp></or_exp>
</condition>

<Node id="54" bw="0" op_0_bw="0" op_1_bw="64" op_2_bw="0" op_3_bw="32" op_4_bw="32" op_5_bw="0" op_6_bw="32" op_7_bw="32" op_8_bw="0" op_9_bw="0" op_10_bw="0" op_11_bw="32" op_12_bw="32" op_13_bw="32" op_14_bw="32" op_15_bw="0" op_16_bw="0">
<![CDATA[
.split:45 %specinterface_ln22 = specinterface void @_ssdm_op_SpecInterface, i64 %process_shape_c, void @ap_fifo_str, i32, i32, void @p_str, i32, i32, void @p_str, void @p_str, void @p_str, i32, i32, i32, i32, void @p_str, void @p_str

]]></Node>
<StgValue><ssdm name="specinterface_ln22"/></StgValue>
</operation>

<operation id="64" st_id="8" stage="1" lat="1">
<core>NULL</core>
<MemPortIdVec></MemPortIdVec>
<condition id="-1">
<or_exp><and_exp></and_exp></or_exp>
</condition>

<Node id="55" bw="32" op_0_bw="32" op_1_bw="0" op_2_bw="32" op_3_bw="0" op_4_bw="0" op_5_bw="32" op_6_bw="32" op_7_bw="64" op_8_bw="64">
<![CDATA[
.split:46 %empty_51 = specchannel i32 @_ssdm_op_SpecChannel, void @img_out_c_str, i32, void @p_str, void @p_str, i32, i32, i64 %img_out_c, i64 %img_out_c

]]></Node>
<StgValue><ssdm name="empty_51"/></StgValue>
</operation>

<operation id="65" st_id="8" stage="1" lat="1">
<core>NULL</core>
<MemPortIdVec></MemPortIdVec>
<condition id="-1">
<or_exp><and_exp></and_exp></or_exp>
</condition>

<Node id="56" bw="0" op_0_bw="0" op_1_bw="64" op_2_bw="0" op_3_bw="32" op_4_bw="32" op_5_bw="0" op_6_bw="32" op_7_bw="32" op_8_bw="0" op_9_bw="0" op_10_bw="0" op_11_bw="32" op_12_bw="32" op_13_bw="32" op_14_bw="32" op_15_bw="0" op_16_bw="0">
<![CDATA[
.split:47 %specinterface_ln22 = specinterface void @_ssdm_op_SpecInterface, i64 %img_out_c, void @ap_fifo_str, i32, i32, void @p_str, i32, i32, void @p_str, void @p_str, void @p_str, i32, i32, i32, i32, void @p_str, void @p_str

]]></Node>
<StgValue><ssdm name="specinterface_ln22"/></StgValue>
</operation>

<operation id="66" st_id="8" stage="1" lat="1">
<core>NULL</core>
<MemPortIdVec></MemPortIdVec>
<condition id="-1">
<or_exp><and_exp></and_exp></or_exp>
</condition>

<Node id="57" bw="32" op_0_bw="32" op_1_bw="0" op_2_bw="32" op_3_bw="0" op_4_bw="0" op_5_bw="32" op_6_bw="32" op_7_bw="32" op_8_bw="32">
<![CDATA[
.split:48 %empty_52 = specchannel i32 @_ssdm_op_SpecChannel, void @height_c_str, i32, void @p_str, void @p_str, i32, i32, i32 %height_c, i32 %height_c

]]></Node>
<StgValue><ssdm name="empty_52"/></StgValue>
</operation>

<operation id="67" st_id="8" stage="1" lat="1">
<core>NULL</core>
<MemPortIdVec></MemPortIdVec>
<condition id="-1">
<or_exp><and_exp></and_exp></or_exp>
</condition>

<Node id="58" bw="0" op_0_bw="0" op_1_bw="32" op_2_bw="0" op_3_bw="32" op_4_bw="32" op_5_bw="0" op_6_bw="32" op_7_bw="32" op_8_bw="0" op_9_bw="0" op_10_bw="0" op_11_bw="32" op_12_bw="32" op_13_bw="32" op_14_bw="32" op_15_bw="0" op_16_bw="0">
<![CDATA[
.split:49 %specinterface_ln502 = specinterface void @_ssdm_op_SpecInterface, i32 %height_c, void @ap_fifo_str, i32, i32, void @p_str, i32, i32, void @p_str, void @p_str, void @p_str, i32, i32, i32, i32, void @p_str, void @p_str

]]></Node>
<StgValue><ssdm name="specinterface_ln502"/></StgValue>
</operation>

<operation id="68" st_id="8" stage="1" lat="1">
<core>NULL</core>
<MemPortIdVec></MemPortIdVec>
<condition id="-1">
<or_exp><and_exp></and_exp></or_exp>
</condition>

<Node id="59" bw="32" op_0_bw="32" op_1_bw="0" op_2_bw="32" op_3_bw="0" op_4_bw="0" op_5_bw="32" op_6_bw="32" op_7_bw="32" op_8_bw="32">
<![CDATA[
.split:50 %empty_53 = specchannel i32 @_ssdm_op_SpecChannel, void @width_c_str, i32, void @p_str, void @p_str, i32, i32, i32 %width_c, i32 %width_c

]]></Node>
<StgValue><ssdm name="empty_53"/></StgValue>
</operation>

<operation id="69" st_id="8" stage="1" lat="1">
<core>NULL</core>
<MemPortIdVec></MemPortIdVec>
<condition id="-1">
<or_exp><and_exp></and_exp></or_exp>
</condition>

<Node id="60" bw="0" op_0_bw="0" op_1_bw="32" op_2_bw="0" op_3_bw="32" op_4_bw="32" op_5_bw="0" op_6_bw="32" op_7_bw="32" op_8_bw="0" op_9_bw="0" op_10_bw="0" op_11_bw="32" op_12_bw="32" op_13_bw="32" op_14_bw="32" op_15_bw="0" op_16_bw="0">
<![CDATA[
.split:51 %specinterface_ln503 = specinterface void @_ssdm_op_SpecInterface, i32 %width_c, void @ap_fifo_str, i32, i32, void @p_str, i32, i32, void @p_str, void @p_str, void @p_str, i32, i32, i32, i32, void @p_str, void @p_str

]]></Node>
<StgValue><ssdm name="specinterface_ln503"/></StgValue>
</operation>

<operation id="70" st_id="8" stage="1" lat="1">
<core>NULL</core>
<MemPortIdVec></MemPortIdVec>
<condition id="-1">
<or_exp><and_exp></and_exp></or_exp>
</condition>

<Node id="62" bw="32" op_0_bw="32" op_1_bw="0" op_2_bw="32" op_3_bw="0" op_4_bw="0" op_5_bw="32" op_6_bw="32" op_7_bw="32" op_8_bw="32">
<![CDATA[
.split:53 %empty_54 = specchannel i32 @_ssdm_op_SpecChannel, void @imgInput_OC_rows_c_str, i32, void @p_str, void @p_str, i32, i32, i32 %imgInput_rows_c, i32 %imgInput_rows_c

]]></Node>
<StgValue><ssdm name="empty_54"/></StgValue>
</operation>

<operation id="71" st_id="8" stage="1" lat="1">
<core>NULL</core>
<MemPortIdVec></MemPortIdVec>
<condition id="-1">
<or_exp><and_exp></and_exp></or_exp>
</condition>

<Node id="63" bw="0" op_0_bw="0" op_1_bw="32" op_2_bw="0" op_3_bw="32" op_4_bw="32" op_5_bw="0" op_6_bw="32" op_7_bw="32" op_8_bw="0" op_9_bw="0" op_10_bw="0" op_11_bw="32" op_12_bw="32" op_13_bw="32" op_14_bw="32" op_15_bw="0" op_16_bw="0">
<![CDATA[
.split:54 %specinterface_ln0 = specinterface void @_ssdm_op_SpecInterface, i32 %imgInput_rows_c, void @ap_fifo_str, i32, i32, void @p_str, i32, i32, void @p_str, void @p_str, void @p_str, i32, i32, i32, i32, void @p_str, void @p_str

]]></Node>
<StgValue><ssdm name="specinterface_ln0"/></StgValue>
</operation>

<operation id="72" st_id="8" stage="1" lat="1">
<core>NULL</core>
<MemPortIdVec></MemPortIdVec>
<condition id="-1">
<or_exp><and_exp></and_exp></or_exp>
</condition>

<Node id="64" bw="32" op_0_bw="32" op_1_bw="0" op_2_bw="32" op_3_bw="0" op_4_bw="0" op_5_bw="32" op_6_bw="32" op_7_bw="32" op_8_bw="32">
<![CDATA[
.split:55 %empty_55 = specchannel i32 @_ssdm_op_SpecChannel, void @imgInput_OC_cols_c_str, i32, void @p_str, void @p_str, i32, i32, i32 %imgInput_cols_c, i32 %imgInput_cols_c

]]></Node>
<StgValue><ssdm name="empty_55"/></StgValue>
</operation>

<operation id="73" st_id="8" stage="1" lat="1">
<core>NULL</core>
<MemPortIdVec></MemPortIdVec>
<condition id="-1">
<or_exp><and_exp></and_exp></or_exp>
</condition>

<Node id="65" bw="0" op_0_bw="0" op_1_bw="32" op_2_bw="0" op_3_bw="32" op_4_bw="32" op_5_bw="0" op_6_bw="32" op_7_bw="32" op_8_bw="0" op_9_bw="0" op_10_bw="0" op_11_bw="32" op_12_bw="32" op_13_bw="32" op_14_bw="32" op_15_bw="0" op_16_bw="0">
<![CDATA[
.split:56 %specinterface_ln0 = specinterface void @_ssdm_op_SpecInterface, i32 %imgInput_cols_c, void @ap_fifo_str, i32, i32, void @p_str, i32, i32, void @p_str, void @p_str, void @p_str, i32, i32, i32, i32, void @p_str, void @p_str

]]></Node>
<StgValue><ssdm name="specinterface_ln0"/></StgValue>
</operation>

<operation id="74" st_id="8" stage="1" lat="1">
<core>NULL</core>
<MemPortIdVec></MemPortIdVec>
<condition id="-1">
<or_exp><and_exp></and_exp></or_exp>
</condition>

<Node id="66" bw="32" op_0_bw="32" op_1_bw="0" op_2_bw="32" op_3_bw="0" op_4_bw="0" op_5_bw="32" op_6_bw="32" op_7_bw="32" op_8_bw="32">
<![CDATA[
.split:57 %empty_56 = specchannel i32 @_ssdm_op_SpecChannel, void @imgOutput_OC_rows_c_str, i32, void @p_str, void @p_str, i32, i32, i32 %imgOutput_rows_c, i32 %imgOutput_rows_c

]]></Node>
<StgValue><ssdm name="empty_56"/></StgValue>
</operation>

<operation id="75" st_id="8" stage="1" lat="1">
<core>NULL</core>
<MemPortIdVec></MemPortIdVec>
<condition id="-1">
<or_exp><and_exp></and_exp></or_exp>
</condition>

<Node id="67" bw="0" op_0_bw="0" op_1_bw="32" op_2_bw="0" op_3_bw="32" op_4_bw="32" op_5_bw="0" op_6_bw="32" op_7_bw="32" op_8_bw="0" op_9_bw="0" op_10_bw="0" op_11_bw="32" op_12_bw="32" op_13_bw="32" op_14_bw="32" op_15_bw="0" op_16_bw="0">
<![CDATA[
.split:58 %specinterface_ln0 = specinterface void @_ssdm_op_SpecInterface, i32 %imgOutput_rows_c, void @ap_fifo_str, i32, i32, void @p_str, i32, i32, void @p_str, void @p_str, void @p_str, i32, i32, i32, i32, void @p_str, void @p_str

]]></Node>
<StgValue><ssdm name="specinterface_ln0"/></StgValue>
</operation>

<operation id="76" st_id="8" stage="1" lat="1">
<core>NULL</core>
<MemPortIdVec></MemPortIdVec>
<condition id="-1">
<or_exp><and_exp></and_exp></or_exp>
</condition>

<Node id="68" bw="32" op_0_bw="32" op_1_bw="0" op_2_bw="32" op_3_bw="0" op_4_bw="0" op_5_bw="32" op_6_bw="32" op_7_bw="32" op_8_bw="32">
<![CDATA[
.split:59 %empty_57 = specchannel i32 @_ssdm_op_SpecChannel, void @imgOutput_OC_cols_c_str, i32, void @p_str, void @p_str, i32, i32, i32 %imgOutput_cols_c, i32 %imgOutput_cols_c

]]></Node>
<StgValue><ssdm name="empty_57"/></StgValue>
</operation>

<operation id="77" st_id="8" stage="1" lat="1">
<core>NULL</core>
<MemPortIdVec></MemPortIdVec>
<condition id="-1">
<or_exp><and_exp></and_exp></or_exp>
</condition>

<Node id="69" bw="0" op_0_bw="0" op_1_bw="32" op_2_bw="0" op_3_bw="32" op_4_bw="32" op_5_bw="0" op_6_bw="32" op_7_bw="32" op_8_bw="0" op_9_bw="0" op_10_bw="0" op_11_bw="32" op_12_bw="32" op_13_bw="32" op_14_bw="32" op_15_bw="0" op_16_bw="0">
<![CDATA[
.split:60 %specinterface_ln0 = specinterface void @_ssdm_op_SpecInterface, i32 %imgOutput_cols_c, void @ap_fifo_str, i32, i32, void @p_str, i32, i32, void @p_str, void @p_str, void @p_str, i32, i32, i32, i32, void @p_str, void @p_str

]]></Node>
<StgValue><ssdm name="specinterface_ln0"/></StgValue>
</operation>

<operation id="78" st_id="8" stage="1" lat="1">
<core>NULL</core>
<MemPortIdVec></MemPortIdVec>
<condition id="-1">
<or_exp><and_exp></and_exp></or_exp>
</condition>

<Node id="72" bw="32" op_0_bw="32" op_1_bw="0" op_2_bw="32" op_3_bw="0" op_4_bw="0" op_5_bw="32" op_6_bw="32" op_7_bw="32" op_8_bw="32">
<![CDATA[
.split:63 %empty_58 = specchannel i32 @_ssdm_op_SpecChannel, void @imgInput_OC_rows_c9_str, i32, void @p_str, void @p_str, i32, i32, i32 %imgInput_rows_c9, i32 %imgInput_rows_c9

]]></Node>
<StgValue><ssdm name="empty_58"/></StgValue>
</operation>

<operation id="79" st_id="8" stage="1" lat="1">
<core>NULL</core>
<MemPortIdVec></MemPortIdVec>
<condition id="-1">
<or_exp><and_exp></and_exp></or_exp>
</condition>

<Node id="73" bw="0" op_0_bw="0" op_1_bw="32" op_2_bw="0" op_3_bw="32" op_4_bw="32" op_5_bw="0" op_6_bw="32" op_7_bw="32" op_8_bw="0" op_9_bw="0" op_10_bw="0" op_11_bw="32" op_12_bw="32" op_13_bw="32" op_14_bw="32" op_15_bw="0" op_16_bw="0">
<![CDATA[
.split:64 %specinterface_ln0 = specinterface void @_ssdm_op_SpecInterface, i32 %imgInput_rows_c9, void @ap_fifo_str, i32, i32, void @p_str, i32, i32, void @p_str, void @p_str, void @p_str, i32, i32, i32, i32, void @p_str, void @p_str

]]></Node>
<StgValue><ssdm name="specinterface_ln0"/></StgValue>
</operation>

<operation id="80" st_id="8" stage="1" lat="1">
<core>NULL</core>
<MemPortIdVec></MemPortIdVec>
<condition id="-1">
<or_exp><and_exp></and_exp></or_exp>
</condition>

<Node id="74" bw="32" op_0_bw="32" op_1_bw="0" op_2_bw="32" op_3_bw="0" op_4_bw="0" op_5_bw="32" op_6_bw="32" op_7_bw="32" op_8_bw="32">
<![CDATA[
.split:65 %empty_59 = specchannel i32 @_ssdm_op_SpecChannel, void @imgInput_OC_cols_c10_str, i32, void @p_str, void @p_str, i32, i32, i32 %imgInput_cols_c10, i32 %imgInput_cols_c10

]]></Node>
<StgValue><ssdm name="empty_59"/></StgValue>
</operation>

<operation id="81" st_id="8" stage="1" lat="1">
<core>NULL</core>
<MemPortIdVec></MemPortIdVec>
<condition id="-1">
<or_exp><and_exp></and_exp></or_exp>
</condition>

<Node id="75" bw="0" op_0_bw="0" op_1_bw="32" op_2_bw="0" op_3_bw="32" op_4_bw="32" op_5_bw="0" op_6_bw="32" op_7_bw="32" op_8_bw="0" op_9_bw="0" op_10_bw="0" op_11_bw="32" op_12_bw="32" op_13_bw="32" op_14_bw="32" op_15_bw="0" op_16_bw="0">
<![CDATA[
.split:66 %specinterface_ln0 = specinterface void @_ssdm_op_SpecInterface, i32 %imgInput_cols_c10, void @ap_fifo_str, i32, i32, void @p_str, i32, i32, void @p_str, void @p_str, void @p_str, i32, i32, i32, i32, void @p_str, void @p_str

]]></Node>
<StgValue><ssdm name="specinterface_ln0"/></StgValue>
</operation>

<operation id="82" st_id="8" stage="1" lat="2">
<core></core>
<MemPortIdVec></MemPortIdVec>
<condition id="-1">
<or_exp><and_exp></and_exp></or_exp>
</condition>

<Node id="78" bw="0" op_0_bw="0" op_1_bw="8" op_2_bw="8" op_3_bw="32" op_4_bw="32" op_5_bw="64" op_6_bw="0" op_7_bw="0">
<![CDATA[
.split:69 %call_ln53 = call void @xfMat2Array<8, 0, 128, 128, 1>, i8 %imgOutput_data, i8 %gmem2, i32 %imgOutput_rows_c, i32 %imgOutput_cols_c, i64 %img_out_c, void %call_ln49, void %call_ln49

]]></Node>
<StgValue><ssdm name="call_ln53"/></StgValue>
</operation>

<operation id="83" st_id="8" stage="1" lat="1">
<core>NULL</core>
<MemPortIdVec></MemPortIdVec>
<condition id="-1">
<or_exp><and_exp></and_exp></or_exp>
</condition>

<Node id="79" bw="0">
<![CDATA[
.split:70 %ret_ln56 = ret

]]></Node>
<StgValue><ssdm name="ret_ln56"/></StgValue>
</operation>
</state>
</state_list>


<ports>
</ports>


<dataflows>
</dataflows>


</stg>
