<stg><name>erosion_accel.entry39</name>


<trans_list>
</trans_list>



<state_list>

<state id="1" st_id="1">

<operation id="2" st_id="1" stage="1" lat="1">
<core>NULL</core>
<MemPortIdVec></MemPortIdVec>
<condition id="-1">
<or_exp><and_exp></and_exp></or_exp>
</condition>

<Node id="11" bw="0" op_0_bw="0" op_1_bw="64" op_2_bw="0" op_3_bw="32" op_4_bw="32" op_5_bw="0" op_6_bw="32" op_7_bw="32" op_8_bw="0" op_9_bw="0" op_10_bw="0" op_11_bw="32" op_12_bw="32" op_13_bw="32" op_14_bw="32" op_15_bw="0" op_16_bw="0">
<![CDATA[
entry:0 %specinterface_ln0 = specinterface void @_ssdm_op_SpecInterface, i64 %img_in_out, void @ap_fifo_str, i32, i32, void @p_str, i32, i32, void @p_str, void @p_str, void @p_str, i32, i32, i32, i32, void @p_str, void @ScalarProp_str

]]></Node>
<StgValue><ssdm name="specinterface_ln0"/></StgValue>
</operation>

<operation id="3" st_id="1" stage="1" lat="1">
<core>NULL</core>
<MemPortIdVec></MemPortIdVec>
<condition id="-1">
<or_exp><and_exp></and_exp></or_exp>
</condition>

<Node id="12" bw="32" op_0_bw="32" op_1_bw="32">
<![CDATA[
entry:1 %width_read = read i32 @_ssdm_op_Read.ap_auto.i32, i32 %width

]]></Node>
<StgValue><ssdm name="width_read"/></StgValue>
</operation>

<operation id="4" st_id="1" stage="1" lat="1">
<core>NULL</core>
<MemPortIdVec></MemPortIdVec>
<condition id="-1">
<or_exp><and_exp></and_exp></or_exp>
</condition>

<Node id="13" bw="32" op_0_bw="32" op_1_bw="32">
<![CDATA[
entry:2 %height_read = read i32 @_ssdm_op_Read.ap_auto.i32, i32 %height

]]></Node>
<StgValue><ssdm name="height_read"/></StgValue>
</operation>

<operation id="5" st_id="1" stage="1" lat="1">
<core>NULL</core>
<MemPortIdVec></MemPortIdVec>
<condition id="-1">
<or_exp><and_exp></and_exp></or_exp>
</condition>

<Node id="14" bw="64" op_0_bw="64" op_1_bw="64">
<![CDATA[
entry:3 %img_out_read = read i64 @_ssdm_op_Read.ap_auto.i64, i64 %img_out

]]></Node>
<StgValue><ssdm name="img_out_read"/></StgValue>
</operation>

<operation id="6" st_id="1" stage="1" lat="1">
<core>NULL</core>
<MemPortIdVec></MemPortIdVec>
<condition id="-1">
<or_exp><and_exp></and_exp></or_exp>
</condition>

<Node id="15" bw="64" op_0_bw="64" op_1_bw="64">
<![CDATA[
entry:4 %process_shape_read = read i64 @_ssdm_op_Read.ap_auto.i64, i64 %process_shape

]]></Node>
<StgValue><ssdm name="process_shape_read"/></StgValue>
</operation>

<operation id="7" st_id="1" stage="1" lat="1">
<core>NULL</core>
<MemPortIdVec></MemPortIdVec>
<condition id="-1">
<or_exp><and_exp></and_exp></or_exp>
</condition>

<Node id="16" bw="64" op_0_bw="64" op_1_bw="64">
<![CDATA[
entry:5 %img_in_read = read i64 @_ssdm_op_Read.ap_auto.i64, i64 %img_in

]]></Node>
<StgValue><ssdm name="img_in_read"/></StgValue>
</operation>

<operation id="8" st_id="1" stage="1" lat="1">
<core>FIFO_SRL</core>
<MemPortIdVec></MemPortIdVec>
<condition id="-1">
<or_exp><and_exp></and_exp></or_exp>
</condition>

<Node id="17" bw="0" op_0_bw="0" op_1_bw="64" op_2_bw="64">
<![CDATA[
entry:6 %write_ln0 = write void @_ssdm_op_Write.ap_fifo.i64P, i64 %img_in_out, i64 %img_in_read

]]></Node>
<StgValue><ssdm name="write_ln0"/></StgValue>
</operation>

<operation id="9" st_id="1" stage="1" lat="1">
<core>NULL</core>
<MemPortIdVec></MemPortIdVec>
<condition id="-1">
<or_exp><and_exp></and_exp></or_exp>
</condition>

<Node id="18" bw="0" op_0_bw="0" op_1_bw="64" op_2_bw="0" op_3_bw="32" op_4_bw="32" op_5_bw="0" op_6_bw="32" op_7_bw="32" op_8_bw="0" op_9_bw="0" op_10_bw="0" op_11_bw="32" op_12_bw="32" op_13_bw="32" op_14_bw="32" op_15_bw="0" op_16_bw="0">
<![CDATA[
entry:7 %specinterface_ln0 = specinterface void @_ssdm_op_SpecInterface, i64 %process_shape_out, void @ap_fifo_str, i32, i32, void @p_str, i32, i32, void @p_str, void @p_str, void @p_str, i32, i32, i32, i32, void @p_str, void @ScalarProp_str

]]></Node>
<StgValue><ssdm name="specinterface_ln0"/></StgValue>
</operation>

<operation id="10" st_id="1" stage="1" lat="1">
<core>FIFO_SRL</core>
<MemPortIdVec></MemPortIdVec>
<condition id="-1">
<or_exp><and_exp></and_exp></or_exp>
</condition>

<Node id="19" bw="0" op_0_bw="0" op_1_bw="64" op_2_bw="64">
<![CDATA[
entry:8 %write_ln0 = write void @_ssdm_op_Write.ap_fifo.i64P, i64 %process_shape_out, i64 %process_shape_read

]]></Node>
<StgValue><ssdm name="write_ln0"/></StgValue>
</operation>

<operation id="11" st_id="1" stage="1" lat="1">
<core>NULL</core>
<MemPortIdVec></MemPortIdVec>
<condition id="-1">
<or_exp><and_exp></and_exp></or_exp>
</condition>

<Node id="20" bw="0" op_0_bw="0" op_1_bw="64" op_2_bw="0" op_3_bw="32" op_4_bw="32" op_5_bw="0" op_6_bw="32" op_7_bw="32" op_8_bw="0" op_9_bw="0" op_10_bw="0" op_11_bw="32" op_12_bw="32" op_13_bw="32" op_14_bw="32" op_15_bw="0" op_16_bw="0">
<![CDATA[
entry:9 %specinterface_ln0 = specinterface void @_ssdm_op_SpecInterface, i64 %img_out_out, void @ap_fifo_str, i32, i32, void @p_str, i32, i32, void @p_str, void @p_str, void @p_str, i32, i32, i32, i32, void @p_str, void @ScalarProp_str

]]></Node>
<StgValue><ssdm name="specinterface_ln0"/></StgValue>
</operation>

<operation id="12" st_id="1" stage="1" lat="1">
<core>FIFO_SRL</core>
<MemPortIdVec></MemPortIdVec>
<condition id="-1">
<or_exp><and_exp></and_exp></or_exp>
</condition>

<Node id="21" bw="0" op_0_bw="0" op_1_bw="64" op_2_bw="64">
<![CDATA[
entry:10 %write_ln0 = write void @_ssdm_op_Write.ap_fifo.i64P, i64 %img_out_out, i64 %img_out_read

]]></Node>
<StgValue><ssdm name="write_ln0"/></StgValue>
</operation>

<operation id="13" st_id="1" stage="1" lat="1">
<core>NULL</core>
<MemPortIdVec></MemPortIdVec>
<condition id="-1">
<or_exp><and_exp></and_exp></or_exp>
</condition>

<Node id="22" bw="0" op_0_bw="0" op_1_bw="32" op_2_bw="0" op_3_bw="32" op_4_bw="32" op_5_bw="0" op_6_bw="32" op_7_bw="32" op_8_bw="0" op_9_bw="0" op_10_bw="0" op_11_bw="32" op_12_bw="32" op_13_bw="32" op_14_bw="32" op_15_bw="0" op_16_bw="0">
<![CDATA[
entry:11 %specinterface_ln0 = specinterface void @_ssdm_op_SpecInterface, i32 %height_out, void @ap_fifo_str, i32, i32, void @p_str, i32, i32, void @p_str, void @p_str, void @p_str, i32, i32, i32, i32, void @p_str, void @ScalarProp_str

]]></Node>
<StgValue><ssdm name="specinterface_ln0"/></StgValue>
</operation>

<operation id="14" st_id="1" stage="1" lat="1">
<core>FIFO_SRL</core>
<MemPortIdVec></MemPortIdVec>
<condition id="-1">
<or_exp><and_exp></and_exp></or_exp>
</condition>

<Node id="23" bw="0" op_0_bw="0" op_1_bw="32" op_2_bw="32">
<![CDATA[
entry:12 %write_ln0 = write void @_ssdm_op_Write.ap_fifo.i32P, i32 %height_out, i32 %height_read

]]></Node>
<StgValue><ssdm name="write_ln0"/></StgValue>
</operation>

<operation id="15" st_id="1" stage="1" lat="1">
<core>NULL</core>
<MemPortIdVec></MemPortIdVec>
<condition id="-1">
<or_exp><and_exp></and_exp></or_exp>
</condition>

<Node id="24" bw="0" op_0_bw="0" op_1_bw="32" op_2_bw="0" op_3_bw="32" op_4_bw="32" op_5_bw="0" op_6_bw="32" op_7_bw="32" op_8_bw="0" op_9_bw="0" op_10_bw="0" op_11_bw="32" op_12_bw="32" op_13_bw="32" op_14_bw="32" op_15_bw="0" op_16_bw="0">
<![CDATA[
entry:13 %specinterface_ln0 = specinterface void @_ssdm_op_SpecInterface, i32 %width_out, void @ap_fifo_str, i32, i32, void @p_str, i32, i32, void @p_str, void @p_str, void @p_str, i32, i32, i32, i32, void @p_str, void @ScalarProp_str

]]></Node>
<StgValue><ssdm name="specinterface_ln0"/></StgValue>
</operation>

<operation id="16" st_id="1" stage="1" lat="1">
<core>FIFO_SRL</core>
<MemPortIdVec></MemPortIdVec>
<condition id="-1">
<or_exp><and_exp></and_exp></or_exp>
</condition>

<Node id="25" bw="0" op_0_bw="0" op_1_bw="32" op_2_bw="32">
<![CDATA[
entry:14 %write_ln0 = write void @_ssdm_op_Write.ap_fifo.i32P, i32 %width_out, i32 %width_read

]]></Node>
<StgValue><ssdm name="write_ln0"/></StgValue>
</operation>

<operation id="17" st_id="1" stage="1" lat="1">
<core>NULL</core>
<MemPortIdVec></MemPortIdVec>
<condition id="-1">
<or_exp><and_exp></and_exp></or_exp>
</condition>

<Node id="26" bw="0">
<![CDATA[
entry:15 %ret_ln0 = ret

]]></Node>
<StgValue><ssdm name="ret_ln0"/></StgValue>
</operation>
</state>
</state_list>


<ports>
<port id="18" name="img_in" dir="0" iftype="0">
<core>NULL</core><StgValue><ssdm name="img_in"/></StgValue>
</port>
<port id="19" name="process_shape" dir="0" iftype="0">
<core>NULL</core><StgValue><ssdm name="process_shape"/></StgValue>
</port>
<port id="20" name="img_out" dir="0" iftype="0">
<core>NULL</core><StgValue><ssdm name="img_out"/></StgValue>
</port>
<port id="21" name="height" dir="0" iftype="0">
<core>NULL</core><StgValue><ssdm name="height"/></StgValue>
</port>
<port id="22" name="width" dir="0" iftype="0">
<core>NULL</core><StgValue><ssdm name="width"/></StgValue>
</port>
<port id="23" name="img_in_out" dir="1" iftype="3">
<core>FIFO_SRL</core><StgValue><ssdm name="img_in_out"/></StgValue>
</port>
<port id="24" name="process_shape_out" dir="1" iftype="3">
<core>FIFO_SRL</core><StgValue><ssdm name="process_shape_out"/></StgValue>
</port>
<port id="25" name="img_out_out" dir="1" iftype="3">
<core>FIFO_SRL</core><StgValue><ssdm name="img_out_out"/></StgValue>
</port>
<port id="26" name="height_out" dir="1" iftype="3">
<core>FIFO_SRL</core><StgValue><ssdm name="height_out"/></StgValue>
</port>
<port id="27" name="width_out" dir="1" iftype="3">
<core>FIFO_SRL</core><StgValue><ssdm name="width_out"/></StgValue>
</port>
</ports>


<dataflows>
<dataflow id="29" from="_ssdm_op_SpecInterface" to="specinterface_ln0" fromId="28" toId="2">
</dataflow>
<dataflow id="30" from="img_in_out" to="specinterface_ln0" fromId="23" toId="2">
</dataflow>
<dataflow id="32" from="ap_fifo_str" to="specinterface_ln0" fromId="31" toId="2">
</dataflow>
<dataflow id="34" from="StgValue_33" to="specinterface_ln0" fromId="33" toId="2">
</dataflow>
<dataflow id="35" from="StgValue_33" to="specinterface_ln0" fromId="33" toId="2">
</dataflow>
<dataflow id="37" from="p_str" to="specinterface_ln0" fromId="36" toId="2">
</dataflow>
<dataflow id="38" from="StgValue_33" to="specinterface_ln0" fromId="33" toId="2">
</dataflow>
<dataflow id="39" from="StgValue_33" to="specinterface_ln0" fromId="33" toId="2">
</dataflow>
<dataflow id="40" from="p_str" to="specinterface_ln0" fromId="36" toId="2">
</dataflow>
<dataflow id="41" from="p_str" to="specinterface_ln0" fromId="36" toId="2">
</dataflow>
<dataflow id="42" from="p_str" to="specinterface_ln0" fromId="36" toId="2">
</dataflow>
<dataflow id="44" from="StgValue_43" to="specinterface_ln0" fromId="43" toId="2">
</dataflow>
<dataflow id="45" from="StgValue_43" to="specinterface_ln0" fromId="43" toId="2">
</dataflow>
<dataflow id="47" from="StgValue_46" to="specinterface_ln0" fromId="46" toId="2">
</dataflow>
<dataflow id="48" from="StgValue_46" to="specinterface_ln0" fromId="46" toId="2">
</dataflow>
<dataflow id="49" from="p_str" to="specinterface_ln0" fromId="36" toId="2">
</dataflow>
<dataflow id="51" from="ScalarProp_str" to="specinterface_ln0" fromId="50" toId="2">
</dataflow>
<dataflow id="53" from="_ssdm_op_Read.ap_auto.i32" to="width_read" fromId="52" toId="3">
</dataflow>
<dataflow id="54" from="width" to="width_read" fromId="22" toId="3">
</dataflow>
<dataflow id="55" from="_ssdm_op_Read.ap_auto.i32" to="height_read" fromId="52" toId="4">
</dataflow>
<dataflow id="56" from="height" to="height_read" fromId="21" toId="4">
</dataflow>
<dataflow id="58" from="_ssdm_op_Read.ap_auto.i64" to="img_out_read" fromId="57" toId="5">
</dataflow>
<dataflow id="59" from="img_out" to="img_out_read" fromId="20" toId="5">
</dataflow>
<dataflow id="60" from="_ssdm_op_Read.ap_auto.i64" to="process_shape_read" fromId="57" toId="6">
</dataflow>
<dataflow id="61" from="process_shape" to="process_shape_read" fromId="19" toId="6">
</dataflow>
<dataflow id="62" from="_ssdm_op_Read.ap_auto.i64" to="img_in_read" fromId="57" toId="7">
</dataflow>
<dataflow id="63" from="img_in" to="img_in_read" fromId="18" toId="7">
</dataflow>
<dataflow id="65" from="_ssdm_op_Write.ap_fifo.i64P" to="write_ln0" fromId="64" toId="8">
</dataflow>
<dataflow id="66" from="img_in_out" to="write_ln0" fromId="23" toId="8">
</dataflow>
<dataflow id="67" from="img_in_read" to="write_ln0" fromId="7" toId="8">
</dataflow>
<dataflow id="68" from="_ssdm_op_SpecInterface" to="specinterface_ln0" fromId="28" toId="9">
</dataflow>
<dataflow id="69" from="process_shape_out" to="specinterface_ln0" fromId="24" toId="9">
</dataflow>
<dataflow id="70" from="ap_fifo_str" to="specinterface_ln0" fromId="31" toId="9">
</dataflow>
<dataflow id="71" from="StgValue_33" to="specinterface_ln0" fromId="33" toId="9">
</dataflow>
<dataflow id="72" from="StgValue_33" to="specinterface_ln0" fromId="33" toId="9">
</dataflow>
<dataflow id="73" from="p_str" to="specinterface_ln0" fromId="36" toId="9">
</dataflow>
<dataflow id="74" from="StgValue_33" to="specinterface_ln0" fromId="33" toId="9">
</dataflow>
<dataflow id="75" from="StgValue_33" to="specinterface_ln0" fromId="33" toId="9">
</dataflow>
<dataflow id="76" from="p_str" to="specinterface_ln0" fromId="36" toId="9">
</dataflow>
<dataflow id="77" from="p_str" to="specinterface_ln0" fromId="36" toId="9">
</dataflow>
<dataflow id="78" from="p_str" to="specinterface_ln0" fromId="36" toId="9">
</dataflow>
<dataflow id="79" from="StgValue_43" to="specinterface_ln0" fromId="43" toId="9">
</dataflow>
<dataflow id="80" from="StgValue_43" to="specinterface_ln0" fromId="43" toId="9">
</dataflow>
<dataflow id="81" from="StgValue_46" to="specinterface_ln0" fromId="46" toId="9">
</dataflow>
<dataflow id="82" from="StgValue_46" to="specinterface_ln0" fromId="46" toId="9">
</dataflow>
<dataflow id="83" from="p_str" to="specinterface_ln0" fromId="36" toId="9">
</dataflow>
<dataflow id="84" from="ScalarProp_str" to="specinterface_ln0" fromId="50" toId="9">
</dataflow>
<dataflow id="85" from="_ssdm_op_Write.ap_fifo.i64P" to="write_ln0" fromId="64" toId="10">
</dataflow>
<dataflow id="86" from="process_shape_out" to="write_ln0" fromId="24" toId="10">
</dataflow>
<dataflow id="87" from="process_shape_read" to="write_ln0" fromId="6" toId="10">
</dataflow>
<dataflow id="88" from="_ssdm_op_SpecInterface" to="specinterface_ln0" fromId="28" toId="11">
</dataflow>
<dataflow id="89" from="img_out_out" to="specinterface_ln0" fromId="25" toId="11">
</dataflow>
<dataflow id="90" from="ap_fifo_str" to="specinterface_ln0" fromId="31" toId="11">
</dataflow>
<dataflow id="91" from="StgValue_33" to="specinterface_ln0" fromId="33" toId="11">
</dataflow>
<dataflow id="92" from="StgValue_33" to="specinterface_ln0" fromId="33" toId="11">
</dataflow>
<dataflow id="93" from="p_str" to="specinterface_ln0" fromId="36" toId="11">
</dataflow>
<dataflow id="94" from="StgValue_33" to="specinterface_ln0" fromId="33" toId="11">
</dataflow>
<dataflow id="95" from="StgValue_33" to="specinterface_ln0" fromId="33" toId="11">
</dataflow>
<dataflow id="96" from="p_str" to="specinterface_ln0" fromId="36" toId="11">
</dataflow>
<dataflow id="97" from="p_str" to="specinterface_ln0" fromId="36" toId="11">
</dataflow>
<dataflow id="98" from="p_str" to="specinterface_ln0" fromId="36" toId="11">
</dataflow>
<dataflow id="99" from="StgValue_43" to="specinterface_ln0" fromId="43" toId="11">
</dataflow>
<dataflow id="100" from="StgValue_43" to="specinterface_ln0" fromId="43" toId="11">
</dataflow>
<dataflow id="101" from="StgValue_46" to="specinterface_ln0" fromId="46" toId="11">
</dataflow>
<dataflow id="102" from="StgValue_46" to="specinterface_ln0" fromId="46" toId="11">
</dataflow>
<dataflow id="103" from="p_str" to="specinterface_ln0" fromId="36" toId="11">
</dataflow>
<dataflow id="104" from="ScalarProp_str" to="specinterface_ln0" fromId="50" toId="11">
</dataflow>
<dataflow id="105" from="_ssdm_op_Write.ap_fifo.i64P" to="write_ln0" fromId="64" toId="12">
</dataflow>
<dataflow id="106" from="img_out_out" to="write_ln0" fromId="25" toId="12">
</dataflow>
<dataflow id="107" from="img_out_read" to="write_ln0" fromId="5" toId="12">
</dataflow>
<dataflow id="108" from="_ssdm_op_SpecInterface" to="specinterface_ln0" fromId="28" toId="13">
</dataflow>
<dataflow id="109" from="height_out" to="specinterface_ln0" fromId="26" toId="13">
</dataflow>
<dataflow id="110" from="ap_fifo_str" to="specinterface_ln0" fromId="31" toId="13">
</dataflow>
<dataflow id="111" from="StgValue_33" to="specinterface_ln0" fromId="33" toId="13">
</dataflow>
<dataflow id="112" from="StgValue_33" to="specinterface_ln0" fromId="33" toId="13">
</dataflow>
<dataflow id="113" from="p_str" to="specinterface_ln0" fromId="36" toId="13">
</dataflow>
<dataflow id="114" from="StgValue_33" to="specinterface_ln0" fromId="33" toId="13">
</dataflow>
<dataflow id="115" from="StgValue_33" to="specinterface_ln0" fromId="33" toId="13">
</dataflow>
<dataflow id="116" from="p_str" to="specinterface_ln0" fromId="36" toId="13">
</dataflow>
<dataflow id="117" from="p_str" to="specinterface_ln0" fromId="36" toId="13">
</dataflow>
<dataflow id="118" from="p_str" to="specinterface_ln0" fromId="36" toId="13">
</dataflow>
<dataflow id="119" from="StgValue_43" to="specinterface_ln0" fromId="43" toId="13">
</dataflow>
<dataflow id="120" from="StgValue_43" to="specinterface_ln0" fromId="43" toId="13">
</dataflow>
<dataflow id="121" from="StgValue_46" to="specinterface_ln0" fromId="46" toId="13">
</dataflow>
<dataflow id="122" from="StgValue_46" to="specinterface_ln0" fromId="46" toId="13">
</dataflow>
<dataflow id="123" from="p_str" to="specinterface_ln0" fromId="36" toId="13">
</dataflow>
<dataflow id="124" from="ScalarProp_str" to="specinterface_ln0" fromId="50" toId="13">
</dataflow>
<dataflow id="126" from="_ssdm_op_Write.ap_fifo.i32P" to="write_ln0" fromId="125" toId="14">
</dataflow>
<dataflow id="127" from="height_out" to="write_ln0" fromId="26" toId="14">
</dataflow>
<dataflow id="128" from="height_read" to="write_ln0" fromId="4" toId="14">
</dataflow>
<dataflow id="129" from="_ssdm_op_SpecInterface" to="specinterface_ln0" fromId="28" toId="15">
</dataflow>
<dataflow id="130" from="width_out" to="specinterface_ln0" fromId="27" toId="15">
</dataflow>
<dataflow id="131" from="ap_fifo_str" to="specinterface_ln0" fromId="31" toId="15">
</dataflow>
<dataflow id="132" from="StgValue_33" to="specinterface_ln0" fromId="33" toId="15">
</dataflow>
<dataflow id="133" from="StgValue_33" to="specinterface_ln0" fromId="33" toId="15">
</dataflow>
<dataflow id="134" from="p_str" to="specinterface_ln0" fromId="36" toId="15">
</dataflow>
<dataflow id="135" from="StgValue_33" to="specinterface_ln0" fromId="33" toId="15">
</dataflow>
<dataflow id="136" from="StgValue_33" to="specinterface_ln0" fromId="33" toId="15">
</dataflow>
<dataflow id="137" from="p_str" to="specinterface_ln0" fromId="36" toId="15">
</dataflow>
<dataflow id="138" from="p_str" to="specinterface_ln0" fromId="36" toId="15">
</dataflow>
<dataflow id="139" from="p_str" to="specinterface_ln0" fromId="36" toId="15">
</dataflow>
<dataflow id="140" from="StgValue_43" to="specinterface_ln0" fromId="43" toId="15">
</dataflow>
<dataflow id="141" from="StgValue_43" to="specinterface_ln0" fromId="43" toId="15">
</dataflow>
<dataflow id="142" from="StgValue_46" to="specinterface_ln0" fromId="46" toId="15">
</dataflow>
<dataflow id="143" from="StgValue_46" to="specinterface_ln0" fromId="46" toId="15">
</dataflow>
<dataflow id="144" from="p_str" to="specinterface_ln0" fromId="36" toId="15">
</dataflow>
<dataflow id="145" from="ScalarProp_str" to="specinterface_ln0" fromId="50" toId="15">
</dataflow>
<dataflow id="146" from="_ssdm_op_Write.ap_fifo.i32P" to="write_ln0" fromId="125" toId="16">
</dataflow>
<dataflow id="147" from="width_out" to="write_ln0" fromId="27" toId="16">
</dataflow>
<dataflow id="148" from="width_read" to="write_ln0" fromId="3" toId="16">
</dataflow>
</dataflows>


</stg>
