<stg><name>last_blk_pxl_width31</name>


<trans_list>
</trans_list>



<state_list>

<state id="1" st_id="1">

<operation id="2" st_id="1" stage="1" lat="1">
<core>NULL</core>
<MemPortIdVec></MemPortIdVec>
<condition id="-1">
<or_exp><and_exp></and_exp></or_exp>
</condition>

<Node id="6" bw="0" op_0_bw="0" op_1_bw="32" op_2_bw="0" op_3_bw="32" op_4_bw="32" op_5_bw="0" op_6_bw="32" op_7_bw="32" op_8_bw="0" op_9_bw="0" op_10_bw="0" op_11_bw="32" op_12_bw="32" op_13_bw="32" op_14_bw="32" op_15_bw="0" op_16_bw="0">
<![CDATA[
entry:0 %specinterface_ln0 = specinterface void @_ssdm_op_SpecInterface, i32 %rows_out, void @ap_fifo_str, i32, i32, void @p_str, i32, i32, void @p_str, void @p_str, void @p_str, i32, i32, i32, i32, void @p_str, void @ScalarProp_str

]]></Node>
<StgValue><ssdm name="specinterface_ln0"/></StgValue>
</operation>

<operation id="3" st_id="1" stage="1" lat="1">
<core>NULL</core>
<MemPortIdVec></MemPortIdVec>
<condition id="-1">
<or_exp><and_exp></and_exp></or_exp>
</condition>

<Node id="7" bw="0" op_0_bw="0" op_1_bw="32" op_2_bw="0" op_3_bw="32" op_4_bw="32" op_5_bw="0" op_6_bw="32" op_7_bw="32" op_8_bw="0" op_9_bw="0" op_10_bw="0" op_11_bw="32" op_12_bw="32" op_13_bw="32" op_14_bw="32" op_15_bw="0" op_16_bw="0">
<![CDATA[
entry:1 %specinterface_ln0 = specinterface void @_ssdm_op_SpecInterface, i32 %cols_out, void @ap_fifo_str, i32, i32, void @p_str, i32, i32, void @p_str, void @p_str, void @p_str, i32, i32, i32, i32, void @p_str, void @ScalarProp_str

]]></Node>
<StgValue><ssdm name="specinterface_ln0"/></StgValue>
</operation>

<operation id="4" st_id="1" stage="1" lat="1">
<core>NULL</core>
<MemPortIdVec></MemPortIdVec>
<condition id="-1">
<or_exp><and_exp></and_exp></or_exp>
</condition>

<Node id="8" bw="0" op_0_bw="0" op_1_bw="32" op_2_bw="0" op_3_bw="32" op_4_bw="32" op_5_bw="0" op_6_bw="32" op_7_bw="32" op_8_bw="0" op_9_bw="0" op_10_bw="0" op_11_bw="32" op_12_bw="32" op_13_bw="32" op_14_bw="32" op_15_bw="0" op_16_bw="0">
<![CDATA[
entry:2 %specinterface_ln0 = specinterface void @_ssdm_op_SpecInterface, i32 %cols, void @ap_fifo_str, i32, i32, void @p_str, i32, i32, void @p_str, void @p_str, void @p_str, i32, i32, i32, i32, void @p_str, void @ScalarProp_str

]]></Node>
<StgValue><ssdm name="specinterface_ln0"/></StgValue>
</operation>

<operation id="5" st_id="1" stage="1" lat="1">
<core>NULL</core>
<MemPortIdVec></MemPortIdVec>
<condition id="-1">
<or_exp><and_exp></and_exp></or_exp>
</condition>

<Node id="9" bw="0" op_0_bw="0" op_1_bw="32" op_2_bw="0" op_3_bw="32" op_4_bw="32" op_5_bw="0" op_6_bw="32" op_7_bw="32" op_8_bw="0" op_9_bw="0" op_10_bw="0" op_11_bw="32" op_12_bw="32" op_13_bw="32" op_14_bw="32" op_15_bw="0" op_16_bw="0">
<![CDATA[
entry:3 %specinterface_ln0 = specinterface void @_ssdm_op_SpecInterface, i32 %rows, void @ap_fifo_str, i32, i32, void @p_str, i32, i32, void @p_str, void @p_str, void @p_str, i32, i32, i32, i32, void @p_str, void @ScalarProp_str

]]></Node>
<StgValue><ssdm name="specinterface_ln0"/></StgValue>
</operation>

<operation id="6" st_id="1" stage="1" lat="1">
<core>FIFO_SRL</core>
<MemPortIdVec></MemPortIdVec>
<condition id="-1">
<or_exp><and_exp></and_exp></or_exp>
</condition>

<Node id="10" bw="32" op_0_bw="32" op_1_bw="32">
<![CDATA[
entry:4 %rows_read = read i32 @_ssdm_op_Read.ap_fifo.i32P, i32 %rows

]]></Node>
<StgValue><ssdm name="rows_read"/></StgValue>
</operation>

<operation id="7" st_id="1" stage="1" lat="1">
<core>FIFO_SRL</core>
<MemPortIdVec></MemPortIdVec>
<condition id="-1">
<or_exp><and_exp></and_exp></or_exp>
</condition>

<Node id="11" bw="32" op_0_bw="32" op_1_bw="32">
<![CDATA[
entry:5 %cols_read = read i32 @_ssdm_op_Read.ap_fifo.i32P, i32 %cols

]]></Node>
<StgValue><ssdm name="cols_read"/></StgValue>
</operation>

<operation id="8" st_id="1" stage="1" lat="1">
<core>NULL</core>
<MemPortIdVec></MemPortIdVec>
<condition id="-1">
<or_exp><and_exp></and_exp></or_exp>
</condition>

<Node id="12" bw="0" op_0_bw="0" op_1_bw="32" op_2_bw="0" op_3_bw="32" op_4_bw="32" op_5_bw="0" op_6_bw="32" op_7_bw="32" op_8_bw="0" op_9_bw="0" op_10_bw="0" op_11_bw="32" op_12_bw="32" op_13_bw="32" op_14_bw="32" op_15_bw="0" op_16_bw="0">
<![CDATA[
entry:6 %specinterface_ln0 = specinterface void @_ssdm_op_SpecInterface, i32 %rows_out, void @ap_fifo_str, i32, i32, void @p_str, i32, i32, void @p_str, void @p_str, void @p_str, i32, i32, i32, i32, void @p_str, void @ScalarProp_str

]]></Node>
<StgValue><ssdm name="specinterface_ln0"/></StgValue>
</operation>

<operation id="9" st_id="1" stage="1" lat="1">
<core>FIFO_SRL</core>
<MemPortIdVec></MemPortIdVec>
<condition id="-1">
<or_exp><and_exp></and_exp></or_exp>
</condition>

<Node id="13" bw="0" op_0_bw="0" op_1_bw="32" op_2_bw="32">
<![CDATA[
entry:7 %write_ln1274 = write void @_ssdm_op_Write.ap_fifo.i32P, i32 %rows_out, i32 %rows_read

]]></Node>
<StgValue><ssdm name="write_ln1274"/></StgValue>
</operation>

<operation id="10" st_id="1" stage="1" lat="1">
<core>NULL</core>
<MemPortIdVec></MemPortIdVec>
<condition id="-1">
<or_exp><and_exp></and_exp></or_exp>
</condition>

<Node id="14" bw="0" op_0_bw="0" op_1_bw="32" op_2_bw="0" op_3_bw="32" op_4_bw="32" op_5_bw="0" op_6_bw="32" op_7_bw="32" op_8_bw="0" op_9_bw="0" op_10_bw="0" op_11_bw="32" op_12_bw="32" op_13_bw="32" op_14_bw="32" op_15_bw="0" op_16_bw="0">
<![CDATA[
entry:8 %specinterface_ln0 = specinterface void @_ssdm_op_SpecInterface, i32 %cols_out, void @ap_fifo_str, i32, i32, void @p_str, i32, i32, void @p_str, void @p_str, void @p_str, i32, i32, i32, i32, void @p_str, void @ScalarProp_str

]]></Node>
<StgValue><ssdm name="specinterface_ln0"/></StgValue>
</operation>

<operation id="11" st_id="1" stage="1" lat="1">
<core>FIFO_SRL</core>
<MemPortIdVec></MemPortIdVec>
<condition id="-1">
<or_exp><and_exp></and_exp></or_exp>
</condition>

<Node id="15" bw="0" op_0_bw="0" op_1_bw="32" op_2_bw="32">
<![CDATA[
entry:9 %write_ln1274 = write void @_ssdm_op_Write.ap_fifo.i32P, i32 %cols_out, i32 %cols_read

]]></Node>
<StgValue><ssdm name="write_ln1274"/></StgValue>
</operation>

<operation id="12" st_id="1" stage="1" lat="1">
<core>NULL</core>
<MemPortIdVec></MemPortIdVec>
<condition id="-1">
<or_exp><and_exp></and_exp></or_exp>
</condition>

<Node id="16" bw="0" op_0_bw="0" op_1_bw="4" op_2_bw="4">
<![CDATA[
entry:10 %write_ln0 = write void @_ssdm_op_Write.ap_auto.volatile.i4P, i4 %return_r, i4

]]></Node>
<StgValue><ssdm name="write_ln0"/></StgValue>
</operation>

<operation id="13" st_id="1" stage="1" lat="1">
<core>NULL</core>
<MemPortIdVec></MemPortIdVec>
<condition id="-1">
<or_exp><and_exp></and_exp></or_exp>
</condition>

<Node id="17" bw="0">
<![CDATA[
entry:11 %ret_ln1281 = ret

]]></Node>
<StgValue><ssdm name="ret_ln1281"/></StgValue>
</operation>
</state>
</state_list>


<ports>
<port id="14" name="return_r" dir="1" iftype="0">
<core>NULL</core><StgValue><ssdm name="return_r"/></StgValue>
</port>
<port id="15" name="rows" dir="0" iftype="3">
<core>FIFO_SRL</core><StgValue><ssdm name="rows"/></StgValue>
</port>
<port id="16" name="cols" dir="0" iftype="3">
<core>FIFO_SRL</core><StgValue><ssdm name="cols"/></StgValue>
</port>
<port id="17" name="rows_out" dir="1" iftype="3">
<core>FIFO_SRL</core><StgValue><ssdm name="rows_out"/></StgValue>
</port>
<port id="18" name="cols_out" dir="1" iftype="3">
<core>FIFO_SRL</core><StgValue><ssdm name="cols_out"/></StgValue>
</port>
</ports>


<dataflows>
<dataflow id="20" from="_ssdm_op_SpecInterface" to="specinterface_ln0" fromId="19" toId="2">
</dataflow>
<dataflow id="21" from="rows_out" to="specinterface_ln0" fromId="17" toId="2">
</dataflow>
<dataflow id="23" from="ap_fifo_str" to="specinterface_ln0" fromId="22" toId="2">
</dataflow>
<dataflow id="25" from="StgValue_24" to="specinterface_ln0" fromId="24" toId="2">
</dataflow>
<dataflow id="26" from="StgValue_24" to="specinterface_ln0" fromId="24" toId="2">
</dataflow>
<dataflow id="28" from="p_str" to="specinterface_ln0" fromId="27" toId="2">
</dataflow>
<dataflow id="29" from="StgValue_24" to="specinterface_ln0" fromId="24" toId="2">
</dataflow>
<dataflow id="30" from="StgValue_24" to="specinterface_ln0" fromId="24" toId="2">
</dataflow>
<dataflow id="31" from="p_str" to="specinterface_ln0" fromId="27" toId="2">
</dataflow>
<dataflow id="32" from="p_str" to="specinterface_ln0" fromId="27" toId="2">
</dataflow>
<dataflow id="33" from="p_str" to="specinterface_ln0" fromId="27" toId="2">
</dataflow>
<dataflow id="35" from="StgValue_34" to="specinterface_ln0" fromId="34" toId="2">
</dataflow>
<dataflow id="36" from="StgValue_34" to="specinterface_ln0" fromId="34" toId="2">
</dataflow>
<dataflow id="38" from="StgValue_37" to="specinterface_ln0" fromId="37" toId="2">
</dataflow>
<dataflow id="39" from="StgValue_37" to="specinterface_ln0" fromId="37" toId="2">
</dataflow>
<dataflow id="40" from="p_str" to="specinterface_ln0" fromId="27" toId="2">
</dataflow>
<dataflow id="42" from="ScalarProp_str" to="specinterface_ln0" fromId="41" toId="2">
</dataflow>
<dataflow id="43" from="_ssdm_op_SpecInterface" to="specinterface_ln0" fromId="19" toId="3">
</dataflow>
<dataflow id="44" from="cols_out" to="specinterface_ln0" fromId="18" toId="3">
</dataflow>
<dataflow id="45" from="ap_fifo_str" to="specinterface_ln0" fromId="22" toId="3">
</dataflow>
<dataflow id="46" from="StgValue_24" to="specinterface_ln0" fromId="24" toId="3">
</dataflow>
<dataflow id="47" from="StgValue_24" to="specinterface_ln0" fromId="24" toId="3">
</dataflow>
<dataflow id="48" from="p_str" to="specinterface_ln0" fromId="27" toId="3">
</dataflow>
<dataflow id="49" from="StgValue_24" to="specinterface_ln0" fromId="24" toId="3">
</dataflow>
<dataflow id="50" from="StgValue_24" to="specinterface_ln0" fromId="24" toId="3">
</dataflow>
<dataflow id="51" from="p_str" to="specinterface_ln0" fromId="27" toId="3">
</dataflow>
<dataflow id="52" from="p_str" to="specinterface_ln0" fromId="27" toId="3">
</dataflow>
<dataflow id="53" from="p_str" to="specinterface_ln0" fromId="27" toId="3">
</dataflow>
<dataflow id="54" from="StgValue_34" to="specinterface_ln0" fromId="34" toId="3">
</dataflow>
<dataflow id="55" from="StgValue_34" to="specinterface_ln0" fromId="34" toId="3">
</dataflow>
<dataflow id="56" from="StgValue_37" to="specinterface_ln0" fromId="37" toId="3">
</dataflow>
<dataflow id="57" from="StgValue_37" to="specinterface_ln0" fromId="37" toId="3">
</dataflow>
<dataflow id="58" from="p_str" to="specinterface_ln0" fromId="27" toId="3">
</dataflow>
<dataflow id="59" from="ScalarProp_str" to="specinterface_ln0" fromId="41" toId="3">
</dataflow>
<dataflow id="60" from="_ssdm_op_SpecInterface" to="specinterface_ln0" fromId="19" toId="4">
</dataflow>
<dataflow id="61" from="cols" to="specinterface_ln0" fromId="16" toId="4">
</dataflow>
<dataflow id="62" from="ap_fifo_str" to="specinterface_ln0" fromId="22" toId="4">
</dataflow>
<dataflow id="63" from="StgValue_24" to="specinterface_ln0" fromId="24" toId="4">
</dataflow>
<dataflow id="64" from="StgValue_24" to="specinterface_ln0" fromId="24" toId="4">
</dataflow>
<dataflow id="65" from="p_str" to="specinterface_ln0" fromId="27" toId="4">
</dataflow>
<dataflow id="66" from="StgValue_24" to="specinterface_ln0" fromId="24" toId="4">
</dataflow>
<dataflow id="67" from="StgValue_24" to="specinterface_ln0" fromId="24" toId="4">
</dataflow>
<dataflow id="68" from="p_str" to="specinterface_ln0" fromId="27" toId="4">
</dataflow>
<dataflow id="69" from="p_str" to="specinterface_ln0" fromId="27" toId="4">
</dataflow>
<dataflow id="70" from="p_str" to="specinterface_ln0" fromId="27" toId="4">
</dataflow>
<dataflow id="71" from="StgValue_34" to="specinterface_ln0" fromId="34" toId="4">
</dataflow>
<dataflow id="72" from="StgValue_34" to="specinterface_ln0" fromId="34" toId="4">
</dataflow>
<dataflow id="73" from="StgValue_37" to="specinterface_ln0" fromId="37" toId="4">
</dataflow>
<dataflow id="74" from="StgValue_37" to="specinterface_ln0" fromId="37" toId="4">
</dataflow>
<dataflow id="75" from="p_str" to="specinterface_ln0" fromId="27" toId="4">
</dataflow>
<dataflow id="76" from="ScalarProp_str" to="specinterface_ln0" fromId="41" toId="4">
</dataflow>
<dataflow id="77" from="_ssdm_op_SpecInterface" to="specinterface_ln0" fromId="19" toId="5">
</dataflow>
<dataflow id="78" from="rows" to="specinterface_ln0" fromId="15" toId="5">
</dataflow>
<dataflow id="79" from="ap_fifo_str" to="specinterface_ln0" fromId="22" toId="5">
</dataflow>
<dataflow id="80" from="StgValue_24" to="specinterface_ln0" fromId="24" toId="5">
</dataflow>
<dataflow id="81" from="StgValue_24" to="specinterface_ln0" fromId="24" toId="5">
</dataflow>
<dataflow id="82" from="p_str" to="specinterface_ln0" fromId="27" toId="5">
</dataflow>
<dataflow id="83" from="StgValue_24" to="specinterface_ln0" fromId="24" toId="5">
</dataflow>
<dataflow id="84" from="StgValue_24" to="specinterface_ln0" fromId="24" toId="5">
</dataflow>
<dataflow id="85" from="p_str" to="specinterface_ln0" fromId="27" toId="5">
</dataflow>
<dataflow id="86" from="p_str" to="specinterface_ln0" fromId="27" toId="5">
</dataflow>
<dataflow id="87" from="p_str" to="specinterface_ln0" fromId="27" toId="5">
</dataflow>
<dataflow id="88" from="StgValue_34" to="specinterface_ln0" fromId="34" toId="5">
</dataflow>
<dataflow id="89" from="StgValue_34" to="specinterface_ln0" fromId="34" toId="5">
</dataflow>
<dataflow id="90" from="StgValue_37" to="specinterface_ln0" fromId="37" toId="5">
</dataflow>
<dataflow id="91" from="StgValue_37" to="specinterface_ln0" fromId="37" toId="5">
</dataflow>
<dataflow id="92" from="p_str" to="specinterface_ln0" fromId="27" toId="5">
</dataflow>
<dataflow id="93" from="ScalarProp_str" to="specinterface_ln0" fromId="41" toId="5">
</dataflow>
<dataflow id="95" from="_ssdm_op_Read.ap_fifo.i32P" to="rows_read" fromId="94" toId="6">
</dataflow>
<dataflow id="96" from="rows" to="rows_read" fromId="15" toId="6">
</dataflow>
<dataflow id="97" from="_ssdm_op_Read.ap_fifo.i32P" to="cols_read" fromId="94" toId="7">
</dataflow>
<dataflow id="98" from="cols" to="cols_read" fromId="16" toId="7">
</dataflow>
<dataflow id="99" from="_ssdm_op_SpecInterface" to="specinterface_ln0" fromId="19" toId="8">
</dataflow>
<dataflow id="100" from="rows_out" to="specinterface_ln0" fromId="17" toId="8">
</dataflow>
<dataflow id="101" from="ap_fifo_str" to="specinterface_ln0" fromId="22" toId="8">
</dataflow>
<dataflow id="102" from="StgValue_24" to="specinterface_ln0" fromId="24" toId="8">
</dataflow>
<dataflow id="103" from="StgValue_24" to="specinterface_ln0" fromId="24" toId="8">
</dataflow>
<dataflow id="104" from="p_str" to="specinterface_ln0" fromId="27" toId="8">
</dataflow>
<dataflow id="105" from="StgValue_24" to="specinterface_ln0" fromId="24" toId="8">
</dataflow>
<dataflow id="106" from="StgValue_24" to="specinterface_ln0" fromId="24" toId="8">
</dataflow>
<dataflow id="107" from="p_str" to="specinterface_ln0" fromId="27" toId="8">
</dataflow>
<dataflow id="108" from="p_str" to="specinterface_ln0" fromId="27" toId="8">
</dataflow>
<dataflow id="109" from="p_str" to="specinterface_ln0" fromId="27" toId="8">
</dataflow>
<dataflow id="110" from="StgValue_34" to="specinterface_ln0" fromId="34" toId="8">
</dataflow>
<dataflow id="111" from="StgValue_34" to="specinterface_ln0" fromId="34" toId="8">
</dataflow>
<dataflow id="112" from="StgValue_37" to="specinterface_ln0" fromId="37" toId="8">
</dataflow>
<dataflow id="113" from="StgValue_37" to="specinterface_ln0" fromId="37" toId="8">
</dataflow>
<dataflow id="114" from="p_str" to="specinterface_ln0" fromId="27" toId="8">
</dataflow>
<dataflow id="115" from="ScalarProp_str" to="specinterface_ln0" fromId="41" toId="8">
</dataflow>
<dataflow id="117" from="_ssdm_op_Write.ap_fifo.i32P" to="write_ln1274" fromId="116" toId="9">
</dataflow>
<dataflow id="118" from="rows_out" to="write_ln1274" fromId="17" toId="9">
</dataflow>
<dataflow id="119" from="rows_read" to="write_ln1274" fromId="6" toId="9">
</dataflow>
<dataflow id="120" from="_ssdm_op_SpecInterface" to="specinterface_ln0" fromId="19" toId="10">
</dataflow>
<dataflow id="121" from="cols_out" to="specinterface_ln0" fromId="18" toId="10">
</dataflow>
<dataflow id="122" from="ap_fifo_str" to="specinterface_ln0" fromId="22" toId="10">
</dataflow>
<dataflow id="123" from="StgValue_24" to="specinterface_ln0" fromId="24" toId="10">
</dataflow>
<dataflow id="124" from="StgValue_24" to="specinterface_ln0" fromId="24" toId="10">
</dataflow>
<dataflow id="125" from="p_str" to="specinterface_ln0" fromId="27" toId="10">
</dataflow>
<dataflow id="126" from="StgValue_24" to="specinterface_ln0" fromId="24" toId="10">
</dataflow>
<dataflow id="127" from="StgValue_24" to="specinterface_ln0" fromId="24" toId="10">
</dataflow>
<dataflow id="128" from="p_str" to="specinterface_ln0" fromId="27" toId="10">
</dataflow>
<dataflow id="129" from="p_str" to="specinterface_ln0" fromId="27" toId="10">
</dataflow>
<dataflow id="130" from="p_str" to="specinterface_ln0" fromId="27" toId="10">
</dataflow>
<dataflow id="131" from="StgValue_34" to="specinterface_ln0" fromId="34" toId="10">
</dataflow>
<dataflow id="132" from="StgValue_34" to="specinterface_ln0" fromId="34" toId="10">
</dataflow>
<dataflow id="133" from="StgValue_37" to="specinterface_ln0" fromId="37" toId="10">
</dataflow>
<dataflow id="134" from="StgValue_37" to="specinterface_ln0" fromId="37" toId="10">
</dataflow>
<dataflow id="135" from="p_str" to="specinterface_ln0" fromId="27" toId="10">
</dataflow>
<dataflow id="136" from="ScalarProp_str" to="specinterface_ln0" fromId="41" toId="10">
</dataflow>
<dataflow id="137" from="_ssdm_op_Write.ap_fifo.i32P" to="write_ln1274" fromId="116" toId="11">
</dataflow>
<dataflow id="138" from="cols_out" to="write_ln1274" fromId="18" toId="11">
</dataflow>
<dataflow id="139" from="cols_read" to="write_ln1274" fromId="7" toId="11">
</dataflow>
<dataflow id="141" from="_ssdm_op_Write.ap_auto.volatile.i4P" to="write_ln0" fromId="140" toId="12">
</dataflow>
<dataflow id="142" from="return_r" to="write_ln0" fromId="14" toId="12">
</dataflow>
<dataflow id="144" from="StgValue_143" to="write_ln0" fromId="143" toId="12">
</dataflow>
</dataflows>


</stg>
