<stg><name>Mat2Axi</name>


<trans_list>

<trans id="40" from="1" to="2">
<condition id="-1">
<or_exp><and_exp></and_exp></or_exp>
</condition>
</trans>

<trans id="41" from="2" to="3">
<condition id="-1">
<or_exp><and_exp></and_exp></or_exp>
</condition>
</trans>

<trans id="42" from="3" to="4">
<condition id="-1">
<or_exp><and_exp></and_exp></or_exp>
</condition>
</trans>

<trans id="43" from="4" to="5">
<condition id="-1">
<or_exp><and_exp></and_exp></or_exp>
</condition>
</trans>
</trans_list>



<state_list>

<state id="1" st_id="1">

<operation id="6" st_id="1" stage="1" lat="1">
<core>NULL</core>
<MemPortIdVec></MemPortIdVec>
<condition id="-1">
<or_exp><and_exp></and_exp></or_exp>
</condition>

<Node id="6" bw="32" op_0_bw="32" op_1_bw="32">
<![CDATA[
.split:0 %cols_read = read i32 @_ssdm_op_Read.ap_auto.i32, i32 %cols

]]></Node>
<StgValue><ssdm name="cols_read"/></StgValue>
</operation>

<operation id="7" st_id="1" stage="1" lat="1">
<core>NULL</core>
<MemPortIdVec></MemPortIdVec>
<condition id="-1">
<or_exp><and_exp></and_exp></or_exp>
</condition>

<Node id="7" bw="32" op_0_bw="32" op_1_bw="32">
<![CDATA[
.split:1 %rows_read = read i32 @_ssdm_op_Read.ap_auto.i32, i32 %rows

]]></Node>
<StgValue><ssdm name="rows_read"/></StgValue>
</operation>

<operation id="8" st_id="1" stage="1" lat="1">
<core>NULL</core>
<MemPortIdVec></MemPortIdVec>
<condition id="-1">
<or_exp><and_exp></and_exp></or_exp>
</condition>

<Node id="8" bw="64" op_0_bw="64" op_1_bw="64">
<![CDATA[
.split:2 %dout_read = read i64 @_ssdm_op_Read.ap_auto.i64, i64 %dout

]]></Node>
<StgValue><ssdm name="dout_read"/></StgValue>
</operation>

<operation id="9" st_id="1" stage="1" lat="1">
<core>FIFO_SRL</core>
<MemPortIdVec></MemPortIdVec>
<condition id="-1">
<or_exp><and_exp></and_exp></or_exp>
</condition>

<Node id="9" bw="15" op_0_bw="64">
<![CDATA[
.split:3 %p_channel = alloca i64

]]></Node>
<StgValue><ssdm name="p_channel"/></StgValue>
</operation>

<operation id="10" st_id="1" stage="1" lat="1">
<core>FIFO_SRL</core>
<MemPortIdVec></MemPortIdVec>
<condition id="-1">
<or_exp><and_exp></and_exp></or_exp>
</condition>

<Node id="10" bw="32" op_0_bw="64">
<![CDATA[
.split:4 %cols_c11 = alloca i64

]]></Node>
<StgValue><ssdm name="cols_c11"/></StgValue>
</operation>

<operation id="11" st_id="1" stage="1" lat="1">
<core>FIFO_SRL</core>
<MemPortIdVec></MemPortIdVec>
<condition id="-1">
<or_exp><and_exp></and_exp></or_exp>
</condition>

<Node id="11" bw="15" op_0_bw="64">
<![CDATA[
.split:5 %cols_c = alloca i64

]]></Node>
<StgValue><ssdm name="cols_c"/></StgValue>
</operation>

<operation id="12" st_id="1" stage="1" lat="1">
<core>FIFO_SRL</core>
<MemPortIdVec></MemPortIdVec>
<condition id="-1">
<or_exp><and_exp></and_exp></or_exp>
</condition>

<Node id="12" bw="32" op_0_bw="64">
<![CDATA[
.split:6 %rows_c10 = alloca i64

]]></Node>
<StgValue><ssdm name="rows_c10"/></StgValue>
</operation>

<operation id="13" st_id="1" stage="1" lat="1">
<core>FIFO_SRL</core>
<MemPortIdVec></MemPortIdVec>
<condition id="-1">
<or_exp><and_exp></and_exp></or_exp>
</condition>

<Node id="13" bw="15" op_0_bw="64">
<![CDATA[
.split:7 %rows_c = alloca i64

]]></Node>
<StgValue><ssdm name="rows_c"/></StgValue>
</operation>

<operation id="14" st_id="1" stage="1" lat="1">
<core>FIFO_SRL</core>
<MemPortIdVec></MemPortIdVec>
<condition id="-1">
<or_exp><and_exp></and_exp></or_exp>
</condition>

<Node id="14" bw="64" op_0_bw="64">
<![CDATA[
.split:8 %dout_c = alloca i64

]]></Node>
<StgValue><ssdm name="dout_c"/></StgValue>
</operation>

<operation id="15" st_id="1" stage="1" lat="1">
<core>FIFO_SRL</core>
<MemPortIdVec></MemPortIdVec>
<condition id="-1">
<or_exp><and_exp></and_exp></or_exp>
</condition>

<Node id="18" bw="8" op_0_bw="64">
<![CDATA[
.split:12 %ldata = alloca i64

]]></Node>
<StgValue><ssdm name="ldata"/></StgValue>
</operation>

<operation id="16" st_id="1" stage="1" lat="1">
<core></core>
<MemPortIdVec></MemPortIdVec>
<condition id="-1">
<or_exp><and_exp></and_exp></or_exp>
</condition>

<Node id="31" bw="0" op_0_bw="0" op_1_bw="64" op_2_bw="32" op_3_bw="32" op_4_bw="64" op_5_bw="15" op_6_bw="32" op_7_bw="15" op_8_bw="32">
<![CDATA[
.split:25 %call_ln1331 = call void @Mat2Axi.entry34, i64 %dout_read, i32 %rows_read, i32 %cols_read, i64 %dout_c, i15 %rows_c, i32 %rows_c10, i15 %cols_c, i32 %cols_c11

]]></Node>
<StgValue><ssdm name="call_ln1331"/></StgValue>
</operation>
</state>

<state id="2" st_id="2">

<operation id="17" st_id="2" stage="2" lat="2">
<core></core>
<MemPortIdVec></MemPortIdVec>
<condition id="-1">
<or_exp><and_exp></and_exp></or_exp>
</condition>

<Node id="32" bw="0" op_0_bw="0" op_1_bw="15" op_2_bw="15" op_3_bw="15" op_4_bw="0" op_5_bw="0">
<![CDATA[
.split:26 %call_ln304 = call void @addrbound, i15 %p_channel, i15 %rows_c, i15 %cols_c, void %call_ln1331, void %call_ln1331

]]></Node>
<StgValue><ssdm name="call_ln304"/></StgValue>
</operation>

<operation id="18" st_id="2" stage="2" lat="2">
<core></core>
<MemPortIdVec></MemPortIdVec>
<condition id="-1">
<or_exp><and_exp></and_exp></or_exp>
</condition>

<Node id="34" bw="0" op_0_bw="0" op_1_bw="8" op_2_bw="8" op_3_bw="32" op_4_bw="32" op_5_bw="0">
<![CDATA[
.split:28 %call_ln1339 = call void @Mat2AxiStream, i8 %imgOutput_418, i8 %ldata, i32 %rows_c10, i32 %cols_c11, void %call_ln1331

]]></Node>
<StgValue><ssdm name="call_ln1339"/></StgValue>
</operation>
</state>

<state id="3" st_id="3">

<operation id="19" st_id="3" stage="1" lat="2">
<core></core>
<MemPortIdVec></MemPortIdVec>
<condition id="-1">
<or_exp><and_exp></and_exp></or_exp>
</condition>

<Node id="32" bw="0" op_0_bw="0" op_1_bw="15" op_2_bw="15" op_3_bw="15" op_4_bw="0" op_5_bw="0">
<![CDATA[
.split:26 %call_ln304 = call void @addrbound, i15 %p_channel, i15 %rows_c, i15 %cols_c, void %call_ln1331, void %call_ln1331

]]></Node>
<StgValue><ssdm name="call_ln304"/></StgValue>
</operation>

<operation id="20" st_id="3" stage="1" lat="2">
<core></core>
<MemPortIdVec></MemPortIdVec>
<condition id="-1">
<or_exp><and_exp></and_exp></or_exp>
</condition>

<Node id="34" bw="0" op_0_bw="0" op_1_bw="8" op_2_bw="8" op_3_bw="32" op_4_bw="32" op_5_bw="0">
<![CDATA[
.split:28 %call_ln1339 = call void @Mat2AxiStream, i8 %imgOutput_418, i8 %ldata, i32 %rows_c10, i32 %cols_c11, void %call_ln1331

]]></Node>
<StgValue><ssdm name="call_ln1339"/></StgValue>
</operation>
</state>

<state id="4" st_id="4">

<operation id="21" st_id="4" stage="1" lat="1">
<core>FIFO_SRL</core>
<MemPortIdVec></MemPortIdVec>
<condition id="-1">
<or_exp><and_exp></and_exp></or_exp>
</condition>

<Node id="33" bw="15" op_0_bw="15" op_1_bw="15" op_2_bw="0" op_3_bw="0">
<![CDATA[
.split:27 %axibound_V = call i15 @Mat2Axi_Block_.split13_proc, i15 %p_channel, void %call_ln304, void %call_ln304

]]></Node>
<StgValue><ssdm name="axibound_V"/></StgValue>
</operation>

<operation id="22" st_id="4" stage="2" lat="2">
<core></core>
<MemPortIdVec></MemPortIdVec>
<condition id="-1">
<or_exp><and_exp></and_exp></or_exp>
</condition>

<Node id="35" bw="0" op_0_bw="0" op_1_bw="8" op_2_bw="8" op_3_bw="64" op_4_bw="15" op_5_bw="0">
<![CDATA[
.split:29 %call_ln1340 = call void @AxiStream2Axi, i8 %ldata, i8 %gmem2, i64 %dout_c, i15 %axibound_V, void %call_ln1339

]]></Node>
<StgValue><ssdm name="call_ln1340"/></StgValue>
</operation>
</state>

<state id="5" st_id="5">

<operation id="23" st_id="5" stage="1" lat="1">
<core>NULL</core>
<MemPortIdVec></MemPortIdVec>
<condition id="-1">
<or_exp><and_exp></and_exp></or_exp>
</condition>

<Node id="15" bw="0" op_0_bw="0" op_1_bw="32" op_2_bw="32" op_3_bw="0">
<![CDATA[
.split:9 %specdataflowpipeline_ln0 = specdataflowpipeline void @_ssdm_op_SpecDataflowPipeline, i32, i32, void @empty_21

]]></Node>
<StgValue><ssdm name="specdataflowpipeline_ln0"/></StgValue>
</operation>

<operation id="24" st_id="5" stage="1" lat="1">
<core>NULL</core>
<MemPortIdVec></MemPortIdVec>
<condition id="-1">
<or_exp><and_exp></and_exp></or_exp>
</condition>

<Node id="16" bw="0" op_0_bw="0" op_1_bw="8" op_2_bw="0" op_3_bw="32" op_4_bw="32" op_5_bw="0" op_6_bw="32" op_7_bw="32" op_8_bw="0" op_9_bw="0" op_10_bw="0" op_11_bw="32" op_12_bw="32" op_13_bw="32" op_14_bw="32" op_15_bw="0" op_16_bw="0">
<![CDATA[
.split:10 %specinterface_ln0 = specinterface void @_ssdm_op_SpecInterface, i8 %gmem2, void @empty_12, i32, i32, void @empty_21, i32, i32, void @empty_21, void @empty_21, void @empty_21, i32, i32, i32, i32, void @empty_21, void @empty_21

]]></Node>
<StgValue><ssdm name="specinterface_ln0"/></StgValue>
</operation>

<operation id="25" st_id="5" stage="1" lat="1">
<core>NULL</core>
<MemPortIdVec></MemPortIdVec>
<condition id="-1">
<or_exp><and_exp></and_exp></or_exp>
</condition>

<Node id="17" bw="0" op_0_bw="0" op_1_bw="8" op_2_bw="0" op_3_bw="32" op_4_bw="32" op_5_bw="0" op_6_bw="32" op_7_bw="32" op_8_bw="0" op_9_bw="0" op_10_bw="0" op_11_bw="32" op_12_bw="32" op_13_bw="32" op_14_bw="32" op_15_bw="0" op_16_bw="0">
<![CDATA[
.split:11 %specinterface_ln0 = specinterface void @_ssdm_op_SpecInterface, i8 %imgOutput_418, void @empty_0, i32, i32, void @empty_21, i32, i32, void @empty_21, void @empty_21, void @empty_21, i32, i32, i32, i32, void @empty_21, void @empty_21

]]></Node>
<StgValue><ssdm name="specinterface_ln0"/></StgValue>
</operation>

<operation id="26" st_id="5" stage="1" lat="1">
<core>NULL</core>
<MemPortIdVec></MemPortIdVec>
<condition id="-1">
<or_exp><and_exp></and_exp></or_exp>
</condition>

<Node id="19" bw="32" op_0_bw="32" op_1_bw="0" op_2_bw="32" op_3_bw="0" op_4_bw="0" op_5_bw="32" op_6_bw="32" op_7_bw="8" op_8_bw="8">
<![CDATA[
.split:13 %empty = specchannel i32 @_ssdm_op_SpecChannel, void @ldata_str, i32, void @p_str, void @p_str, i32, i32, i8 %ldata, i8 %ldata

]]></Node>
<StgValue><ssdm name="empty"/></StgValue>
</operation>

<operation id="27" st_id="5" stage="1" lat="1">
<core>NULL</core>
<MemPortIdVec></MemPortIdVec>
<condition id="-1">
<or_exp><and_exp></and_exp></or_exp>
</condition>

<Node id="20" bw="0" op_0_bw="0" op_1_bw="8" op_2_bw="0" op_3_bw="32" op_4_bw="32" op_5_bw="0" op_6_bw="32" op_7_bw="32" op_8_bw="0" op_9_bw="0" op_10_bw="0" op_11_bw="32" op_12_bw="32" op_13_bw="32" op_14_bw="32" op_15_bw="0" op_16_bw="0">
<![CDATA[
.split:14 %specinterface_ln0 = specinterface void @_ssdm_op_SpecInterface, i8 %ldata, void @empty_0, i32, i32, void @empty_21, i32, i32, void @empty_21, void @empty_21, void @empty_21, i32, i32, i32, i32, void @empty_21, void @empty_21

]]></Node>
<StgValue><ssdm name="specinterface_ln0"/></StgValue>
</operation>

<operation id="28" st_id="5" stage="1" lat="1">
<core>NULL</core>
<MemPortIdVec></MemPortIdVec>
<condition id="-1">
<or_exp><and_exp></and_exp></or_exp>
</condition>

<Node id="21" bw="32" op_0_bw="32" op_1_bw="0" op_2_bw="32" op_3_bw="0" op_4_bw="0" op_5_bw="32" op_6_bw="32" op_7_bw="64" op_8_bw="64">
<![CDATA[
.split:15 %empty_71 = specchannel i32 @_ssdm_op_SpecChannel, void @dout_c_str, i32, void @p_str, void @p_str, i32, i32, i64 %dout_c, i64 %dout_c

]]></Node>
<StgValue><ssdm name="empty_71"/></StgValue>
</operation>

<operation id="29" st_id="5" stage="1" lat="1">
<core>NULL</core>
<MemPortIdVec></MemPortIdVec>
<condition id="-1">
<or_exp><and_exp></and_exp></or_exp>
</condition>

<Node id="22" bw="0" op_0_bw="0" op_1_bw="64" op_2_bw="0" op_3_bw="32" op_4_bw="32" op_5_bw="0" op_6_bw="32" op_7_bw="32" op_8_bw="0" op_9_bw="0" op_10_bw="0" op_11_bw="32" op_12_bw="32" op_13_bw="32" op_14_bw="32" op_15_bw="0" op_16_bw="0">
<![CDATA[
.split:16 %specinterface_ln1331 = specinterface void @_ssdm_op_SpecInterface, i64 %dout_c, void @ap_fifo_str, i32, i32, void @p_str, i32, i32, void @p_str, void @p_str, void @p_str, i32, i32, i32, i32, void @p_str, void @p_str

]]></Node>
<StgValue><ssdm name="specinterface_ln1331"/></StgValue>
</operation>

<operation id="30" st_id="5" stage="1" lat="1">
<core>NULL</core>
<MemPortIdVec></MemPortIdVec>
<condition id="-1">
<or_exp><and_exp></and_exp></or_exp>
</condition>

<Node id="23" bw="32" op_0_bw="32" op_1_bw="0" op_2_bw="32" op_3_bw="0" op_4_bw="0" op_5_bw="32" op_6_bw="32" op_7_bw="15" op_8_bw="15">
<![CDATA[
.split:17 %empty_72 = specchannel i32 @_ssdm_op_SpecChannel, void @rows_c_str, i32, void @p_str, void @p_str, i32, i32, i15 %rows_c, i15 %rows_c

]]></Node>
<StgValue><ssdm name="empty_72"/></StgValue>
</operation>

<operation id="31" st_id="5" stage="1" lat="1">
<core>NULL</core>
<MemPortIdVec></MemPortIdVec>
<condition id="-1">
<or_exp><and_exp></and_exp></or_exp>
</condition>

<Node id="24" bw="0" op_0_bw="0" op_1_bw="15" op_2_bw="0" op_3_bw="32" op_4_bw="32" op_5_bw="0" op_6_bw="32" op_7_bw="32" op_8_bw="0" op_9_bw="0" op_10_bw="0" op_11_bw="32" op_12_bw="32" op_13_bw="32" op_14_bw="32" op_15_bw="0" op_16_bw="0">
<![CDATA[
.split:18 %specinterface_ln1332 = specinterface void @_ssdm_op_SpecInterface, i15 %rows_c, void @ap_fifo_str, i32, i32, void @p_str, i32, i32, void @p_str, void @p_str, void @p_str, i32, i32, i32, i32, void @p_str, void @p_str

]]></Node>
<StgValue><ssdm name="specinterface_ln1332"/></StgValue>
</operation>

<operation id="32" st_id="5" stage="1" lat="1">
<core>NULL</core>
<MemPortIdVec></MemPortIdVec>
<condition id="-1">
<or_exp><and_exp></and_exp></or_exp>
</condition>

<Node id="25" bw="32" op_0_bw="32" op_1_bw="0" op_2_bw="32" op_3_bw="0" op_4_bw="0" op_5_bw="32" op_6_bw="32" op_7_bw="32" op_8_bw="32">
<![CDATA[
.split:19 %empty_73 = specchannel i32 @_ssdm_op_SpecChannel, void @rows_c10_str, i32, void @p_str, void @p_str, i32, i32, i32 %rows_c10, i32 %rows_c10

]]></Node>
<StgValue><ssdm name="empty_73"/></StgValue>
</operation>

<operation id="33" st_id="5" stage="1" lat="1">
<core>NULL</core>
<MemPortIdVec></MemPortIdVec>
<condition id="-1">
<or_exp><and_exp></and_exp></or_exp>
</condition>

<Node id="26" bw="0" op_0_bw="0" op_1_bw="32" op_2_bw="0" op_3_bw="32" op_4_bw="32" op_5_bw="0" op_6_bw="32" op_7_bw="32" op_8_bw="0" op_9_bw="0" op_10_bw="0" op_11_bw="32" op_12_bw="32" op_13_bw="32" op_14_bw="32" op_15_bw="0" op_16_bw="0">
<![CDATA[
.split:20 %specinterface_ln1332 = specinterface void @_ssdm_op_SpecInterface, i32 %rows_c10, void @ap_fifo_str, i32, i32, void @p_str, i32, i32, void @p_str, void @p_str, void @p_str, i32, i32, i32, i32, void @p_str, void @p_str

]]></Node>
<StgValue><ssdm name="specinterface_ln1332"/></StgValue>
</operation>

<operation id="34" st_id="5" stage="1" lat="1">
<core>NULL</core>
<MemPortIdVec></MemPortIdVec>
<condition id="-1">
<or_exp><and_exp></and_exp></or_exp>
</condition>

<Node id="27" bw="32" op_0_bw="32" op_1_bw="0" op_2_bw="32" op_3_bw="0" op_4_bw="0" op_5_bw="32" op_6_bw="32" op_7_bw="15" op_8_bw="15">
<![CDATA[
.split:21 %empty_74 = specchannel i32 @_ssdm_op_SpecChannel, void @cols_c_str, i32, void @p_str, void @p_str, i32, i32, i15 %cols_c, i15 %cols_c

]]></Node>
<StgValue><ssdm name="empty_74"/></StgValue>
</operation>

<operation id="35" st_id="5" stage="1" lat="1">
<core>NULL</core>
<MemPortIdVec></MemPortIdVec>
<condition id="-1">
<or_exp><and_exp></and_exp></or_exp>
</condition>

<Node id="28" bw="0" op_0_bw="0" op_1_bw="15" op_2_bw="0" op_3_bw="32" op_4_bw="32" op_5_bw="0" op_6_bw="32" op_7_bw="32" op_8_bw="0" op_9_bw="0" op_10_bw="0" op_11_bw="32" op_12_bw="32" op_13_bw="32" op_14_bw="32" op_15_bw="0" op_16_bw="0">
<![CDATA[
.split:22 %specinterface_ln1333 = specinterface void @_ssdm_op_SpecInterface, i15 %cols_c, void @ap_fifo_str, i32, i32, void @p_str, i32, i32, void @p_str, void @p_str, void @p_str, i32, i32, i32, i32, void @p_str, void @p_str

]]></Node>
<StgValue><ssdm name="specinterface_ln1333"/></StgValue>
</operation>

<operation id="36" st_id="5" stage="1" lat="1">
<core>NULL</core>
<MemPortIdVec></MemPortIdVec>
<condition id="-1">
<or_exp><and_exp></and_exp></or_exp>
</condition>

<Node id="29" bw="32" op_0_bw="32" op_1_bw="0" op_2_bw="32" op_3_bw="0" op_4_bw="0" op_5_bw="32" op_6_bw="32" op_7_bw="32" op_8_bw="32">
<![CDATA[
.split:23 %empty_75 = specchannel i32 @_ssdm_op_SpecChannel, void @cols_c11_str, i32, void @p_str, void @p_str, i32, i32, i32 %cols_c11, i32 %cols_c11

]]></Node>
<StgValue><ssdm name="empty_75"/></StgValue>
</operation>

<operation id="37" st_id="5" stage="1" lat="1">
<core>NULL</core>
<MemPortIdVec></MemPortIdVec>
<condition id="-1">
<or_exp><and_exp></and_exp></or_exp>
</condition>

<Node id="30" bw="0" op_0_bw="0" op_1_bw="32" op_2_bw="0" op_3_bw="32" op_4_bw="32" op_5_bw="0" op_6_bw="32" op_7_bw="32" op_8_bw="0" op_9_bw="0" op_10_bw="0" op_11_bw="32" op_12_bw="32" op_13_bw="32" op_14_bw="32" op_15_bw="0" op_16_bw="0">
<![CDATA[
.split:24 %specinterface_ln1333 = specinterface void @_ssdm_op_SpecInterface, i32 %cols_c11, void @ap_fifo_str, i32, i32, void @p_str, i32, i32, void @p_str, void @p_str, void @p_str, i32, i32, i32, i32, void @p_str, void @p_str

]]></Node>
<StgValue><ssdm name="specinterface_ln1333"/></StgValue>
</operation>

<operation id="38" st_id="5" stage="1" lat="2">
<core></core>
<MemPortIdVec></MemPortIdVec>
<condition id="-1">
<or_exp><and_exp></and_exp></or_exp>
</condition>

<Node id="35" bw="0" op_0_bw="0" op_1_bw="8" op_2_bw="8" op_3_bw="64" op_4_bw="15" op_5_bw="0">
<![CDATA[
.split:29 %call_ln1340 = call void @AxiStream2Axi, i8 %ldata, i8 %gmem2, i64 %dout_c, i15 %axibound_V, void %call_ln1339

]]></Node>
<StgValue><ssdm name="call_ln1340"/></StgValue>
</operation>

<operation id="39" st_id="5" stage="1" lat="1">
<core>NULL</core>
<MemPortIdVec></MemPortIdVec>
<condition id="-1">
<or_exp><and_exp></and_exp></or_exp>
</condition>

<Node id="36" bw="0">
<![CDATA[
.split:30 %ret_ln1341 = ret

]]></Node>
<StgValue><ssdm name="ret_ln1341"/></StgValue>
</operation>
</state>
</state_list>


<ports>
<port id="45" name="imgOutput_418" dir="0" iftype="3">
<core>FIFO_SRL</core><StgValue><ssdm name="imgOutput_418"/></StgValue>
</port>
<port id="46" name="gmem2" dir="1" iftype="4">
<core>NULL</core><StgValue><ssdm name="gmem2"/></StgValue>
</port>
<port id="47" name="dout" dir="0" iftype="0">
<core>NULL</core><StgValue><ssdm name="dout"/></StgValue>
</port>
<port id="48" name="rows" dir="0" iftype="0">
<core>NULL</core><StgValue><ssdm name="rows"/></StgValue>
</port>
<port id="49" name="cols" dir="0" iftype="0">
<core>NULL</core><StgValue><ssdm name="cols"/></StgValue>
</port>
</ports>


<dataflows>
<dataflow id="51" from="_ssdm_op_Read.ap_auto.i32" to="cols_read" fromId="50" toId="6">
</dataflow>
<dataflow id="52" from="cols" to="cols_read" fromId="49" toId="6">
</dataflow>
<dataflow id="53" from="_ssdm_op_Read.ap_auto.i32" to="rows_read" fromId="50" toId="7">
</dataflow>
<dataflow id="54" from="rows" to="rows_read" fromId="48" toId="7">
</dataflow>
<dataflow id="56" from="_ssdm_op_Read.ap_auto.i64" to="dout_read" fromId="55" toId="8">
</dataflow>
<dataflow id="57" from="dout" to="dout_read" fromId="47" toId="8">
</dataflow>
<dataflow id="59" from="StgValue_58" to="p_channel" fromId="58" toId="9">
</dataflow>
<dataflow id="60" from="StgValue_58" to="cols_c11" fromId="58" toId="10">
</dataflow>
<dataflow id="61" from="StgValue_58" to="cols_c" fromId="58" toId="11">
</dataflow>
<dataflow id="62" from="StgValue_58" to="rows_c10" fromId="58" toId="12">
</dataflow>
<dataflow id="63" from="StgValue_58" to="rows_c" fromId="58" toId="13">
</dataflow>
<dataflow id="64" from="StgValue_58" to="dout_c" fromId="58" toId="14">
</dataflow>
<dataflow id="65" from="StgValue_58" to="ldata" fromId="58" toId="15">
</dataflow>
<dataflow id="67" from="Mat2Axi.entry34" to="call_ln1331" fromId="66" toId="16">
</dataflow>
<dataflow id="68" from="dout_read" to="call_ln1331" fromId="8" toId="16">
</dataflow>
<dataflow id="69" from="rows_read" to="call_ln1331" fromId="7" toId="16">
</dataflow>
<dataflow id="70" from="cols_read" to="call_ln1331" fromId="6" toId="16">
</dataflow>
<dataflow id="71" from="dout_c" to="call_ln1331" fromId="14" toId="16">
</dataflow>
<dataflow id="72" from="rows_c" to="call_ln1331" fromId="13" toId="16">
</dataflow>
<dataflow id="73" from="rows_c10" to="call_ln1331" fromId="12" toId="16">
</dataflow>
<dataflow id="74" from="cols_c" to="call_ln1331" fromId="11" toId="16">
</dataflow>
<dataflow id="75" from="cols_c11" to="call_ln1331" fromId="10" toId="16">
</dataflow>
<dataflow id="77" from="addrbound" to="call_ln304" fromId="76" toId="17">
</dataflow>
<dataflow id="78" from="p_channel" to="call_ln304" fromId="9" toId="17">
</dataflow>
<dataflow id="79" from="rows_c" to="call_ln304" fromId="13" toId="17">
</dataflow>
<dataflow id="80" from="cols_c" to="call_ln304" fromId="11" toId="17">
</dataflow>
<dataflow id="82" from="Mat2AxiStream" to="call_ln1339" fromId="81" toId="18">
</dataflow>
<dataflow id="83" from="imgOutput_418" to="call_ln1339" fromId="45" toId="18">
</dataflow>
<dataflow id="84" from="ldata" to="call_ln1339" fromId="15" toId="18">
</dataflow>
<dataflow id="85" from="rows_c10" to="call_ln1339" fromId="12" toId="18">
</dataflow>
<dataflow id="86" from="cols_c11" to="call_ln1339" fromId="10" toId="18">
</dataflow>
<dataflow id="87" from="addrbound" to="call_ln304" fromId="76" toId="19">
</dataflow>
<dataflow id="88" from="p_channel" to="call_ln304" fromId="9" toId="19">
</dataflow>
<dataflow id="89" from="rows_c" to="call_ln304" fromId="13" toId="19">
</dataflow>
<dataflow id="90" from="cols_c" to="call_ln304" fromId="11" toId="19">
</dataflow>
<dataflow id="91" from="Mat2AxiStream" to="call_ln1339" fromId="81" toId="20">
</dataflow>
<dataflow id="92" from="imgOutput_418" to="call_ln1339" fromId="45" toId="20">
</dataflow>
<dataflow id="93" from="ldata" to="call_ln1339" fromId="15" toId="20">
</dataflow>
<dataflow id="94" from="rows_c10" to="call_ln1339" fromId="12" toId="20">
</dataflow>
<dataflow id="95" from="cols_c11" to="call_ln1339" fromId="10" toId="20">
</dataflow>
<dataflow id="97" from="Mat2Axi_Block_.split13_proc" to="axibound_V" fromId="96" toId="21">
</dataflow>
<dataflow id="98" from="p_channel" to="axibound_V" fromId="9" toId="21">
</dataflow>
<dataflow id="100" from="AxiStream2Axi" to="call_ln1340" fromId="99" toId="22">
</dataflow>
<dataflow id="101" from="ldata" to="call_ln1340" fromId="15" toId="22">
</dataflow>
<dataflow id="102" from="gmem2" to="call_ln1340" fromId="46" toId="22">
</dataflow>
<dataflow id="103" from="dout_c" to="call_ln1340" fromId="14" toId="22">
</dataflow>
<dataflow id="104" from="axibound_V" to="call_ln1340" fromId="21" toId="22">
</dataflow>
<dataflow id="106" from="_ssdm_op_SpecDataflowPipeline" to="specdataflowpipeline_ln0" fromId="105" toId="23">
</dataflow>
<dataflow id="108" from="StgValue_107" to="specdataflowpipeline_ln0" fromId="107" toId="23">
</dataflow>
<dataflow id="110" from="StgValue_109" to="specdataflowpipeline_ln0" fromId="109" toId="23">
</dataflow>
<dataflow id="112" from="empty_21" to="specdataflowpipeline_ln0" fromId="111" toId="23">
</dataflow>
<dataflow id="114" from="_ssdm_op_SpecInterface" to="specinterface_ln0" fromId="113" toId="24">
</dataflow>
<dataflow id="115" from="gmem2" to="specinterface_ln0" fromId="46" toId="24">
</dataflow>
<dataflow id="117" from="empty_12" to="specinterface_ln0" fromId="116" toId="24">
</dataflow>
<dataflow id="118" from="StgValue_109" to="specinterface_ln0" fromId="109" toId="24">
</dataflow>
<dataflow id="119" from="StgValue_109" to="specinterface_ln0" fromId="109" toId="24">
</dataflow>
<dataflow id="120" from="empty_21" to="specinterface_ln0" fromId="111" toId="24">
</dataflow>
<dataflow id="121" from="StgValue_109" to="specinterface_ln0" fromId="109" toId="24">
</dataflow>
<dataflow id="123" from="StgValue_122" to="specinterface_ln0" fromId="122" toId="24">
</dataflow>
<dataflow id="124" from="empty_21" to="specinterface_ln0" fromId="111" toId="24">
</dataflow>
<dataflow id="125" from="empty_21" to="specinterface_ln0" fromId="111" toId="24">
</dataflow>
<dataflow id="126" from="empty_21" to="specinterface_ln0" fromId="111" toId="24">
</dataflow>
<dataflow id="128" from="StgValue_127" to="specinterface_ln0" fromId="127" toId="24">
</dataflow>
<dataflow id="129" from="StgValue_127" to="specinterface_ln0" fromId="127" toId="24">
</dataflow>
<dataflow id="130" from="StgValue_127" to="specinterface_ln0" fromId="127" toId="24">
</dataflow>
<dataflow id="131" from="StgValue_127" to="specinterface_ln0" fromId="127" toId="24">
</dataflow>
<dataflow id="132" from="empty_21" to="specinterface_ln0" fromId="111" toId="24">
</dataflow>
<dataflow id="133" from="empty_21" to="specinterface_ln0" fromId="111" toId="24">
</dataflow>
<dataflow id="134" from="_ssdm_op_SpecInterface" to="specinterface_ln0" fromId="113" toId="25">
</dataflow>
<dataflow id="135" from="imgOutput_418" to="specinterface_ln0" fromId="45" toId="25">
</dataflow>
<dataflow id="137" from="empty_0" to="specinterface_ln0" fromId="136" toId="25">
</dataflow>
<dataflow id="138" from="StgValue_109" to="specinterface_ln0" fromId="109" toId="25">
</dataflow>
<dataflow id="139" from="StgValue_109" to="specinterface_ln0" fromId="109" toId="25">
</dataflow>
<dataflow id="140" from="empty_21" to="specinterface_ln0" fromId="111" toId="25">
</dataflow>
<dataflow id="141" from="StgValue_109" to="specinterface_ln0" fromId="109" toId="25">
</dataflow>
<dataflow id="142" from="StgValue_109" to="specinterface_ln0" fromId="109" toId="25">
</dataflow>
<dataflow id="143" from="empty_21" to="specinterface_ln0" fromId="111" toId="25">
</dataflow>
<dataflow id="144" from="empty_21" to="specinterface_ln0" fromId="111" toId="25">
</dataflow>
<dataflow id="145" from="empty_21" to="specinterface_ln0" fromId="111" toId="25">
</dataflow>
<dataflow id="146" from="StgValue_109" to="specinterface_ln0" fromId="109" toId="25">
</dataflow>
<dataflow id="147" from="StgValue_109" to="specinterface_ln0" fromId="109" toId="25">
</dataflow>
<dataflow id="148" from="StgValue_109" to="specinterface_ln0" fromId="109" toId="25">
</dataflow>
<dataflow id="149" from="StgValue_109" to="specinterface_ln0" fromId="109" toId="25">
</dataflow>
<dataflow id="150" from="empty_21" to="specinterface_ln0" fromId="111" toId="25">
</dataflow>
<dataflow id="151" from="empty_21" to="specinterface_ln0" fromId="111" toId="25">
</dataflow>
<dataflow id="153" from="_ssdm_op_SpecChannel" to="empty" fromId="152" toId="26">
</dataflow>
<dataflow id="155" from="ldata_str" to="empty" fromId="154" toId="26">
</dataflow>
<dataflow id="157" from="StgValue_156" to="empty" fromId="156" toId="26">
</dataflow>
<dataflow id="159" from="p_str" to="empty" fromId="158" toId="26">
</dataflow>
<dataflow id="160" from="p_str" to="empty" fromId="158" toId="26">
</dataflow>
<dataflow id="162" from="StgValue_161" to="empty" fromId="161" toId="26">
</dataflow>
<dataflow id="163" from="StgValue_161" to="empty" fromId="161" toId="26">
</dataflow>
<dataflow id="164" from="ldata" to="empty" fromId="15" toId="26">
</dataflow>
<dataflow id="165" from="ldata" to="empty" fromId="15" toId="26">
</dataflow>
<dataflow id="166" from="_ssdm_op_SpecInterface" to="specinterface_ln0" fromId="113" toId="27">
</dataflow>
<dataflow id="167" from="ldata" to="specinterface_ln0" fromId="15" toId="27">
</dataflow>
<dataflow id="168" from="empty_0" to="specinterface_ln0" fromId="136" toId="27">
</dataflow>
<dataflow id="169" from="StgValue_109" to="specinterface_ln0" fromId="109" toId="27">
</dataflow>
<dataflow id="170" from="StgValue_109" to="specinterface_ln0" fromId="109" toId="27">
</dataflow>
<dataflow id="171" from="empty_21" to="specinterface_ln0" fromId="111" toId="27">
</dataflow>
<dataflow id="172" from="StgValue_109" to="specinterface_ln0" fromId="109" toId="27">
</dataflow>
<dataflow id="173" from="StgValue_109" to="specinterface_ln0" fromId="109" toId="27">
</dataflow>
<dataflow id="174" from="empty_21" to="specinterface_ln0" fromId="111" toId="27">
</dataflow>
<dataflow id="175" from="empty_21" to="specinterface_ln0" fromId="111" toId="27">
</dataflow>
<dataflow id="176" from="empty_21" to="specinterface_ln0" fromId="111" toId="27">
</dataflow>
<dataflow id="177" from="StgValue_109" to="specinterface_ln0" fromId="109" toId="27">
</dataflow>
<dataflow id="178" from="StgValue_109" to="specinterface_ln0" fromId="109" toId="27">
</dataflow>
<dataflow id="179" from="StgValue_109" to="specinterface_ln0" fromId="109" toId="27">
</dataflow>
<dataflow id="180" from="StgValue_109" to="specinterface_ln0" fromId="109" toId="27">
</dataflow>
<dataflow id="181" from="empty_21" to="specinterface_ln0" fromId="111" toId="27">
</dataflow>
<dataflow id="182" from="empty_21" to="specinterface_ln0" fromId="111" toId="27">
</dataflow>
<dataflow id="183" from="_ssdm_op_SpecChannel" to="empty_71" fromId="152" toId="28">
</dataflow>
<dataflow id="185" from="dout_c_str" to="empty_71" fromId="184" toId="28">
</dataflow>
<dataflow id="186" from="StgValue_156" to="empty_71" fromId="156" toId="28">
</dataflow>
<dataflow id="187" from="p_str" to="empty_71" fromId="158" toId="28">
</dataflow>
<dataflow id="188" from="p_str" to="empty_71" fromId="158" toId="28">
</dataflow>
<dataflow id="190" from="StgValue_189" to="empty_71" fromId="189" toId="28">
</dataflow>
<dataflow id="191" from="StgValue_109" to="empty_71" fromId="109" toId="28">
</dataflow>
<dataflow id="192" from="dout_c" to="empty_71" fromId="14" toId="28">
</dataflow>
<dataflow id="193" from="dout_c" to="empty_71" fromId="14" toId="28">
</dataflow>
<dataflow id="194" from="_ssdm_op_SpecInterface" to="specinterface_ln1331" fromId="113" toId="29">
</dataflow>
<dataflow id="195" from="dout_c" to="specinterface_ln1331" fromId="14" toId="29">
</dataflow>
<dataflow id="197" from="ap_fifo_str" to="specinterface_ln1331" fromId="196" toId="29">
</dataflow>
<dataflow id="198" from="StgValue_109" to="specinterface_ln1331" fromId="109" toId="29">
</dataflow>
<dataflow id="199" from="StgValue_109" to="specinterface_ln1331" fromId="109" toId="29">
</dataflow>
<dataflow id="200" from="p_str" to="specinterface_ln1331" fromId="158" toId="29">
</dataflow>
<dataflow id="201" from="StgValue_109" to="specinterface_ln1331" fromId="109" toId="29">
</dataflow>
<dataflow id="202" from="StgValue_109" to="specinterface_ln1331" fromId="109" toId="29">
</dataflow>
<dataflow id="203" from="p_str" to="specinterface_ln1331" fromId="158" toId="29">
</dataflow>
<dataflow id="204" from="p_str" to="specinterface_ln1331" fromId="158" toId="29">
</dataflow>
<dataflow id="205" from="p_str" to="specinterface_ln1331" fromId="158" toId="29">
</dataflow>
<dataflow id="206" from="StgValue_161" to="specinterface_ln1331" fromId="161" toId="29">
</dataflow>
<dataflow id="207" from="StgValue_161" to="specinterface_ln1331" fromId="161" toId="29">
</dataflow>
<dataflow id="208" from="StgValue_127" to="specinterface_ln1331" fromId="127" toId="29">
</dataflow>
<dataflow id="209" from="StgValue_127" to="specinterface_ln1331" fromId="127" toId="29">
</dataflow>
<dataflow id="210" from="p_str" to="specinterface_ln1331" fromId="158" toId="29">
</dataflow>
<dataflow id="211" from="p_str" to="specinterface_ln1331" fromId="158" toId="29">
</dataflow>
<dataflow id="212" from="_ssdm_op_SpecChannel" to="empty_72" fromId="152" toId="30">
</dataflow>
<dataflow id="214" from="rows_c_str" to="empty_72" fromId="213" toId="30">
</dataflow>
<dataflow id="215" from="StgValue_156" to="empty_72" fromId="156" toId="30">
</dataflow>
<dataflow id="216" from="p_str" to="empty_72" fromId="158" toId="30">
</dataflow>
<dataflow id="217" from="p_str" to="empty_72" fromId="158" toId="30">
</dataflow>
<dataflow id="218" from="StgValue_161" to="empty_72" fromId="161" toId="30">
</dataflow>
<dataflow id="219" from="StgValue_109" to="empty_72" fromId="109" toId="30">
</dataflow>
<dataflow id="220" from="rows_c" to="empty_72" fromId="13" toId="30">
</dataflow>
<dataflow id="221" from="rows_c" to="empty_72" fromId="13" toId="30">
</dataflow>
<dataflow id="222" from="_ssdm_op_SpecInterface" to="specinterface_ln1332" fromId="113" toId="31">
</dataflow>
<dataflow id="223" from="rows_c" to="specinterface_ln1332" fromId="13" toId="31">
</dataflow>
<dataflow id="224" from="ap_fifo_str" to="specinterface_ln1332" fromId="196" toId="31">
</dataflow>
<dataflow id="225" from="StgValue_109" to="specinterface_ln1332" fromId="109" toId="31">
</dataflow>
<dataflow id="226" from="StgValue_109" to="specinterface_ln1332" fromId="109" toId="31">
</dataflow>
<dataflow id="227" from="p_str" to="specinterface_ln1332" fromId="158" toId="31">
</dataflow>
<dataflow id="228" from="StgValue_109" to="specinterface_ln1332" fromId="109" toId="31">
</dataflow>
<dataflow id="229" from="StgValue_109" to="specinterface_ln1332" fromId="109" toId="31">
</dataflow>
<dataflow id="230" from="p_str" to="specinterface_ln1332" fromId="158" toId="31">
</dataflow>
<dataflow id="231" from="p_str" to="specinterface_ln1332" fromId="158" toId="31">
</dataflow>
<dataflow id="232" from="p_str" to="specinterface_ln1332" fromId="158" toId="31">
</dataflow>
<dataflow id="233" from="StgValue_161" to="specinterface_ln1332" fromId="161" toId="31">
</dataflow>
<dataflow id="234" from="StgValue_161" to="specinterface_ln1332" fromId="161" toId="31">
</dataflow>
<dataflow id="235" from="StgValue_127" to="specinterface_ln1332" fromId="127" toId="31">
</dataflow>
<dataflow id="236" from="StgValue_127" to="specinterface_ln1332" fromId="127" toId="31">
</dataflow>
<dataflow id="237" from="p_str" to="specinterface_ln1332" fromId="158" toId="31">
</dataflow>
<dataflow id="238" from="p_str" to="specinterface_ln1332" fromId="158" toId="31">
</dataflow>
<dataflow id="239" from="_ssdm_op_SpecChannel" to="empty_73" fromId="152" toId="32">
</dataflow>
<dataflow id="241" from="rows_c10_str" to="empty_73" fromId="240" toId="32">
</dataflow>
<dataflow id="242" from="StgValue_156" to="empty_73" fromId="156" toId="32">
</dataflow>
<dataflow id="243" from="p_str" to="empty_73" fromId="158" toId="32">
</dataflow>
<dataflow id="244" from="p_str" to="empty_73" fromId="158" toId="32">
</dataflow>
<dataflow id="245" from="StgValue_161" to="empty_73" fromId="161" toId="32">
</dataflow>
<dataflow id="246" from="StgValue_109" to="empty_73" fromId="109" toId="32">
</dataflow>
<dataflow id="247" from="rows_c10" to="empty_73" fromId="12" toId="32">
</dataflow>
<dataflow id="248" from="rows_c10" to="empty_73" fromId="12" toId="32">
</dataflow>
<dataflow id="249" from="_ssdm_op_SpecInterface" to="specinterface_ln1332" fromId="113" toId="33">
</dataflow>
<dataflow id="250" from="rows_c10" to="specinterface_ln1332" fromId="12" toId="33">
</dataflow>
<dataflow id="251" from="ap_fifo_str" to="specinterface_ln1332" fromId="196" toId="33">
</dataflow>
<dataflow id="252" from="StgValue_109" to="specinterface_ln1332" fromId="109" toId="33">
</dataflow>
<dataflow id="253" from="StgValue_109" to="specinterface_ln1332" fromId="109" toId="33">
</dataflow>
<dataflow id="254" from="p_str" to="specinterface_ln1332" fromId="158" toId="33">
</dataflow>
<dataflow id="255" from="StgValue_109" to="specinterface_ln1332" fromId="109" toId="33">
</dataflow>
<dataflow id="256" from="StgValue_109" to="specinterface_ln1332" fromId="109" toId="33">
</dataflow>
<dataflow id="257" from="p_str" to="specinterface_ln1332" fromId="158" toId="33">
</dataflow>
<dataflow id="258" from="p_str" to="specinterface_ln1332" fromId="158" toId="33">
</dataflow>
<dataflow id="259" from="p_str" to="specinterface_ln1332" fromId="158" toId="33">
</dataflow>
<dataflow id="260" from="StgValue_161" to="specinterface_ln1332" fromId="161" toId="33">
</dataflow>
<dataflow id="261" from="StgValue_161" to="specinterface_ln1332" fromId="161" toId="33">
</dataflow>
<dataflow id="262" from="StgValue_127" to="specinterface_ln1332" fromId="127" toId="33">
</dataflow>
<dataflow id="263" from="StgValue_127" to="specinterface_ln1332" fromId="127" toId="33">
</dataflow>
<dataflow id="264" from="p_str" to="specinterface_ln1332" fromId="158" toId="33">
</dataflow>
<dataflow id="265" from="p_str" to="specinterface_ln1332" fromId="158" toId="33">
</dataflow>
<dataflow id="266" from="_ssdm_op_SpecChannel" to="empty_74" fromId="152" toId="34">
</dataflow>
<dataflow id="268" from="cols_c_str" to="empty_74" fromId="267" toId="34">
</dataflow>
<dataflow id="269" from="StgValue_156" to="empty_74" fromId="156" toId="34">
</dataflow>
<dataflow id="270" from="p_str" to="empty_74" fromId="158" toId="34">
</dataflow>
<dataflow id="271" from="p_str" to="empty_74" fromId="158" toId="34">
</dataflow>
<dataflow id="272" from="StgValue_161" to="empty_74" fromId="161" toId="34">
</dataflow>
<dataflow id="273" from="StgValue_109" to="empty_74" fromId="109" toId="34">
</dataflow>
<dataflow id="274" from="cols_c" to="empty_74" fromId="11" toId="34">
</dataflow>
<dataflow id="275" from="cols_c" to="empty_74" fromId="11" toId="34">
</dataflow>
<dataflow id="276" from="_ssdm_op_SpecInterface" to="specinterface_ln1333" fromId="113" toId="35">
</dataflow>
<dataflow id="277" from="cols_c" to="specinterface_ln1333" fromId="11" toId="35">
</dataflow>
<dataflow id="278" from="ap_fifo_str" to="specinterface_ln1333" fromId="196" toId="35">
</dataflow>
<dataflow id="279" from="StgValue_109" to="specinterface_ln1333" fromId="109" toId="35">
</dataflow>
<dataflow id="280" from="StgValue_109" to="specinterface_ln1333" fromId="109" toId="35">
</dataflow>
<dataflow id="281" from="p_str" to="specinterface_ln1333" fromId="158" toId="35">
</dataflow>
<dataflow id="282" from="StgValue_109" to="specinterface_ln1333" fromId="109" toId="35">
</dataflow>
<dataflow id="283" from="StgValue_109" to="specinterface_ln1333" fromId="109" toId="35">
</dataflow>
<dataflow id="284" from="p_str" to="specinterface_ln1333" fromId="158" toId="35">
</dataflow>
<dataflow id="285" from="p_str" to="specinterface_ln1333" fromId="158" toId="35">
</dataflow>
<dataflow id="286" from="p_str" to="specinterface_ln1333" fromId="158" toId="35">
</dataflow>
<dataflow id="287" from="StgValue_161" to="specinterface_ln1333" fromId="161" toId="35">
</dataflow>
<dataflow id="288" from="StgValue_161" to="specinterface_ln1333" fromId="161" toId="35">
</dataflow>
<dataflow id="289" from="StgValue_127" to="specinterface_ln1333" fromId="127" toId="35">
</dataflow>
<dataflow id="290" from="StgValue_127" to="specinterface_ln1333" fromId="127" toId="35">
</dataflow>
<dataflow id="291" from="p_str" to="specinterface_ln1333" fromId="158" toId="35">
</dataflow>
<dataflow id="292" from="p_str" to="specinterface_ln1333" fromId="158" toId="35">
</dataflow>
<dataflow id="293" from="_ssdm_op_SpecChannel" to="empty_75" fromId="152" toId="36">
</dataflow>
<dataflow id="295" from="cols_c11_str" to="empty_75" fromId="294" toId="36">
</dataflow>
<dataflow id="296" from="StgValue_156" to="empty_75" fromId="156" toId="36">
</dataflow>
<dataflow id="297" from="p_str" to="empty_75" fromId="158" toId="36">
</dataflow>
<dataflow id="298" from="p_str" to="empty_75" fromId="158" toId="36">
</dataflow>
<dataflow id="299" from="StgValue_161" to="empty_75" fromId="161" toId="36">
</dataflow>
<dataflow id="300" from="StgValue_109" to="empty_75" fromId="109" toId="36">
</dataflow>
<dataflow id="301" from="cols_c11" to="empty_75" fromId="10" toId="36">
</dataflow>
<dataflow id="302" from="cols_c11" to="empty_75" fromId="10" toId="36">
</dataflow>
<dataflow id="303" from="_ssdm_op_SpecInterface" to="specinterface_ln1333" fromId="113" toId="37">
</dataflow>
<dataflow id="304" from="cols_c11" to="specinterface_ln1333" fromId="10" toId="37">
</dataflow>
<dataflow id="305" from="ap_fifo_str" to="specinterface_ln1333" fromId="196" toId="37">
</dataflow>
<dataflow id="306" from="StgValue_109" to="specinterface_ln1333" fromId="109" toId="37">
</dataflow>
<dataflow id="307" from="StgValue_109" to="specinterface_ln1333" fromId="109" toId="37">
</dataflow>
<dataflow id="308" from="p_str" to="specinterface_ln1333" fromId="158" toId="37">
</dataflow>
<dataflow id="309" from="StgValue_109" to="specinterface_ln1333" fromId="109" toId="37">
</dataflow>
<dataflow id="310" from="StgValue_109" to="specinterface_ln1333" fromId="109" toId="37">
</dataflow>
<dataflow id="311" from="p_str" to="specinterface_ln1333" fromId="158" toId="37">
</dataflow>
<dataflow id="312" from="p_str" to="specinterface_ln1333" fromId="158" toId="37">
</dataflow>
<dataflow id="313" from="p_str" to="specinterface_ln1333" fromId="158" toId="37">
</dataflow>
<dataflow id="314" from="StgValue_161" to="specinterface_ln1333" fromId="161" toId="37">
</dataflow>
<dataflow id="315" from="StgValue_161" to="specinterface_ln1333" fromId="161" toId="37">
</dataflow>
<dataflow id="316" from="StgValue_127" to="specinterface_ln1333" fromId="127" toId="37">
</dataflow>
<dataflow id="317" from="StgValue_127" to="specinterface_ln1333" fromId="127" toId="37">
</dataflow>
<dataflow id="318" from="p_str" to="specinterface_ln1333" fromId="158" toId="37">
</dataflow>
<dataflow id="319" from="p_str" to="specinterface_ln1333" fromId="158" toId="37">
</dataflow>
<dataflow id="320" from="AxiStream2Axi" to="call_ln1340" fromId="99" toId="38">
</dataflow>
<dataflow id="321" from="ldata" to="call_ln1340" fromId="15" toId="38">
</dataflow>
<dataflow id="322" from="gmem2" to="call_ln1340" fromId="46" toId="38">
</dataflow>
<dataflow id="323" from="dout_c" to="call_ln1340" fromId="14" toId="38">
</dataflow>
<dataflow id="324" from="axibound_V" to="call_ln1340" fromId="21" toId="38">
</dataflow>
</dataflows>


</stg>
