<profile>

<section name = "Vitis HLS Report for 'Mat2Axi_entry34'" level="0">
<item name = "Date">Fri Jan 22 14:17:04 2021
</item>
<item name = "Version">2020.1 (Build 2902540 on Wed May 27 20:16:15 MDT 2020)</item>
<item name = "Project">erosion</item>
<item name = "Solution">solution1 (Vivado IP Flow Target)</item>
<item name = "Product family">virtexuplus</item>
<item name = "Target device">xcvu11p-flga2577-1-e</item>
</section>

<section name = "Performance Estimates" level="0">
<item name = "Timing">
<section name = "" level="1">
<item name = "Summary"><table name="" hasTotal="0">
<keys size="4">Clock, Target, Estimated, Uncertainty</keys>
<column name="ap_clk">10.00 ns, 2.102 ns, 2.70 ns</column>
</table>
</item>
</section>
</item>
<item name = "Latency">
<section name = "" level="1">
<item name = "Summary"><table name="" hasTotal="0">
<keys size="8">, min, max, min, max, min, max, Type</keys>
<column name="">0, 0, 0 ns, 0 ns, 0, 0, none</column>
</table>
</item>
<item name = "Detail">
<section name = "" level="1">
<item name = "Instance"><table name="" hasTotal="0">
<keys size="9">Instance, Module, min, max, min, max, min, max, Type</keys>
</table>
</item>
<item name = "Loop"><table name="" hasTotal="0">
<keys size="8">Loop Name, min, max, Latency, achieved, target, Count, Pipelined</keys>
</table>
</item>
</section>
</item>
</section>
</item>
</section>

<section name = "Utilization Estimates" level="0">
<item name = "Summary"><table name="" hasTotal="1">
<keys size="6">Name, BRAM_18K, DSP, FF, LUT, URAM</keys>
<column name="DSP">-, -, -, -, -</column>
<column name="Expression">-, -, 0, 2, -</column>
<column name="FIFO">-, -, -, -, -</column>
<column name="Instance">-, -, -, -, -</column>
<column name="Memory">-, -, -, -, -</column>
<column name="Multiplexer">-, -, -, 63, -</column>
<column name="Register">-, -, 3, -, -</column>
<specialColumn name="Available SLR">1344, 3072, 864000, 432000, 320</specialColumn>
<specialColumn name="Utilization SLR (%)">0, 0, ~0, ~0, 0</specialColumn>
<specialColumn name="Available">4032, 9216, 2592000, 1296000, 960</specialColumn>
<specialColumn name="Utilization (%)">0, 0, ~0, ~0, 0</specialColumn>
</table>
</item>
<item name = "Detail">
<section name = "" level="1">
<item name = "Instance"><table name="" hasTotal="1">
<keys size="7">Instance, Module, BRAM_18K, DSP, FF, LUT, URAM</keys>
</table>
</item>
<item name = "DSP"><table name="" hasTotal="0">
<keys size="3">Instance, Module, Expression</keys>
</table>
</item>
<item name = "Memory"><table name="" hasTotal="1">
<keys size="10">Memory, Module, BRAM_18K, FF, LUT, URAM, Words, Bits, Banks, W*Bits*Banks</keys>
</table>
</item>
<item name = "FIFO"><table name="" hasTotal="1">
<keys size="8">Name, BRAM_18K, FF, LUT, URAM, Depth, Bits, Size:D*B</keys>
</table>
</item>
<item name = "Expression"><table name="" hasTotal="1">
<keys size="7">Variable Name, Operation, DSP, FF, LUT, Bitwidth P0, Bitwidth P1</keys>
<column name="ap_block_state1">or, 0, 0, 2, 1, 1</column>
</table>
</item>
<item name = "Multiplexer"><table name="" hasTotal="1">
<keys size="5">Name, LUT, Input Size, Bits, Total Bits</keys>
<column name="ap_done">9, 2, 1, 2</column>
<column name="cols_out2_blk_n">9, 2, 1, 2</column>
<column name="cols_out_blk_n">9, 2, 1, 2</column>
<column name="dout_out_blk_n">9, 2, 1, 2</column>
<column name="real_start">9, 2, 1, 2</column>
<column name="rows_out1_blk_n">9, 2, 1, 2</column>
<column name="rows_out_blk_n">9, 2, 1, 2</column>
</table>
</item>
<item name = "Register"><table name="" hasTotal="1">
<keys size="5">Name, FF, LUT, Bits, Const Bits</keys>
<column name="ap_CS_fsm">1, 0, 1, 0</column>
<column name="ap_done_reg">1, 0, 1, 0</column>
<column name="start_once_reg">1, 0, 1, 0</column>
</table>
</item>
</section>
</item>
</section>

<section name = "Interface" level="0">
<item name = "Summary"><table name="" hasTotal="0">
<keys size="6">RTL Ports, Dir, Bits, Protocol, Source Object, C Type</keys>
<column name="ap_clk">in, 1, ap_ctrl_hs, Mat2Axi.entry34, return value</column>
<column name="ap_rst">in, 1, ap_ctrl_hs, Mat2Axi.entry34, return value</column>
<column name="ap_start">in, 1, ap_ctrl_hs, Mat2Axi.entry34, return value</column>
<column name="start_full_n">in, 1, ap_ctrl_hs, Mat2Axi.entry34, return value</column>
<column name="ap_done">out, 1, ap_ctrl_hs, Mat2Axi.entry34, return value</column>
<column name="ap_continue">in, 1, ap_ctrl_hs, Mat2Axi.entry34, return value</column>
<column name="ap_idle">out, 1, ap_ctrl_hs, Mat2Axi.entry34, return value</column>
<column name="ap_ready">out, 1, ap_ctrl_hs, Mat2Axi.entry34, return value</column>
<column name="start_out">out, 1, ap_ctrl_hs, Mat2Axi.entry34, return value</column>
<column name="start_write">out, 1, ap_ctrl_hs, Mat2Axi.entry34, return value</column>
<column name="dout">in, 64, ap_none, dout, scalar</column>
<column name="rows">in, 32, ap_none, rows, scalar</column>
<column name="cols">in, 32, ap_none, cols, scalar</column>
<column name="dout_out_din">out, 64, ap_fifo, dout_out, pointer</column>
<column name="dout_out_full_n">in, 1, ap_fifo, dout_out, pointer</column>
<column name="dout_out_write">out, 1, ap_fifo, dout_out, pointer</column>
<column name="rows_out_din">out, 15, ap_fifo, rows_out, pointer</column>
<column name="rows_out_full_n">in, 1, ap_fifo, rows_out, pointer</column>
<column name="rows_out_write">out, 1, ap_fifo, rows_out, pointer</column>
<column name="rows_out1_din">out, 32, ap_fifo, rows_out1, pointer</column>
<column name="rows_out1_full_n">in, 1, ap_fifo, rows_out1, pointer</column>
<column name="rows_out1_write">out, 1, ap_fifo, rows_out1, pointer</column>
<column name="cols_out_din">out, 15, ap_fifo, cols_out, pointer</column>
<column name="cols_out_full_n">in, 1, ap_fifo, cols_out, pointer</column>
<column name="cols_out_write">out, 1, ap_fifo, cols_out, pointer</column>
<column name="cols_out2_din">out, 32, ap_fifo, cols_out2, pointer</column>
<column name="cols_out2_full_n">in, 1, ap_fifo, cols_out2, pointer</column>
<column name="cols_out2_write">out, 1, ap_fifo, cols_out2, pointer</column>
</table>
</item>
</section>
</profile>
