<profile>

<section name = "Vitis HLS Report for 'Mat2AxiStream'" level="0">
<item name = "Date">Fri Jan 22 14:17:05 2021
</item>
<item name = "Version">2020.1 (Build 2902540 on Wed May 27 20:16:15 MDT 2020)</item>
<item name = "Project">erosion</item>
<item name = "Solution">solution1 (Vivado IP Flow Target)</item>
<item name = "Product family">virtexuplus</item>
<item name = "Target device">xcvu11p-flga2577-1-e</item>
</section>

<section name = "Performance Estimates" level="0">
<item name = "Timing">
<section name = "" level="1">
<item name = "Summary"><table name="" hasTotal="0">
<keys size="4">Clock, Target, Estimated, Uncertainty</keys>
<column name="ap_clk">10.00 ns, 6.002 ns, 2.70 ns</column>
</table>
</item>
</section>
</item>
<item name = "Latency">
<section name = "" level="1">
<item name = "Summary"><table name="" hasTotal="0">
<keys size="8">, min, max, min, max, min, max, Type</keys>
<column name="">4, 16387, 40.000 ns, 0.164 ms, 4, 16387, dataflow</column>
</table>
</item>
<item name = "Detail">
<section name = "" level="1">
<item name = "Instance"><table name="" hasTotal="0">
<keys size="9">Instance, Module, min, max, min, max, min, max, Type</keys>
<column name="MatStream2AxiStream_U0">MatStream2AxiStream, 3, 16386, 30.000 ns, 0.164 ms, 3, 16386, none</column>
<column name="last_blk_pxl_width31_U0">last_blk_pxl_width31, 0, 0, 0 ns, 0 ns, 0, 0, none</column>
</table>
</item>
<item name = "Loop"><table name="" hasTotal="0">
<keys size="8">Loop Name, min, max, Latency, achieved, target, Count, Pipelined</keys>
</table>
</item>
</section>
</item>
</section>
</item>
</section>

<section name = "Utilization Estimates" level="0">
<item name = "Summary"><table name="" hasTotal="1">
<keys size="6">Name, BRAM_18K, DSP, FF, LUT, URAM</keys>
<column name="DSP">-, -, -, -, -</column>
<column name="Expression">-, -, 0, 30, -</column>
<column name="FIFO">-, -, 297, 201, -</column>
<column name="Instance">-, 4, 257, 678, -</column>
<column name="Memory">-, -, -, -, -</column>
<column name="Multiplexer">-, -, -, 36, -</column>
<column name="Register">-, -, 6, -, -</column>
<specialColumn name="Available SLR">1344, 3072, 864000, 432000, 320</specialColumn>
<specialColumn name="Utilization SLR (%)">0, ~0, ~0, ~0, 0</specialColumn>
<specialColumn name="Available">4032, 9216, 2592000, 1296000, 960</specialColumn>
<specialColumn name="Utilization (%)">0, ~0, ~0, ~0, 0</specialColumn>
</table>
</item>
<item name = "Detail">
<section name = "" level="1">
<item name = "Instance"><table name="" hasTotal="1">
<keys size="7">Instance, Module, BRAM_18K, DSP, FF, LUT, URAM</keys>
<column name="MatStream2AxiStream_U0">MatStream2AxiStream, 0, 4, 255, 631, 0</column>
<column name="last_blk_pxl_width31_U0">last_blk_pxl_width31, 0, 0, 2, 47, 0</column>
</table>
</item>
<item name = "DSP"><table name="" hasTotal="0">
<keys size="3">Instance, Module, Expression</keys>
</table>
</item>
<item name = "Memory"><table name="" hasTotal="1">
<keys size="10">Memory, Module, BRAM_18K, FF, LUT, URAM, Words, Bits, Banks, W*Bits*Banks</keys>
</table>
</item>
<item name = "FIFO"><table name="" hasTotal="1">
<keys size="8">Name, BRAM_18K, FF, LUT, URAM, Depth, Bits, Size:D*B</keys>
<column name="cols_c_i_U">0, 99, 0, -, 2, 32, 64</column>
<column name="p_channel_U">0, 99, 0, -, 2, 4, 8</column>
<column name="rows_c_i_U">0, 99, 0, -, 2, 32, 64</column>
</table>
</item>
<item name = "Expression"><table name="" hasTotal="1">
<keys size="7">Variable Name, Operation, DSP, FF, LUT, Bitwidth P0, Bitwidth P1</keys>
<column name="MatStream2AxiStream_U0_ap_ready_count">+, 0, 0, 9, 2, 1</column>
<column name="last_blk_pxl_width31_U0_ap_ready_count">+, 0, 0, 9, 2, 1</column>
<column name="MatStream2AxiStream_U0_ap_start">and, 0, 0, 2, 1, 1</column>
<column name="ap_idle">and, 0, 0, 2, 1, 1</column>
<column name="ap_sync_ready">and, 0, 0, 2, 1, 1</column>
<column name="last_blk_pxl_width31_U0_ap_start">and, 0, 0, 2, 1, 1</column>
<column name="ap_sync_MatStream2AxiStream_U0_ap_ready">or, 0, 0, 2, 1, 1</column>
<column name="ap_sync_last_blk_pxl_width31_U0_ap_ready">or, 0, 0, 2, 1, 1</column>
</table>
</item>
<item name = "Multiplexer"><table name="" hasTotal="1">
<keys size="5">Name, LUT, Input Size, Bits, Total Bits</keys>
<column name="MatStream2AxiStream_U0_ap_ready_count">9, 2, 2, 4</column>
<column name="ap_sync_reg_MatStream2AxiStream_U0_ap_ready">9, 2, 1, 2</column>
<column name="ap_sync_reg_last_blk_pxl_width31_U0_ap_ready">9, 2, 1, 2</column>
<column name="last_blk_pxl_width31_U0_ap_ready_count">9, 2, 2, 4</column>
</table>
</item>
<item name = "Register"><table name="" hasTotal="1">
<keys size="5">Name, FF, LUT, Bits, Const Bits</keys>
<column name="MatStream2AxiStream_U0_ap_ready_count">2, 0, 2, 0</column>
<column name="ap_sync_reg_MatStream2AxiStream_U0_ap_ready">1, 0, 1, 0</column>
<column name="ap_sync_reg_last_blk_pxl_width31_U0_ap_ready">1, 0, 1, 0</column>
<column name="last_blk_pxl_width31_U0_ap_ready_count">2, 0, 2, 0</column>
</table>
</item>
</section>
</item>
</section>

<section name = "Interface" level="0">
<item name = "Summary"><table name="" hasTotal="0">
<keys size="6">RTL Ports, Dir, Bits, Protocol, Source Object, C Type</keys>
<column name="imgOutput_418_dout">in, 8, ap_fifo, imgOutput_418, pointer</column>
<column name="imgOutput_418_empty_n">in, 1, ap_fifo, imgOutput_418, pointer</column>
<column name="imgOutput_418_read">out, 1, ap_fifo, imgOutput_418, pointer</column>
<column name="ldata1_din">out, 8, ap_fifo, ldata1, pointer</column>
<column name="ldata1_full_n">in, 1, ap_fifo, ldata1, pointer</column>
<column name="ldata1_write">out, 1, ap_fifo, ldata1, pointer</column>
<column name="rows_dout">in, 32, ap_fifo, rows, pointer</column>
<column name="rows_empty_n">in, 1, ap_fifo, rows, pointer</column>
<column name="rows_read">out, 1, ap_fifo, rows, pointer</column>
<column name="cols_dout">in, 32, ap_fifo, cols, pointer</column>
<column name="cols_empty_n">in, 1, ap_fifo, cols, pointer</column>
<column name="cols_read">out, 1, ap_fifo, cols, pointer</column>
<column name="ap_clk">in, 1, ap_ctrl_hs, Mat2AxiStream, return value</column>
<column name="ap_rst">in, 1, ap_ctrl_hs, Mat2AxiStream, return value</column>
<column name="ap_start">in, 1, ap_ctrl_hs, Mat2AxiStream, return value</column>
<column name="ap_done">out, 1, ap_ctrl_hs, Mat2AxiStream, return value</column>
<column name="ap_ready">out, 1, ap_ctrl_hs, Mat2AxiStream, return value</column>
<column name="ap_idle">out, 1, ap_ctrl_hs, Mat2AxiStream, return value</column>
<column name="ap_continue">in, 1, ap_ctrl_hs, Mat2AxiStream, return value</column>
</table>
</item>
</section>
</profile>
