<stg><name>Mat2Axi_Block_.split13_proc</name>


<trans_list>
</trans_list>



<state_list>

<state id="1" st_id="1">

<operation id="2" st_id="1" stage="1" lat="1">
<core>NULL</core>
<MemPortIdVec></MemPortIdVec>
<condition id="-1">
<or_exp><and_exp></and_exp></or_exp>
</condition>

<Node id="2" bw="15" op_0_bw="15" op_1_bw="15">
<![CDATA[
newFuncRoot:0 %axibound_V_1_read = read i15 @_ssdm_op_Read.ap_auto.volatile.i15P, i15 %axibound_V_1

]]></Node>
<StgValue><ssdm name="axibound_V_1_read"/></StgValue>
</operation>

<operation id="3" st_id="1" stage="1" lat="1">
<core>NULL</core>
<MemPortIdVec></MemPortIdVec>
<condition id="-1">
<or_exp><and_exp></and_exp></or_exp>
</condition>

<Node id="3" bw="0" op_0_bw="15">
<![CDATA[
newFuncRoot:1 %ret_ln304 = ret i15 %axibound_V_1_read

]]></Node>
<StgValue><ssdm name="ret_ln304"/></StgValue>
</operation>
</state>
</state_list>


<ports>
</ports>


<dataflows>
</dataflows>


</stg>
