<profile>

<section name = "Vitis HLS Report for 'Mat2Axi'" level="0">
<item name = "Date">Fri Jan 22 14:16:57 2021
</item>
<item name = "Version">2020.1 (Build 2902540 on Wed May 27 20:16:15 MDT 2020)</item>
<item name = "Project">erosion</item>
<item name = "Solution">solution1 (Vivado IP Flow Target)</item>
<item name = "Product family">virtexuplus</item>
<item name = "Target device">xcvu11p-flga2577-1-e</item>
</section>

<section name = "Performance Estimates" level="0">
<item name = "Timing">
<section name = "" level="1">
<item name = "Summary"><table name="" hasTotal="0">
<keys size="4">Clock, Target, Estimated, Uncertainty</keys>
<column name="ap_clk">10.00 ns, 7.300 ns, 2.70 ns</column>
</table>
</item>
</section>
</item>
<item name = "Latency">
<section name = "" level="1">
<item name = "Summary"><table name="" hasTotal="0">
<keys size="8">, min, max, min, max, min, max, Type</keys>
<column name="">5, 16394, 50.000 ns, 0.164 ms, 4, 16393, dataflow</column>
</table>
</item>
<item name = "Detail">
<section name = "" level="1">
<item name = "Instance"><table name="" hasTotal="0">
<keys size="9">Instance, Module, min, max, min, max, min, max, Type</keys>
<column name="grp_Mat2AxiStream_fu_114">Mat2AxiStream, 4, 16387, 40.000 ns, 0.164 ms, 4, 16387, dataflow</column>
<column name="grp_AxiStream2Axi_fu_123">AxiStream2Axi, 1, 16392, 10.000 ns, 0.164 ms, 1, 16392, none</column>
<column name="grp_addrbound_fu_132">addrbound, 3, 3, 30.000 ns, 30.000 ns, 3, 3, none</column>
<column name="call_ln1331_Mat2Axi_entry34_fu_139">Mat2Axi_entry34, 0, 0, 0 ns, 0 ns, 0, 0, none</column>
<column name="axibound_V_Mat2Axi_Block_split13_proc_fu_154">Mat2Axi_Block_split13_proc, 0, 0, 0 ns, 0 ns, 0, 0, none</column>
</table>
</item>
<item name = "Loop"><table name="" hasTotal="0">
<keys size="8">Loop Name, min, max, Latency, achieved, target, Count, Pipelined</keys>
</table>
</item>
</section>
</item>
</section>
</item>
</section>
</profile>
