<profile>

<section name = "Vitis HLS Report for 'MatStream2AxiStream'" level="0">
<item name = "Date">Fri Jan 22 14:17:05 2021
</item>
<item name = "Version">2020.1 (Build 2902540 on Wed May 27 20:16:15 MDT 2020)</item>
<item name = "Project">erosion</item>
<item name = "Solution">solution1 (Vivado IP Flow Target)</item>
<item name = "Product family">virtexuplus</item>
<item name = "Target device">xcvu11p-flga2577-1-e</item>
</section>

<section name = "Performance Estimates" level="0">
<item name = "Timing">
<section name = "" level="1">
<item name = "Summary"><table name="" hasTotal="0">
<keys size="4">Clock, Target, Estimated, Uncertainty</keys>
<column name="ap_clk">10.00 ns, 6.002 ns, 2.70 ns</column>
</table>
</item>
</section>
</item>
<item name = "Latency">
<section name = "" level="1">
<item name = "Summary"><table name="" hasTotal="0">
<keys size="8">, min, max, min, max, min, max, Type</keys>
<column name="">3, 16386, 30.000 ns, 0.164 ms, 3, 16386, none</column>
</table>
</item>
<item name = "Detail">
<section name = "" level="1">
<item name = "Instance"><table name="" hasTotal="0">
<keys size="9">Instance, Module, min, max, min, max, min, max, Type</keys>
</table>
</item>
<item name = "Loop"><table name="" hasTotal="0">
<keys size="8">Loop Name, min, max, Latency, achieved, target, Count, Pipelined</keys>
<column name="- MMIterOutRow_MMIterOutCol">1, 16384, 2, 1, 1, 1 ~ 16384, yes</column>
</table>
</item>
</section>
</item>
</section>
</item>
</section>

<section name = "Utilization Estimates" level="0">
<item name = "Summary"><table name="" hasTotal="1">
<keys size="6">Name, BRAM_18K, DSP, FF, LUT, URAM</keys>
<column name="DSP">-, -, -, -, -</column>
<column name="Expression">-, -, 0, 449, -</column>
<column name="FIFO">-, -, -, -, -</column>
<column name="Instance">-, 4, 0, 20, -</column>
<column name="Memory">-, -, -, -, -</column>
<column name="Multiplexer">-, -, -, 162, -</column>
<column name="Register">-, -, 255, -, -</column>
<specialColumn name="Available SLR">1344, 3072, 864000, 432000, 320</specialColumn>
<specialColumn name="Utilization SLR (%)">0, ~0, ~0, ~0, 0</specialColumn>
<specialColumn name="Available">4032, 9216, 2592000, 1296000, 960</specialColumn>
<specialColumn name="Utilization (%)">0, ~0, ~0, ~0, 0</specialColumn>
</table>
</item>
<item name = "Detail">
<section name = "" level="1">
<item name = "Instance"><table name="" hasTotal="1">
<keys size="7">Instance, Module, BRAM_18K, DSP, FF, LUT, URAM</keys>
<column name="mul_32ns_32ns_64_1_1_U120">mul_32ns_32ns_64_1_1, 0, 4, 0, 20, 0</column>
</table>
</item>
<item name = "DSP"><table name="" hasTotal="0">
<keys size="3">Instance, Module, Expression</keys>
</table>
</item>
<item name = "Memory"><table name="" hasTotal="1">
<keys size="10">Memory, Module, BRAM_18K, FF, LUT, URAM, Words, Bits, Banks, W*Bits*Banks</keys>
</table>
</item>
<item name = "FIFO"><table name="" hasTotal="1">
<keys size="8">Name, BRAM_18K, FF, LUT, URAM, Depth, Bits, Size:D*B</keys>
</table>
</item>
<item name = "Expression"><table name="" hasTotal="1">
<keys size="7">Variable Name, Operation, DSP, FF, LUT, Bitwidth P0, Bitwidth P1</keys>
<column name="add_ln1241_fu_197_p2">+, 0, 0, 71, 64, 1</column>
<column name="add_ln1246_fu_261_p2">+, 0, 0, 38, 31, 1</column>
<column name="add_ln216_fu_255_p2">+, 0, 0, 12, 4, 4</column>
<column name="sub_i_fu_158_p2">+, 0, 0, 39, 32, 2</column>
<column name="p_Val2_s_fu_292_p2">-, 0, 0, 15, 4, 5</column>
<column name="sub_ln1258_fu_236_p2">-, 0, 0, 15, 4, 5</column>
<column name="sub_ln550_fu_313_p2">-, 0, 0, 11, 1, 3</column>
<column name="ap_block_pp0_stage0_01001">and, 0, 0, 2, 1, 1</column>
<column name="ap_block_state4">and, 0, 0, 2, 1, 1</column>
<column name="ap_predicate_op55_write_state3">and, 0, 0, 2, 1, 1</column>
<column name="bLast_fu_215_p2">icmp, 0, 0, 20, 32, 32</column>
<column name="icmp_ln1241_fu_192_p2">icmp, 0, 0, 29, 64, 64</column>
<column name="icmp_ln1246_fu_187_p2">icmp, 0, 0, 20, 32, 32</column>
<column name="icmp_ln878_fu_357_p2">icmp, 0, 0, 9, 4, 1</column>
<column name="icmp_ln882_fu_242_p2">icmp, 0, 0, 11, 5, 5</column>
<column name="lshr_ln803_fu_333_p2">lshr, 0, 0, 19, 8, 8</column>
<column name="ap_block_state1">or, 0, 0, 2, 1, 1</column>
<column name="ap_block_state3_pp0_stage0_iter1">or, 0, 0, 2, 1, 1</column>
<column name="or_ln1353_fu_285_p2">or, 0, 0, 8, 8, 8</column>
<column name="j_1_fu_267_p3">select, 0, 0, 31, 1, 31</column>
<column name="select_ln1238_fu_203_p3">select, 0, 0, 31, 1, 31</column>
<column name="select_ln791_fu_339_p3">select, 0, 0, 8, 1, 8</column>
<column name="xf_bits_per_clock_fu_220_p3">select, 0, 0, 5, 1, 4</column>
<column name="shl_ln785_1_fu_323_p2">shl, 0, 0, 19, 8, 8</column>
<column name="shl_ln785_fu_279_p2">shl, 0, 0, 19, 8, 8</column>
<column name="ap_enable_pp0">xor, 0, 0, 2, 1, 2</column>
<column name="ap_enable_reg_pp0_iter1">xor, 0, 0, 2, 2, 1</column>
<column name="xor_ln216_fu_248_p2">xor, 0, 0, 5, 4, 5</column>
</table>
</item>
<item name = "Multiplexer"><table name="" hasTotal="1">
<keys size="5">Name, LUT, Input Size, Bits, Total Bits</keys>
<column name="ap_NS_fsm">21, 4, 1, 4</column>
<column name="ap_done">9, 2, 1, 2</column>
<column name="ap_enable_reg_pp0_iter1">15, 3, 1, 3</column>
<column name="ap_phi_mux_conv_i9_i_i4_pn_i_phi_fu_148_p4">15, 3, 4, 12</column>
<column name="ap_phi_mux_empty_phi_fu_137_p4">9, 2, 4, 8</column>
<column name="cols_bound_per_npc_blk_n">9, 2, 1, 2</column>
<column name="empty_reg_133">9, 2, 4, 8</column>
<column name="imgOutput_418_blk_n">9, 2, 1, 2</column>
<column name="indvar_flatten_reg_111">9, 2, 64, 128</column>
<column name="j_reg_122">9, 2, 31, 62</column>
<column name="ldata1_blk_n">9, 2, 1, 2</column>
<column name="ldata1_din">15, 3, 8, 24</column>
<column name="p_0_fu_76">15, 3, 8, 24</column>
<column name="rows_blk_n">9, 2, 1, 2</column>
</table>
</item>
<item name = "Register"><table name="" hasTotal="1">
<keys size="5">Name, FF, LUT, Bits, Const Bits</keys>
<column name="add_ln216_reg_409">4, 0, 4, 0</column>
<column name="ap_CS_fsm">3, 0, 3, 0</column>
<column name="ap_done_reg">1, 0, 1, 0</column>
<column name="ap_enable_reg_pp0_iter0">1, 0, 1, 0</column>
<column name="ap_enable_reg_pp0_iter1">1, 0, 1, 0</column>
<column name="cols_bound_per_npc_1_reg_376">32, 0, 32, 0</column>
<column name="empty_reg_133">4, 0, 4, 0</column>
<column name="icmp_ln1241_reg_391">1, 0, 1, 0</column>
<column name="icmp_ln882_reg_405">1, 0, 1, 0</column>
<column name="indvar_flatten_reg_111">64, 0, 64, 0</column>
<column name="j_reg_122">31, 0, 31, 0</column>
<column name="last_blk_width_read_reg_371">4, 0, 4, 0</column>
<column name="mul_ln1231_reg_386">64, 0, 64, 0</column>
<column name="p_0_fu_76">8, 0, 8, 0</column>
<column name="sub_i_reg_381">32, 0, 32, 0</column>
<column name="zext_ln785_1_reg_400">4, 0, 5, 1</column>
</table>
</item>
</section>
</item>
</section>

<section name = "Interface" level="0">
<item name = "Summary"><table name="" hasTotal="0">
<keys size="6">RTL Ports, Dir, Bits, Protocol, Source Object, C Type</keys>
<column name="ap_clk">in, 1, ap_ctrl_hs, MatStream2AxiStream, return value</column>
<column name="ap_rst">in, 1, ap_ctrl_hs, MatStream2AxiStream, return value</column>
<column name="ap_start">in, 1, ap_ctrl_hs, MatStream2AxiStream, return value</column>
<column name="ap_done">out, 1, ap_ctrl_hs, MatStream2AxiStream, return value</column>
<column name="ap_continue">in, 1, ap_ctrl_hs, MatStream2AxiStream, return value</column>
<column name="ap_idle">out, 1, ap_ctrl_hs, MatStream2AxiStream, return value</column>
<column name="ap_ready">out, 1, ap_ctrl_hs, MatStream2AxiStream, return value</column>
<column name="imgOutput_418_dout">in, 8, ap_fifo, imgOutput_418, pointer</column>
<column name="imgOutput_418_empty_n">in, 1, ap_fifo, imgOutput_418, pointer</column>
<column name="imgOutput_418_read">out, 1, ap_fifo, imgOutput_418, pointer</column>
<column name="ldata1_din">out, 8, ap_fifo, ldata1, pointer</column>
<column name="ldata1_full_n">in, 1, ap_fifo, ldata1, pointer</column>
<column name="ldata1_write">out, 1, ap_fifo, ldata1, pointer</column>
<column name="rows_dout">in, 32, ap_fifo, rows, pointer</column>
<column name="rows_empty_n">in, 1, ap_fifo, rows, pointer</column>
<column name="rows_read">out, 1, ap_fifo, rows, pointer</column>
<column name="cols_bound_per_npc_dout">in, 32, ap_fifo, cols_bound_per_npc, pointer</column>
<column name="cols_bound_per_npc_empty_n">in, 1, ap_fifo, cols_bound_per_npc, pointer</column>
<column name="cols_bound_per_npc_read">out, 1, ap_fifo, cols_bound_per_npc, pointer</column>
<column name="last_blk_width">in, 4, ap_none, last_blk_width, pointer</column>
</table>
</item>
</section>
</profile>
