<stg><name>MatStream2AxiStream</name>


<trans_list>

<trans id="74" from="1" to="2">
<condition id="-1">
<or_exp><and_exp></and_exp></or_exp>
</condition>
</trans>

<trans id="83" from="2" to="4">
<condition id="-1">
<or_exp><and_exp><literal name="icmp_ln1241" val="1"/>
</and_exp></or_exp>
</condition>
</trans>

<trans id="84" from="2" to="3">
<condition id="-1">
<or_exp><and_exp><literal name="icmp_ln1241" val="0"/>
</and_exp></or_exp>
</condition>
</trans>

<trans id="82" from="3" to="2">
<condition id="-1">
<or_exp><and_exp></and_exp></or_exp>
</condition>
</trans>
</trans_list>



<state_list>

<state id="1" st_id="1">

<operation id="5" st_id="1" stage="1" lat="1">
<core>NULL</core>
<MemPortIdVec></MemPortIdVec>
<condition id="-1">
<or_exp><and_exp></and_exp></or_exp>
</condition>

<Node id="6" bw="8" op_0_bw="32">
<![CDATA[
entry:0 %p_0 = alloca i32

]]></Node>
<StgValue><ssdm name="p_0"/></StgValue>
</operation>

<operation id="6" st_id="1" stage="1" lat="1">
<core>NULL</core>
<MemPortIdVec></MemPortIdVec>
<condition id="-1">
<or_exp><and_exp></and_exp></or_exp>
</condition>

<Node id="7" bw="4" op_0_bw="4" op_1_bw="4">
<![CDATA[
entry:1 %last_blk_width_read = read i4 @_ssdm_op_Read.ap_auto.volatile.i4P, i4 %last_blk_width

]]></Node>
<StgValue><ssdm name="last_blk_width_read"/></StgValue>
</operation>

<operation id="7" st_id="1" stage="1" lat="1">
<core>NULL</core>
<MemPortIdVec></MemPortIdVec>
<condition id="-1">
<or_exp><and_exp></and_exp></or_exp>
</condition>

<Node id="8" bw="0" op_0_bw="0" op_1_bw="8" op_2_bw="0" op_3_bw="32" op_4_bw="32" op_5_bw="0" op_6_bw="32" op_7_bw="32" op_8_bw="0" op_9_bw="0" op_10_bw="0" op_11_bw="32" op_12_bw="32" op_13_bw="32" op_14_bw="32" op_15_bw="0" op_16_bw="0">
<![CDATA[
entry:2 %specinterface_ln0 = specinterface void @_ssdm_op_SpecInterface, i8 %imgOutput_418, void @empty_0, i32, i32, void @empty_21, i32, i32, void @empty_21, void @empty_21, void @empty_21, i32, i32, i32, i32, void @empty_21, void @empty_21

]]></Node>
<StgValue><ssdm name="specinterface_ln0"/></StgValue>
</operation>

<operation id="8" st_id="1" stage="1" lat="1">
<core>NULL</core>
<MemPortIdVec></MemPortIdVec>
<condition id="-1">
<or_exp><and_exp></and_exp></or_exp>
</condition>

<Node id="9" bw="0" op_0_bw="0" op_1_bw="8" op_2_bw="0" op_3_bw="32" op_4_bw="32" op_5_bw="0" op_6_bw="32" op_7_bw="32" op_8_bw="0" op_9_bw="0" op_10_bw="0" op_11_bw="32" op_12_bw="32" op_13_bw="32" op_14_bw="32" op_15_bw="0" op_16_bw="0">
<![CDATA[
entry:3 %specinterface_ln0 = specinterface void @_ssdm_op_SpecInterface, i8 %ldata1, void @empty_0, i32, i32, void @empty_21, i32, i32, void @empty_21, void @empty_21, void @empty_21, i32, i32, i32, i32, void @empty_21, void @empty_21

]]></Node>
<StgValue><ssdm name="specinterface_ln0"/></StgValue>
</operation>

<operation id="9" st_id="1" stage="1" lat="1">
<core>NULL</core>
<MemPortIdVec></MemPortIdVec>
<condition id="-1">
<or_exp><and_exp></and_exp></or_exp>
</condition>

<Node id="10" bw="0" op_0_bw="0" op_1_bw="32" op_2_bw="0" op_3_bw="32" op_4_bw="32" op_5_bw="0" op_6_bw="32" op_7_bw="32" op_8_bw="0" op_9_bw="0" op_10_bw="0" op_11_bw="32" op_12_bw="32" op_13_bw="32" op_14_bw="32" op_15_bw="0" op_16_bw="0">
<![CDATA[
entry:4 %specinterface_ln0 = specinterface void @_ssdm_op_SpecInterface, i32 %cols_bound_per_npc, void @ap_fifo_str, i32, i32, void @p_str, i32, i32, void @p_str, void @p_str, void @p_str, i32, i32, i32, i32, void @p_str, void @ScalarProp_str

]]></Node>
<StgValue><ssdm name="specinterface_ln0"/></StgValue>
</operation>

<operation id="10" st_id="1" stage="1" lat="1">
<core>NULL</core>
<MemPortIdVec></MemPortIdVec>
<condition id="-1">
<or_exp><and_exp></and_exp></or_exp>
</condition>

<Node id="11" bw="0" op_0_bw="0" op_1_bw="32" op_2_bw="0" op_3_bw="32" op_4_bw="32" op_5_bw="0" op_6_bw="32" op_7_bw="32" op_8_bw="0" op_9_bw="0" op_10_bw="0" op_11_bw="32" op_12_bw="32" op_13_bw="32" op_14_bw="32" op_15_bw="0" op_16_bw="0">
<![CDATA[
entry:5 %specinterface_ln0 = specinterface void @_ssdm_op_SpecInterface, i32 %rows, void @ap_fifo_str, i32, i32, void @p_str, i32, i32, void @p_str, void @p_str, void @p_str, i32, i32, i32, i32, void @p_str, void @ScalarProp_str

]]></Node>
<StgValue><ssdm name="specinterface_ln0"/></StgValue>
</operation>

<operation id="11" st_id="1" stage="1" lat="1">
<core>FIFO_SRL</core>
<MemPortIdVec></MemPortIdVec>
<condition id="-1">
<or_exp><and_exp></and_exp></or_exp>
</condition>

<Node id="12" bw="32" op_0_bw="32" op_1_bw="32">
<![CDATA[
entry:6 %rows_1 = read i32 @_ssdm_op_Read.ap_fifo.i32P, i32 %rows

]]></Node>
<StgValue><ssdm name="rows_1"/></StgValue>
</operation>

<operation id="12" st_id="1" stage="1" lat="1">
<core>FIFO_SRL</core>
<MemPortIdVec></MemPortIdVec>
<condition id="-1">
<or_exp><and_exp></and_exp></or_exp>
</condition>

<Node id="13" bw="32" op_0_bw="32" op_1_bw="32">
<![CDATA[
entry:7 %cols_bound_per_npc_1 = read i32 @_ssdm_op_Read.ap_fifo.i32P, i32 %cols_bound_per_npc

]]></Node>
<StgValue><ssdm name="cols_bound_per_npc_1"/></StgValue>
</operation>

<operation id="13" st_id="1" stage="1" lat="1">
<core>NULL</core>
<MemPortIdVec></MemPortIdVec>
<condition id="-1">
<or_exp><and_exp></and_exp></or_exp>
</condition>

<Node id="14" bw="0" op_0_bw="0" op_1_bw="8" op_2_bw="0" op_3_bw="32" op_4_bw="32" op_5_bw="0" op_6_bw="32" op_7_bw="32" op_8_bw="0" op_9_bw="0" op_10_bw="0" op_11_bw="32" op_12_bw="32" op_13_bw="32" op_14_bw="32" op_15_bw="0" op_16_bw="0">
<![CDATA[
entry:8 %specinterface_ln0 = specinterface void @_ssdm_op_SpecInterface, i8 %imgOutput_418, void @empty_0, i32, i32, void @empty_21, i32, i32, void @empty_21, void @empty_21, void @empty_21, i32, i32, i32, i32, void @empty_21, void @empty_21

]]></Node>
<StgValue><ssdm name="specinterface_ln0"/></StgValue>
</operation>

<operation id="14" st_id="1" stage="1" lat="1">
<core>NULL</core>
<MemPortIdVec></MemPortIdVec>
<condition id="-1">
<or_exp><and_exp></and_exp></or_exp>
</condition>

<Node id="15" bw="0" op_0_bw="0" op_1_bw="8" op_2_bw="0" op_3_bw="32" op_4_bw="32" op_5_bw="0" op_6_bw="32" op_7_bw="32" op_8_bw="0" op_9_bw="0" op_10_bw="0" op_11_bw="32" op_12_bw="32" op_13_bw="32" op_14_bw="32" op_15_bw="0" op_16_bw="0">
<![CDATA[
entry:9 %specinterface_ln0 = specinterface void @_ssdm_op_SpecInterface, i8 %ldata1, void @empty_0, i32, i32, void @empty_21, i32, i32, void @empty_21, void @empty_21, void @empty_21, i32, i32, i32, i32, void @empty_21, void @empty_21

]]></Node>
<StgValue><ssdm name="specinterface_ln0"/></StgValue>
</operation>

<operation id="15" st_id="1" stage="1" lat="1">
<core>Adder</core>
<MemPortIdVec></MemPortIdVec>
<condition id="-1">
<or_exp><and_exp></and_exp></or_exp>
</condition>

<Node id="16" bw="32" op_0_bw="32" op_1_bw="32">
<![CDATA[
entry:10 %sub_i = add i32 %cols_bound_per_npc_1, i32

]]></Node>
<StgValue><ssdm name="sub_i"/></StgValue>
</operation>

<operation id="16" st_id="1" stage="1" lat="1">
<core>NULL</core>
<MemPortIdVec></MemPortIdVec>
<condition id="-1">
<or_exp><and_exp></and_exp></or_exp>
</condition>

<Node id="17" bw="64" op_0_bw="32">
<![CDATA[
entry:11 %zext_ln1231 = zext i32 %rows_1

]]></Node>
<StgValue><ssdm name="zext_ln1231"/></StgValue>
</operation>

<operation id="17" st_id="1" stage="1" lat="1">
<core>NULL</core>
<MemPortIdVec></MemPortIdVec>
<condition id="-1">
<or_exp><and_exp></and_exp></or_exp>
</condition>

<Node id="18" bw="64" op_0_bw="32">
<![CDATA[
entry:12 %zext_ln1231_1 = zext i32 %cols_bound_per_npc_1

]]></Node>
<StgValue><ssdm name="zext_ln1231_1"/></StgValue>
</operation>

<operation id="18" st_id="1" stage="1" lat="1">
<core>Multiplier</core>
<MemPortIdVec></MemPortIdVec>
<condition id="-1">
<or_exp><and_exp></and_exp></or_exp>
</condition>

<Node id="19" bw="64" op_0_bw="64" op_1_bw="64">
<![CDATA[
entry:13 %mul_ln1231 = mul i64 %zext_ln1231_1, i64 %zext_ln1231

]]></Node>
<StgValue><ssdm name="mul_ln1231"/></StgValue>
</operation>

<operation id="19" st_id="1" stage="1" lat="1">
<core>NULL</core>
<MemPortIdVec></MemPortIdVec>
<condition id="-1">
<or_exp><and_exp></and_exp></or_exp>
</condition>

<Node id="20" bw="0" op_0_bw="8" op_1_bw="8">
<![CDATA[
entry:14 %store_ln1241 = store i8, i8 %p_0

]]></Node>
<StgValue><ssdm name="store_ln1241"/></StgValue>
</operation>

<operation id="20" st_id="1" stage="1" lat="1">
<core>NULL</core>
<MemPortIdVec></MemPortIdVec>
<condition id="-1">
<or_exp><and_exp></and_exp></or_exp>
</condition>

<Node id="21" bw="0" op_0_bw="0">
<![CDATA[
entry:15 %br_ln1241 = br void

]]></Node>
<StgValue><ssdm name="br_ln1241"/></StgValue>
</operation>
</state>

<state id="2" st_id="2">

<operation id="21" st_id="2" stage="1" lat="1">
<core>NULL</core>
<MemPortIdVec></MemPortIdVec>
<condition id="-1">
<or_exp><and_exp></and_exp></or_exp>
</condition>

<Node id="23" bw="64" op_0_bw="64" op_1_bw="0" op_2_bw="64" op_3_bw="0">
<![CDATA[
:0 %indvar_flatten = phi i64, void %entry, i64 %add_ln1241, void

]]></Node>
<StgValue><ssdm name="indvar_flatten"/></StgValue>
</operation>

<operation id="22" st_id="2" stage="1" lat="1">
<core>NULL</core>
<MemPortIdVec></MemPortIdVec>
<condition id="-1">
<or_exp><and_exp></and_exp></or_exp>
</condition>

<Node id="24" bw="31" op_0_bw="31" op_1_bw="0" op_2_bw="31" op_3_bw="0">
<![CDATA[
:1 %j = phi i31, void %entry, i31 %j_1, void

]]></Node>
<StgValue><ssdm name="j"/></StgValue>
</operation>

<operation id="23" st_id="2" stage="1" lat="1">
<core>NULL</core>
<MemPortIdVec></MemPortIdVec>
<condition id="-1">
<or_exp><and_exp></and_exp></or_exp>
</condition>

<Node id="25" bw="4" op_0_bw="4" op_1_bw="0" op_2_bw="4" op_3_bw="0">
<![CDATA[
:2 %empty = phi i4, void %entry, i4 %add_ln216, void

]]></Node>
<StgValue><ssdm name="empty"/></StgValue>
</operation>

<operation id="24" st_id="2" stage="1" lat="1">
<core>NULL</core>
<MemPortIdVec></MemPortIdVec>
<condition id="-1">
<or_exp><and_exp></and_exp></or_exp>
</condition>

<Node id="26" bw="32" op_0_bw="31">
<![CDATA[
:3 %zext_ln1246 = zext i31 %j

]]></Node>
<StgValue><ssdm name="zext_ln1246"/></StgValue>
</operation>

<operation id="25" st_id="2" stage="1" lat="1">
<core>Cmp</core>
<MemPortIdVec></MemPortIdVec>
<condition id="-1">
<or_exp><and_exp></and_exp></or_exp>
</condition>

<Node id="27" bw="1" op_0_bw="32" op_1_bw="32">
<![CDATA[
:4 %icmp_ln1246 = icmp_slt  i32 %zext_ln1246, i32 %cols_bound_per_npc_1

]]></Node>
<StgValue><ssdm name="icmp_ln1246"/></StgValue>
</operation>

<operation id="26" st_id="2" stage="1" lat="1">
<core>Cmp</core>
<MemPortIdVec></MemPortIdVec>
<condition id="-1">
<or_exp><and_exp></and_exp></or_exp>
</condition>

<Node id="28" bw="1" op_0_bw="64" op_1_bw="64">
<![CDATA[
:5 %icmp_ln1241 = icmp_eq  i64 %indvar_flatten, i64 %mul_ln1231

]]></Node>
<StgValue><ssdm name="icmp_ln1241"/></StgValue>
</operation>

<operation id="27" st_id="2" stage="1" lat="1">
<core>Adder</core>
<MemPortIdVec></MemPortIdVec>
<condition id="-1">
<or_exp><and_exp></and_exp></or_exp>
</condition>

<Node id="29" bw="64" op_0_bw="64" op_1_bw="64">
<![CDATA[
:6 %add_ln1241 = add i64 %indvar_flatten, i64

]]></Node>
<StgValue><ssdm name="add_ln1241"/></StgValue>
</operation>

<operation id="28" st_id="2" stage="1" lat="1">
<core>NULL</core>
<MemPortIdVec></MemPortIdVec>
<condition id="-1">
<or_exp><and_exp></and_exp></or_exp>
</condition>

<Node id="30" bw="0" op_0_bw="1" op_1_bw="0" op_2_bw="0">
<![CDATA[
:7 %br_ln1241 = br i1 %icmp_ln1241, void %._crit_edge.loopexit.i, void %._crit_edge244.loopexit.i

]]></Node>
<StgValue><ssdm name="br_ln1241"/></StgValue>
</operation>

<operation id="29" st_id="2" stage="1" lat="1">
<core>Sel</core>
<MemPortIdVec></MemPortIdVec>
<condition id="-1">
<or_exp><and_exp><literal name="icmp_ln1241" val="0"/>
</and_exp></or_exp>
</condition>

<Node id="35" bw="31" op_0_bw="1" op_1_bw="31" op_2_bw="31">
<![CDATA[
._crit_edge.loopexit.i:3 %select_ln1238 = select i1 %icmp_ln1246, i31 %j, i31

]]></Node>
<StgValue><ssdm name="select_ln1238"/></StgValue>
</operation>

<operation id="30" st_id="2" stage="1" lat="1">
<core>NULL</core>
<MemPortIdVec></MemPortIdVec>
<condition id="-1">
<or_exp><and_exp><literal name="icmp_ln1241" val="0"/>
</and_exp></or_exp>
</condition>

<Node id="36" bw="32" op_0_bw="31">
<![CDATA[
._crit_edge.loopexit.i:4 %zext_ln1239 = zext i31 %select_ln1238

]]></Node>
<StgValue><ssdm name="zext_ln1239"/></StgValue>
</operation>

<operation id="31" st_id="2" stage="1" lat="1">
<core>Cmp</core>
<MemPortIdVec></MemPortIdVec>
<condition id="-1">
<or_exp><and_exp><literal name="icmp_ln1241" val="0"/>
</and_exp></or_exp>
</condition>

<Node id="39" bw="1" op_0_bw="32" op_1_bw="32">
<![CDATA[
._crit_edge.loopexit.i:7 %bLast = icmp_eq  i32 %zext_ln1239, i32 %sub_i

]]></Node>
<StgValue><ssdm name="bLast"/></StgValue>
</operation>

<operation id="32" st_id="2" stage="1" lat="1">
<core>Sel</core>
<MemPortIdVec></MemPortIdVec>
<condition id="-1">
<or_exp><and_exp><literal name="icmp_ln1241" val="0"/>
</and_exp></or_exp>
</condition>

<Node id="40" bw="4" op_0_bw="1" op_1_bw="4" op_2_bw="4">
<![CDATA[
._crit_edge.loopexit.i:8 %xf_bits_per_clock = select i1 %bLast, i4 %last_blk_width_read, i4

]]></Node>
<StgValue><ssdm name="xf_bits_per_clock"/></StgValue>
</operation>

<operation id="33" st_id="2" stage="1" lat="1">
<core>NULL</core>
<MemPortIdVec></MemPortIdVec>
<condition id="-1">
<or_exp><and_exp><literal name="icmp_ln1241" val="0"/>
</and_exp></or_exp>
</condition>

<Node id="41" bw="5" op_0_bw="4">
<![CDATA[
._crit_edge.loopexit.i:9 %zext_ln1253 = zext i4 %xf_bits_per_clock

]]></Node>
<StgValue><ssdm name="zext_ln1253"/></StgValue>
</operation>

<operation id="34" st_id="2" stage="1" lat="1">
<core>NULL</core>
<MemPortIdVec></MemPortIdVec>
<condition id="-1">
<or_exp><and_exp><literal name="icmp_ln1241" val="0"/>
</and_exp></or_exp>
</condition>

<Node id="43" bw="5" op_0_bw="4">
<![CDATA[
._crit_edge.loopexit.i:11 %zext_ln785_1 = zext i4 %empty

]]></Node>
<StgValue><ssdm name="zext_ln785_1"/></StgValue>
</operation>

<operation id="35" st_id="2" stage="1" lat="1">
<core>Adder</core>
<MemPortIdVec></MemPortIdVec>
<condition id="-1">
<or_exp><and_exp><literal name="icmp_ln1241" val="0"/>
</and_exp></or_exp>
</condition>

<Node id="47" bw="5" op_0_bw="5" op_1_bw="5">
<![CDATA[
._crit_edge.loopexit.i:15 %sub_ln1258 = sub i5, i5 %zext_ln1253

]]></Node>
<StgValue><ssdm name="sub_ln1258"/></StgValue>
</operation>

<operation id="36" st_id="2" stage="1" lat="1">
<core>Cmp</core>
<MemPortIdVec></MemPortIdVec>
<condition id="-1">
<or_exp><and_exp><literal name="icmp_ln1241" val="0"/>
</and_exp></or_exp>
</condition>

<Node id="48" bw="1" op_0_bw="5" op_1_bw="5">
<![CDATA[
._crit_edge.loopexit.i:16 %icmp_ln882 = icmp_slt  i5 %zext_ln785_1, i5 %sub_ln1258

]]></Node>
<StgValue><ssdm name="icmp_ln882"/></StgValue>
</operation>

<operation id="37" st_id="2" stage="1" lat="1">
<core>NULL</core>
<MemPortIdVec></MemPortIdVec>
<condition id="-1">
<or_exp><and_exp><literal name="icmp_ln1241" val="0"/>
</and_exp></or_exp>
</condition>

<Node id="49" bw="0" op_0_bw="1" op_1_bw="0" op_2_bw="0">
<![CDATA[
._crit_edge.loopexit.i:17 %br_ln1258 = br i1 %icmp_ln882, void %_ifconv, void %._crit_edge.loopexit.i._crit_edge

]]></Node>
<StgValue><ssdm name="br_ln1258"/></StgValue>
</operation>

<operation id="38" st_id="2" stage="1" lat="1">
<core>LogicGate</core>
<MemPortIdVec></MemPortIdVec>
<condition id="-1">
<or_exp><and_exp><literal name="icmp_ln1241" val="0"/>
<literal name="icmp_ln882" val="0"/>
</and_exp></or_exp>
</condition>

<Node id="62" bw="4" op_0_bw="4" op_1_bw="4">
<![CDATA[
_ifconv:11 %xor_ln216 = xor i4 %xf_bits_per_clock, i4

]]></Node>
<StgValue><ssdm name="xor_ln216"/></StgValue>
</operation>

<operation id="39" st_id="2" stage="1" lat="1">
<core>NULL</core>
<MemPortIdVec></MemPortIdVec>
<condition id="-1">
<or_exp><and_exp><literal name="icmp_ln1241" val="0"/>
<literal name="icmp_ln882" val="0"/>
</and_exp></or_exp>
</condition>

<Node id="64" bw="0" op_0_bw="0">
<![CDATA[
_ifconv:13 %br_ln0 = br void

]]></Node>
<StgValue><ssdm name="br_ln0"/></StgValue>
</operation>

<operation id="40" st_id="2" stage="1" lat="1">
<core>NULL</core>
<MemPortIdVec></MemPortIdVec>
<condition id="-1">
<or_exp><and_exp><literal name="icmp_ln1241" val="0"/>
<literal name="icmp_ln882" val="1"/>
</and_exp></or_exp>
</condition>

<Node id="67" bw="0" op_0_bw="0">
<![CDATA[
._crit_edge.loopexit.i._crit_edge:1 %br_ln1258 = br void

]]></Node>
<StgValue><ssdm name="br_ln1258"/></StgValue>
</operation>

<operation id="41" st_id="2" stage="1" lat="1">
<core>NULL</core>
<MemPortIdVec></MemPortIdVec>
<condition id="-1">
<or_exp><and_exp><literal name="icmp_ln1241" val="0"/>
</and_exp></or_exp>
</condition>

<Node id="69" bw="4" op_0_bw="4" op_1_bw="0" op_2_bw="4" op_3_bw="0">
<![CDATA[
:0 %conv_i9_i_i4_pn_i = phi i4 %xor_ln216, void %_ifconv, i4 %xf_bits_per_clock, void %._crit_edge.loopexit.i._crit_edge

]]></Node>
<StgValue><ssdm name="conv_i9_i_i4_pn_i"/></StgValue>
</operation>

<operation id="42" st_id="2" stage="1" lat="1">
<core>Adder</core>
<MemPortIdVec></MemPortIdVec>
<condition id="-1">
<or_exp><and_exp><literal name="icmp_ln1241" val="0"/>
</and_exp></or_exp>
</condition>

<Node id="70" bw="4" op_0_bw="4" op_1_bw="4">
<![CDATA[
:1 %add_ln216 = add i4 %conv_i9_i_i4_pn_i, i4 %empty

]]></Node>
<StgValue><ssdm name="add_ln216"/></StgValue>
</operation>

<operation id="43" st_id="2" stage="1" lat="1">
<core>Adder</core>
<MemPortIdVec></MemPortIdVec>
<condition id="-1">
<or_exp><and_exp><literal name="icmp_ln1241" val="0"/>
</and_exp></or_exp>
</condition>

<Node id="71" bw="31" op_0_bw="31" op_1_bw="31">
<![CDATA[
:2 %add_ln1246 = add i31 %j, i31

]]></Node>
<StgValue><ssdm name="add_ln1246"/></StgValue>
</operation>

<operation id="44" st_id="2" stage="1" lat="1">
<core>Sel</core>
<MemPortIdVec></MemPortIdVec>
<condition id="-1">
<or_exp><and_exp><literal name="icmp_ln1241" val="0"/>
</and_exp></or_exp>
</condition>

<Node id="72" bw="31" op_0_bw="1" op_1_bw="31" op_2_bw="31">
<![CDATA[
:3 %j_1 = select i1 %icmp_ln1246, i31 %add_ln1246, i31

]]></Node>
<StgValue><ssdm name="j_1"/></StgValue>
</operation>

<operation id="45" st_id="2" stage="1" lat="1">
<core>NULL</core>
<MemPortIdVec></MemPortIdVec>
<condition id="-1">
<or_exp><and_exp><literal name="icmp_ln1241" val="0"/>
</and_exp></or_exp>
</condition>

<Node id="73" bw="0" op_0_bw="0">
<![CDATA[
:4 %br_ln0 = br void

]]></Node>
<StgValue><ssdm name="br_ln0"/></StgValue>
</operation>
</state>

<state id="3" st_id="3">

<operation id="46" st_id="3" stage="1" lat="1">
<core>NULL</core>
<MemPortIdVec></MemPortIdVec>
<condition id="-1">
<or_exp><and_exp><literal name="icmp_ln1241" val="0"/>
</and_exp></or_exp>
</condition>

<Node id="32" bw="8" op_0_bw="8" op_1_bw="0">
<![CDATA[
._crit_edge.loopexit.i:0 %p_0_load = load i8 %p_0, void %store_ln1241

]]></Node>
<StgValue><ssdm name="p_0_load"/></StgValue>
</operation>

<operation id="47" st_id="3" stage="1" lat="1">
<core>NULL</core>
<MemPortIdVec></MemPortIdVec>
<condition id="-1">
<or_exp><and_exp><literal name="icmp_ln1241" val="0"/>
</and_exp></or_exp>
</condition>

<Node id="33" bw="0" op_0_bw="0" op_1_bw="0">
<![CDATA[
._crit_edge.loopexit.i:1 %specloopname_ln0 = specloopname void @_ssdm_op_SpecLoopName, void @MMIterOutRow_MMIterOutCol_str

]]></Node>
<StgValue><ssdm name="specloopname_ln0"/></StgValue>
</operation>

<operation id="48" st_id="3" stage="1" lat="1">
<core>NULL</core>
<MemPortIdVec></MemPortIdVec>
<condition id="-1">
<or_exp><and_exp><literal name="icmp_ln1241" val="0"/>
</and_exp></or_exp>
</condition>

<Node id="34" bw="0" op_0_bw="0" op_1_bw="64" op_2_bw="64" op_3_bw="64">
<![CDATA[
._crit_edge.loopexit.i:2 %speclooptripcount_ln0 = speclooptripcount void @_ssdm_op_SpecLoopTripCount, i64, i64, i64

]]></Node>
<StgValue><ssdm name="speclooptripcount_ln0"/></StgValue>
</operation>

<operation id="49" st_id="3" stage="1" lat="1">
<core>NULL</core>
<MemPortIdVec></MemPortIdVec>
<condition id="-1">
<or_exp><and_exp><literal name="icmp_ln1241" val="0"/>
</and_exp></or_exp>
</condition>

<Node id="37" bw="0" op_0_bw="0" op_1_bw="32" op_2_bw="32" op_3_bw="32" op_4_bw="32" op_5_bw="0">
<![CDATA[
._crit_edge.loopexit.i:5 %specpipeline_ln1239 = specpipeline void @_ssdm_op_SpecPipeline, i32, i32, i32, i32, void @empty_21

]]></Node>
<StgValue><ssdm name="specpipeline_ln1239"/></StgValue>
</operation>

<operation id="50" st_id="3" stage="1" lat="1">
<core>NULL</core>
<MemPortIdVec></MemPortIdVec>
<condition id="-1">
<or_exp><and_exp><literal name="icmp_ln1241" val="0"/>
</and_exp></or_exp>
</condition>

<Node id="38" bw="0" op_0_bw="0" op_1_bw="0">
<![CDATA[
._crit_edge.loopexit.i:6 %specloopname_ln1239 = specloopname void @_ssdm_op_SpecLoopName, void @empty_11

]]></Node>
<StgValue><ssdm name="specloopname_ln1239"/></StgValue>
</operation>

<operation id="51" st_id="3" stage="1" lat="1">
<core>FIFO_SRL</core>
<MemPortIdVec></MemPortIdVec>
<condition id="-1">
<or_exp><and_exp><literal name="icmp_ln1241" val="0"/>
</and_exp></or_exp>
</condition>

<Node id="42" bw="8" op_0_bw="8" op_1_bw="8">
<![CDATA[
._crit_edge.loopexit.i:10 %imgOutput_418_read = read i8 @_ssdm_op_Read.ap_fifo.volatile.i8P, i8 %imgOutput_418

]]></Node>
<StgValue><ssdm name="imgOutput_418_read"/></StgValue>
</operation>

<operation id="52" st_id="3" stage="1" lat="1">
<core>NULL</core>
<MemPortIdVec></MemPortIdVec>
<condition id="-1">
<or_exp><and_exp><literal name="icmp_ln1241" val="0"/>
</and_exp></or_exp>
</condition>

<Node id="44" bw="8" op_0_bw="4">
<![CDATA[
._crit_edge.loopexit.i:12 %emptycast = zext i4 %empty

]]></Node>
<StgValue><ssdm name="emptycast"/></StgValue>
</operation>

<operation id="53" st_id="3" stage="1" lat="1">
<core>Shift</core>
<MemPortIdVec></MemPortIdVec>
<condition id="-1">
<or_exp><and_exp><literal name="icmp_ln1241" val="0"/>
</and_exp></or_exp>
</condition>

<Node id="45" bw="8" op_0_bw="8" op_1_bw="8">
<![CDATA[
._crit_edge.loopexit.i:13 %shl_ln785 = shl i8 %imgOutput_418_read, i8 %emptycast

]]></Node>
<StgValue><ssdm name="shl_ln785"/></StgValue>
</operation>

<operation id="54" st_id="3" stage="1" lat="1">
<core>LogicGate</core>
<MemPortIdVec></MemPortIdVec>
<condition id="-1">
<or_exp><and_exp><literal name="icmp_ln1241" val="0"/>
</and_exp></or_exp>
</condition>

<Node id="46" bw="8" op_0_bw="8" op_1_bw="8">
<![CDATA[
._crit_edge.loopexit.i:14 %or_ln1353 = or i8 %shl_ln785, i8 %p_0_load

]]></Node>
<StgValue><ssdm name="or_ln1353"/></StgValue>
</operation>

<operation id="55" st_id="3" stage="1" lat="1">
<core>FIFO_SRL</core>
<MemPortIdVec></MemPortIdVec>
<condition id="-1">
<or_exp><and_exp><literal name="icmp_ln1241" val="0"/>
<literal name="icmp_ln882" val="0"/>
</and_exp></or_exp>
</condition>

<Node id="51" bw="0" op_0_bw="0" op_1_bw="8" op_2_bw="8">
<![CDATA[
_ifconv:0 %write_ln167 = write void @_ssdm_op_Write.ap_fifo.volatile.i8P, i8 %ldata1, i8 %or_ln1353

]]></Node>
<StgValue><ssdm name="write_ln167"/></StgValue>
</operation>

<operation id="56" st_id="3" stage="1" lat="1">
<core>Adder</core>
<MemPortIdVec></MemPortIdVec>
<condition id="-1">
<or_exp><and_exp><literal name="icmp_ln1241" val="0"/>
<literal name="icmp_ln882" val="0"/>
</and_exp></or_exp>
</condition>

<Node id="52" bw="5" op_0_bw="5" op_1_bw="5">
<![CDATA[
_ifconv:1 %p_Val2_s = sub i5, i5 %zext_ln785_1

]]></Node>
<StgValue><ssdm name="p_Val2_s"/></StgValue>
</operation>

<operation id="57" st_id="3" stage="1" lat="1">
<core>NULL</core>
<MemPortIdVec></MemPortIdVec>
<condition id="-1">
<or_exp><and_exp><literal name="icmp_ln1241" val="0"/>
<literal name="icmp_ln882" val="0"/>
</and_exp></or_exp>
</condition>

<Node id="53" bw="3" op_0_bw="5">
<![CDATA[
_ifconv:2 %trunc_ln791 = trunc i5 %p_Val2_s

]]></Node>
<StgValue><ssdm name="trunc_ln791"/></StgValue>
</operation>

<operation id="58" st_id="3" stage="1" lat="1">
<core>NULL</core>
<MemPortIdVec></MemPortIdVec>
<condition id="-1">
<or_exp><and_exp><literal name="icmp_ln1241" val="0"/>
<literal name="icmp_ln882" val="0"/>
</and_exp></or_exp>
</condition>

<Node id="54" bw="1" op_0_bw="1" op_1_bw="5" op_2_bw="32">
<![CDATA[
_ifconv:3 %p_Result_s = bitselect i1 @_ssdm_op_BitSelect.i1.i5.i32, i5 %p_Val2_s, i32

]]></Node>
<StgValue><ssdm name="p_Result_s"/></StgValue>
</operation>

<operation id="59" st_id="3" stage="1" lat="1">
<core>NULL</core>
<MemPortIdVec></MemPortIdVec>
<condition id="-1">
<or_exp><and_exp><literal name="icmp_ln1241" val="0"/>
<literal name="icmp_ln882" val="0"/>
</and_exp></or_exp>
</condition>

<Node id="55" bw="32" op_0_bw="5">
<![CDATA[
_ifconv:4 %sext_ln455 = sext i5 %p_Val2_s

]]></Node>
<StgValue><ssdm name="sext_ln455"/></StgValue>
</operation>

<operation id="60" st_id="3" stage="1" lat="1">
<core>Adder</core>
<MemPortIdVec></MemPortIdVec>
<condition id="-1">
<or_exp><and_exp><literal name="icmp_ln1241" val="0"/>
<literal name="icmp_ln882" val="0"/>
</and_exp></or_exp>
</condition>

<Node id="56" bw="3" op_0_bw="3" op_1_bw="3">
<![CDATA[
_ifconv:5 %sub_ln550 = sub i3, i3 %trunc_ln791

]]></Node>
<StgValue><ssdm name="sub_ln550"/></StgValue>
</operation>

<operation id="61" st_id="3" stage="1" lat="1">
<core>NULL</core>
<MemPortIdVec></MemPortIdVec>
<condition id="-1">
<or_exp><and_exp><literal name="icmp_ln1241" val="0"/>
<literal name="icmp_ln882" val="0"/>
</and_exp></or_exp>
</condition>

<Node id="57" bw="8" op_0_bw="3">
<![CDATA[
_ifconv:6 %zext_ln785_3 = zext i3 %sub_ln550

]]></Node>
<StgValue><ssdm name="zext_ln785_3"/></StgValue>
</operation>

<operation id="62" st_id="3" stage="1" lat="1">
<core>Shift</core>
<MemPortIdVec></MemPortIdVec>
<condition id="-1">
<or_exp><and_exp><literal name="icmp_ln1241" val="0"/>
<literal name="icmp_ln882" val="0"/>
</and_exp></or_exp>
</condition>

<Node id="58" bw="8" op_0_bw="8" op_1_bw="8">
<![CDATA[
_ifconv:7 %shl_ln785_1 = shl i8 %imgOutput_418_read, i8 %zext_ln785_3

]]></Node>
<StgValue><ssdm name="shl_ln785_1"/></StgValue>
</operation>

<operation id="63" st_id="3" stage="1" lat="1">
<core>NULL</core>
<MemPortIdVec></MemPortIdVec>
<condition id="-1">
<or_exp><and_exp><literal name="icmp_ln1241" val="0"/>
<literal name="icmp_ln882" val="0"/>
</and_exp></or_exp>
</condition>

<Node id="59" bw="8" op_0_bw="32">
<![CDATA[
_ifconv:8 %sext_ln455cast = trunc i32 %sext_ln455

]]></Node>
<StgValue><ssdm name="sext_ln455cast"/></StgValue>
</operation>

<operation id="64" st_id="3" stage="1" lat="1">
<core>Shift</core>
<MemPortIdVec></MemPortIdVec>
<condition id="-1">
<or_exp><and_exp><literal name="icmp_ln1241" val="0"/>
<literal name="icmp_ln882" val="0"/>
</and_exp></or_exp>
</condition>

<Node id="60" bw="8" op_0_bw="8" op_1_bw="8">
<![CDATA[
_ifconv:9 %lshr_ln803 = lshr i8 %imgOutput_418_read, i8 %sext_ln455cast

]]></Node>
<StgValue><ssdm name="lshr_ln803"/></StgValue>
</operation>

<operation id="65" st_id="3" stage="1" lat="1">
<core>Sel</core>
<MemPortIdVec></MemPortIdVec>
<condition id="-1">
<or_exp><and_exp><literal name="icmp_ln1241" val="0"/>
<literal name="icmp_ln882" val="0"/>
</and_exp></or_exp>
</condition>

<Node id="61" bw="8" op_0_bw="1" op_1_bw="8" op_2_bw="8">
<![CDATA[
_ifconv:10 %select_ln791 = select i1 %p_Result_s, i8 %shl_ln785_1, i8 %lshr_ln803

]]></Node>
<StgValue><ssdm name="select_ln791"/></StgValue>
</operation>

<operation id="66" st_id="3" stage="1" lat="1">
<core>NULL</core>
<MemPortIdVec></MemPortIdVec>
<condition id="-1">
<or_exp><and_exp><literal name="icmp_ln1241" val="0"/>
<literal name="icmp_ln882" val="0"/>
</and_exp></or_exp>
</condition>

<Node id="63" bw="0" op_0_bw="8" op_1_bw="8" op_2_bw="0" op_3_bw="0">
<![CDATA[
_ifconv:12 %store_ln791 = store i8 %select_ln791, i8 %p_0, void %store_ln1241, i8 %p_0_load

]]></Node>
<StgValue><ssdm name="store_ln791"/></StgValue>
</operation>

<operation id="67" st_id="3" stage="1" lat="1">
<core>NULL</core>
<MemPortIdVec></MemPortIdVec>
<condition id="-1">
<or_exp><and_exp><literal name="icmp_ln1241" val="0"/>
<literal name="icmp_ln882" val="1"/>
</and_exp></or_exp>
</condition>

<Node id="66" bw="0" op_0_bw="8" op_1_bw="8" op_2_bw="0" op_3_bw="0">
<![CDATA[
._crit_edge.loopexit.i._crit_edge:0 %store_ln1258 = store i8 %or_ln1353, i8 %p_0, void %store_ln1241, i8 %p_0_load

]]></Node>
<StgValue><ssdm name="store_ln1258"/></StgValue>
</operation>
</state>

<state id="4" st_id="4">

<operation id="68" st_id="4" stage="1" lat="1">
<core>Cmp</core>
<MemPortIdVec></MemPortIdVec>
<condition id="-1">
<or_exp><and_exp></and_exp></or_exp>
</condition>

<Node id="75" bw="1" op_0_bw="4" op_1_bw="4">
<![CDATA[
._crit_edge244.loopexit.i:0 %icmp_ln878 = icmp_eq  i4 %empty, i4

]]></Node>
<StgValue><ssdm name="icmp_ln878"/></StgValue>
</operation>

<operation id="69" st_id="4" stage="1" lat="1">
<core>NULL</core>
<MemPortIdVec></MemPortIdVec>
<condition id="-1">
<or_exp><and_exp></and_exp></or_exp>
</condition>

<Node id="76" bw="0" op_0_bw="1" op_1_bw="0" op_2_bw="0">
<![CDATA[
._crit_edge244.loopexit.i:1 %br_ln1269 = br i1 %icmp_ln878, void, void %.exit

]]></Node>
<StgValue><ssdm name="br_ln1269"/></StgValue>
</operation>

<operation id="70" st_id="4" stage="1" lat="1">
<core>NULL</core>
<MemPortIdVec></MemPortIdVec>
<condition id="-1">
<or_exp><and_exp><literal name="icmp_ln878" val="0"/>
</and_exp></or_exp>
</condition>

<Node id="78" bw="8" op_0_bw="8" op_1_bw="0">
<![CDATA[
:0 %p_0_load_1 = load i8 %p_0, void %store_ln1241

]]></Node>
<StgValue><ssdm name="p_0_load_1"/></StgValue>
</operation>

<operation id="71" st_id="4" stage="1" lat="1">
<core>FIFO_SRL</core>
<MemPortIdVec></MemPortIdVec>
<condition id="-1">
<or_exp><and_exp><literal name="icmp_ln878" val="0"/>
</and_exp></or_exp>
</condition>

<Node id="79" bw="0" op_0_bw="0" op_1_bw="8" op_2_bw="8">
<![CDATA[
:1 %write_ln167 = write void @_ssdm_op_Write.ap_fifo.volatile.i8P, i8 %ldata1, i8 %p_0_load_1

]]></Node>
<StgValue><ssdm name="write_ln167"/></StgValue>
</operation>

<operation id="72" st_id="4" stage="1" lat="1">
<core>NULL</core>
<MemPortIdVec></MemPortIdVec>
<condition id="-1">
<or_exp><and_exp><literal name="icmp_ln878" val="0"/>
</and_exp></or_exp>
</condition>

<Node id="80" bw="0" op_0_bw="0">
<![CDATA[
:2 %br_ln1271 = br void %.exit

]]></Node>
<StgValue><ssdm name="br_ln1271"/></StgValue>
</operation>

<operation id="73" st_id="4" stage="1" lat="1">
<core>NULL</core>
<MemPortIdVec></MemPortIdVec>
<condition id="-1">
<or_exp><and_exp></and_exp></or_exp>
</condition>

<Node id="82" bw="0">
<![CDATA[
.exit:0 %ret_ln1281 = ret

]]></Node>
<StgValue><ssdm name="ret_ln1281"/></StgValue>
</operation>
</state>
</state_list>


<ports>
</ports>


<dataflows>
</dataflows>


</stg>
