<stg><name>MatStream2AxiStream</name>


<trans_list>

<trans id="74" from="1" to="2">
<condition id="-1">
<or_exp><and_exp></and_exp></or_exp>
</condition>
</trans>

<trans id="83" from="2" to="4">
<condition id="-1">
<or_exp><and_exp><literal name="icmp_ln1241" val="1"/>
</and_exp></or_exp>
</condition>
</trans>

<trans id="84" from="2" to="3">
<condition id="-1">
<or_exp><and_exp><literal name="icmp_ln1241" val="0"/>
</and_exp></or_exp>
</condition>
</trans>

<trans id="82" from="3" to="2">
<condition id="-1">
<or_exp><and_exp></and_exp></or_exp>
</condition>
</trans>
</trans_list>



<state_list>

<state id="1" st_id="1">

<operation id="5" st_id="1" stage="1" lat="1">
<core>NULL</core>
<MemPortIdVec></MemPortIdVec>
<condition id="-1">
<or_exp><and_exp></and_exp></or_exp>
</condition>

<Node id="6" bw="8" op_0_bw="32">
<![CDATA[
entry:0 %p_0 = alloca i32

]]></Node>
<StgValue><ssdm name="p_0"/></StgValue>
</operation>

<operation id="6" st_id="1" stage="1" lat="1">
<core>NULL</core>
<MemPortIdVec></MemPortIdVec>
<condition id="-1">
<or_exp><and_exp></and_exp></or_exp>
</condition>

<Node id="7" bw="4" op_0_bw="4" op_1_bw="4">
<![CDATA[
entry:1 %last_blk_width_read = read i4 @_ssdm_op_Read.ap_auto.volatile.i4P, i4 %last_blk_width

]]></Node>
<StgValue><ssdm name="last_blk_width_read"/></StgValue>
</operation>

<operation id="7" st_id="1" stage="1" lat="1">
<core>NULL</core>
<MemPortIdVec></MemPortIdVec>
<condition id="-1">
<or_exp><and_exp></and_exp></or_exp>
</condition>

<Node id="8" bw="0" op_0_bw="0" op_1_bw="8" op_2_bw="0" op_3_bw="32" op_4_bw="32" op_5_bw="0" op_6_bw="32" op_7_bw="32" op_8_bw="0" op_9_bw="0" op_10_bw="0" op_11_bw="32" op_12_bw="32" op_13_bw="32" op_14_bw="32" op_15_bw="0" op_16_bw="0">
<![CDATA[
entry:2 %specinterface_ln0 = specinterface void @_ssdm_op_SpecInterface, i8 %imgOutput_418, void @empty_0, i32, i32, void @empty_21, i32, i32, void @empty_21, void @empty_21, void @empty_21, i32, i32, i32, i32, void @empty_21, void @empty_21

]]></Node>
<StgValue><ssdm name="specinterface_ln0"/></StgValue>
</operation>

<operation id="8" st_id="1" stage="1" lat="1">
<core>NULL</core>
<MemPortIdVec></MemPortIdVec>
<condition id="-1">
<or_exp><and_exp></and_exp></or_exp>
</condition>

<Node id="9" bw="0" op_0_bw="0" op_1_bw="8" op_2_bw="0" op_3_bw="32" op_4_bw="32" op_5_bw="0" op_6_bw="32" op_7_bw="32" op_8_bw="0" op_9_bw="0" op_10_bw="0" op_11_bw="32" op_12_bw="32" op_13_bw="32" op_14_bw="32" op_15_bw="0" op_16_bw="0">
<![CDATA[
entry:3 %specinterface_ln0 = specinterface void @_ssdm_op_SpecInterface, i8 %ldata1, void @empty_0, i32, i32, void @empty_21, i32, i32, void @empty_21, void @empty_21, void @empty_21, i32, i32, i32, i32, void @empty_21, void @empty_21

]]></Node>
<StgValue><ssdm name="specinterface_ln0"/></StgValue>
</operation>

<operation id="9" st_id="1" stage="1" lat="1">
<core>NULL</core>
<MemPortIdVec></MemPortIdVec>
<condition id="-1">
<or_exp><and_exp></and_exp></or_exp>
</condition>

<Node id="10" bw="0" op_0_bw="0" op_1_bw="32" op_2_bw="0" op_3_bw="32" op_4_bw="32" op_5_bw="0" op_6_bw="32" op_7_bw="32" op_8_bw="0" op_9_bw="0" op_10_bw="0" op_11_bw="32" op_12_bw="32" op_13_bw="32" op_14_bw="32" op_15_bw="0" op_16_bw="0">
<![CDATA[
entry:4 %specinterface_ln0 = specinterface void @_ssdm_op_SpecInterface, i32 %cols_bound_per_npc, void @ap_fifo_str, i32, i32, void @p_str, i32, i32, void @p_str, void @p_str, void @p_str, i32, i32, i32, i32, void @p_str, void @ScalarProp_str

]]></Node>
<StgValue><ssdm name="specinterface_ln0"/></StgValue>
</operation>

<operation id="10" st_id="1" stage="1" lat="1">
<core>NULL</core>
<MemPortIdVec></MemPortIdVec>
<condition id="-1">
<or_exp><and_exp></and_exp></or_exp>
</condition>

<Node id="11" bw="0" op_0_bw="0" op_1_bw="32" op_2_bw="0" op_3_bw="32" op_4_bw="32" op_5_bw="0" op_6_bw="32" op_7_bw="32" op_8_bw="0" op_9_bw="0" op_10_bw="0" op_11_bw="32" op_12_bw="32" op_13_bw="32" op_14_bw="32" op_15_bw="0" op_16_bw="0">
<![CDATA[
entry:5 %specinterface_ln0 = specinterface void @_ssdm_op_SpecInterface, i32 %rows, void @ap_fifo_str, i32, i32, void @p_str, i32, i32, void @p_str, void @p_str, void @p_str, i32, i32, i32, i32, void @p_str, void @ScalarProp_str

]]></Node>
<StgValue><ssdm name="specinterface_ln0"/></StgValue>
</operation>

<operation id="11" st_id="1" stage="1" lat="1">
<core>FIFO_SRL</core>
<MemPortIdVec></MemPortIdVec>
<condition id="-1">
<or_exp><and_exp></and_exp></or_exp>
</condition>

<Node id="12" bw="32" op_0_bw="32" op_1_bw="32">
<![CDATA[
entry:6 %rows_1 = read i32 @_ssdm_op_Read.ap_fifo.i32P, i32 %rows

]]></Node>
<StgValue><ssdm name="rows_1"/></StgValue>
</operation>

<operation id="12" st_id="1" stage="1" lat="1">
<core>FIFO_SRL</core>
<MemPortIdVec></MemPortIdVec>
<condition id="-1">
<or_exp><and_exp></and_exp></or_exp>
</condition>

<Node id="13" bw="32" op_0_bw="32" op_1_bw="32">
<![CDATA[
entry:7 %cols_bound_per_npc_1 = read i32 @_ssdm_op_Read.ap_fifo.i32P, i32 %cols_bound_per_npc

]]></Node>
<StgValue><ssdm name="cols_bound_per_npc_1"/></StgValue>
</operation>

<operation id="13" st_id="1" stage="1" lat="1">
<core>NULL</core>
<MemPortIdVec></MemPortIdVec>
<condition id="-1">
<or_exp><and_exp></and_exp></or_exp>
</condition>

<Node id="14" bw="0" op_0_bw="0" op_1_bw="8" op_2_bw="0" op_3_bw="32" op_4_bw="32" op_5_bw="0" op_6_bw="32" op_7_bw="32" op_8_bw="0" op_9_bw="0" op_10_bw="0" op_11_bw="32" op_12_bw="32" op_13_bw="32" op_14_bw="32" op_15_bw="0" op_16_bw="0">
<![CDATA[
entry:8 %specinterface_ln0 = specinterface void @_ssdm_op_SpecInterface, i8 %imgOutput_418, void @empty_0, i32, i32, void @empty_21, i32, i32, void @empty_21, void @empty_21, void @empty_21, i32, i32, i32, i32, void @empty_21, void @empty_21

]]></Node>
<StgValue><ssdm name="specinterface_ln0"/></StgValue>
</operation>

<operation id="14" st_id="1" stage="1" lat="1">
<core>NULL</core>
<MemPortIdVec></MemPortIdVec>
<condition id="-1">
<or_exp><and_exp></and_exp></or_exp>
</condition>

<Node id="15" bw="0" op_0_bw="0" op_1_bw="8" op_2_bw="0" op_3_bw="32" op_4_bw="32" op_5_bw="0" op_6_bw="32" op_7_bw="32" op_8_bw="0" op_9_bw="0" op_10_bw="0" op_11_bw="32" op_12_bw="32" op_13_bw="32" op_14_bw="32" op_15_bw="0" op_16_bw="0">
<![CDATA[
entry:9 %specinterface_ln0 = specinterface void @_ssdm_op_SpecInterface, i8 %ldata1, void @empty_0, i32, i32, void @empty_21, i32, i32, void @empty_21, void @empty_21, void @empty_21, i32, i32, i32, i32, void @empty_21, void @empty_21

]]></Node>
<StgValue><ssdm name="specinterface_ln0"/></StgValue>
</operation>

<operation id="15" st_id="1" stage="1" lat="1">
<core>Adder</core>
<MemPortIdVec></MemPortIdVec>
<condition id="-1">
<or_exp><and_exp></and_exp></or_exp>
</condition>

<Node id="16" bw="32" op_0_bw="32" op_1_bw="32">
<![CDATA[
entry:10 %sub_i = add i32 %cols_bound_per_npc_1, i32

]]></Node>
<StgValue><ssdm name="sub_i"/></StgValue>
</operation>

<operation id="16" st_id="1" stage="1" lat="1">
<core>NULL</core>
<MemPortIdVec></MemPortIdVec>
<condition id="-1">
<or_exp><and_exp></and_exp></or_exp>
</condition>

<Node id="17" bw="64" op_0_bw="32">
<![CDATA[
entry:11 %zext_ln1231 = zext i32 %rows_1

]]></Node>
<StgValue><ssdm name="zext_ln1231"/></StgValue>
</operation>

<operation id="17" st_id="1" stage="1" lat="1">
<core>NULL</core>
<MemPortIdVec></MemPortIdVec>
<condition id="-1">
<or_exp><and_exp></and_exp></or_exp>
</condition>

<Node id="18" bw="64" op_0_bw="32">
<![CDATA[
entry:12 %zext_ln1231_1 = zext i32 %cols_bound_per_npc_1

]]></Node>
<StgValue><ssdm name="zext_ln1231_1"/></StgValue>
</operation>

<operation id="18" st_id="1" stage="1" lat="1">
<core>Multiplier</core>
<MemPortIdVec></MemPortIdVec>
<condition id="-1">
<or_exp><and_exp></and_exp></or_exp>
</condition>

<Node id="19" bw="64" op_0_bw="64" op_1_bw="64">
<![CDATA[
entry:13 %mul_ln1231 = mul i64 %zext_ln1231_1, i64 %zext_ln1231

]]></Node>
<StgValue><ssdm name="mul_ln1231"/></StgValue>
</operation>

<operation id="19" st_id="1" stage="1" lat="1">
<core>NULL</core>
<MemPortIdVec></MemPortIdVec>
<condition id="-1">
<or_exp><and_exp></and_exp></or_exp>
</condition>

<Node id="20" bw="0" op_0_bw="8" op_1_bw="8">
<![CDATA[
entry:14 %store_ln1241 = store i8, i8 %p_0

]]></Node>
<StgValue><ssdm name="store_ln1241"/></StgValue>
</operation>

<operation id="20" st_id="1" stage="1" lat="1">
<core>NULL</core>
<MemPortIdVec></MemPortIdVec>
<condition id="-1">
<or_exp><and_exp></and_exp></or_exp>
</condition>

<Node id="21" bw="0" op_0_bw="0">
<![CDATA[
entry:15 %br_ln1241 = br void

]]></Node>
<StgValue><ssdm name="br_ln1241"/></StgValue>
</operation>
</state>

<state id="2" st_id="2">

<operation id="21" st_id="2" stage="1" lat="1">
<core>NULL</core>
<MemPortIdVec></MemPortIdVec>
<condition id="-1">
<or_exp><and_exp></and_exp></or_exp>
</condition>

<Node id="23" bw="64" op_0_bw="64" op_1_bw="0" op_2_bw="64" op_3_bw="0">
<![CDATA[
:0 %indvar_flatten = phi i64, void %entry, i64 %add_ln1241, void

]]></Node>
<StgValue><ssdm name="indvar_flatten"/></StgValue>
</operation>

<operation id="22" st_id="2" stage="1" lat="1">
<core>NULL</core>
<MemPortIdVec></MemPortIdVec>
<condition id="-1">
<or_exp><and_exp></and_exp></or_exp>
</condition>

<Node id="24" bw="31" op_0_bw="31" op_1_bw="0" op_2_bw="31" op_3_bw="0">
<![CDATA[
:1 %j = phi i31, void %entry, i31 %j_1, void

]]></Node>
<StgValue><ssdm name="j"/></StgValue>
</operation>

<operation id="23" st_id="2" stage="1" lat="1">
<core>NULL</core>
<MemPortIdVec></MemPortIdVec>
<condition id="-1">
<or_exp><and_exp></and_exp></or_exp>
</condition>

<Node id="25" bw="4" op_0_bw="4" op_1_bw="0" op_2_bw="4" op_3_bw="0">
<![CDATA[
:2 %empty = phi i4, void %entry, i4 %add_ln216, void

]]></Node>
<StgValue><ssdm name="empty"/></StgValue>
</operation>

<operation id="24" st_id="2" stage="1" lat="1">
<core>NULL</core>
<MemPortIdVec></MemPortIdVec>
<condition id="-1">
<or_exp><and_exp></and_exp></or_exp>
</condition>

<Node id="26" bw="32" op_0_bw="31">
<![CDATA[
:3 %zext_ln1246 = zext i31 %j

]]></Node>
<StgValue><ssdm name="zext_ln1246"/></StgValue>
</operation>

<operation id="25" st_id="2" stage="1" lat="1">
<core>Cmp</core>
<MemPortIdVec></MemPortIdVec>
<condition id="-1">
<or_exp><and_exp></and_exp></or_exp>
</condition>

<Node id="27" bw="1" op_0_bw="32" op_1_bw="32">
<![CDATA[
:4 %icmp_ln1246 = icmp_slt  i32 %zext_ln1246, i32 %cols_bound_per_npc_1

]]></Node>
<StgValue><ssdm name="icmp_ln1246"/></StgValue>
</operation>

<operation id="26" st_id="2" stage="1" lat="1">
<core>Cmp</core>
<MemPortIdVec></MemPortIdVec>
<condition id="-1">
<or_exp><and_exp></and_exp></or_exp>
</condition>

<Node id="28" bw="1" op_0_bw="64" op_1_bw="64">
<![CDATA[
:5 %icmp_ln1241 = icmp_eq  i64 %indvar_flatten, i64 %mul_ln1231

]]></Node>
<StgValue><ssdm name="icmp_ln1241"/></StgValue>
</operation>

<operation id="27" st_id="2" stage="1" lat="1">
<core>Adder</core>
<MemPortIdVec></MemPortIdVec>
<condition id="-1">
<or_exp><and_exp></and_exp></or_exp>
</condition>

<Node id="29" bw="64" op_0_bw="64" op_1_bw="64">
<![CDATA[
:6 %add_ln1241 = add i64 %indvar_flatten, i64

]]></Node>
<StgValue><ssdm name="add_ln1241"/></StgValue>
</operation>

<operation id="28" st_id="2" stage="1" lat="1">
<core>NULL</core>
<MemPortIdVec></MemPortIdVec>
<condition id="-1">
<or_exp><and_exp></and_exp></or_exp>
</condition>

<Node id="30" bw="0" op_0_bw="1" op_1_bw="0" op_2_bw="0">
<![CDATA[
:7 %br_ln1241 = br i1 %icmp_ln1241, void %._crit_edge.loopexit.i, void %._crit_edge244.loopexit.i

]]></Node>
<StgValue><ssdm name="br_ln1241"/></StgValue>
</operation>

<operation id="29" st_id="2" stage="1" lat="1">
<core>Sel</core>
<MemPortIdVec></MemPortIdVec>
<condition id="-1">
<or_exp><and_exp><literal name="icmp_ln1241" val="0"/>
</and_exp></or_exp>
</condition>

<Node id="35" bw="31" op_0_bw="1" op_1_bw="31" op_2_bw="31">
<![CDATA[
._crit_edge.loopexit.i:3 %select_ln1238 = select i1 %icmp_ln1246, i31 %j, i31

]]></Node>
<StgValue><ssdm name="select_ln1238"/></StgValue>
</operation>

<operation id="30" st_id="2" stage="1" lat="1">
<core>NULL</core>
<MemPortIdVec></MemPortIdVec>
<condition id="-1">
<or_exp><and_exp><literal name="icmp_ln1241" val="0"/>
</and_exp></or_exp>
</condition>

<Node id="36" bw="32" op_0_bw="31">
<![CDATA[
._crit_edge.loopexit.i:4 %zext_ln1239 = zext i31 %select_ln1238

]]></Node>
<StgValue><ssdm name="zext_ln1239"/></StgValue>
</operation>

<operation id="31" st_id="2" stage="1" lat="1">
<core>Cmp</core>
<MemPortIdVec></MemPortIdVec>
<condition id="-1">
<or_exp><and_exp><literal name="icmp_ln1241" val="0"/>
</and_exp></or_exp>
</condition>

<Node id="39" bw="1" op_0_bw="32" op_1_bw="32">
<![CDATA[
._crit_edge.loopexit.i:7 %bLast = icmp_eq  i32 %zext_ln1239, i32 %sub_i

]]></Node>
<StgValue><ssdm name="bLast"/></StgValue>
</operation>

<operation id="32" st_id="2" stage="1" lat="1">
<core>Sel</core>
<MemPortIdVec></MemPortIdVec>
<condition id="-1">
<or_exp><and_exp><literal name="icmp_ln1241" val="0"/>
</and_exp></or_exp>
</condition>

<Node id="40" bw="4" op_0_bw="1" op_1_bw="4" op_2_bw="4">
<![CDATA[
._crit_edge.loopexit.i:8 %xf_bits_per_clock = select i1 %bLast, i4 %last_blk_width_read, i4

]]></Node>
<StgValue><ssdm name="xf_bits_per_clock"/></StgValue>
</operation>

<operation id="33" st_id="2" stage="1" lat="1">
<core>NULL</core>
<MemPortIdVec></MemPortIdVec>
<condition id="-1">
<or_exp><and_exp><literal name="icmp_ln1241" val="0"/>
</and_exp></or_exp>
</condition>

<Node id="41" bw="5" op_0_bw="4">
<![CDATA[
._crit_edge.loopexit.i:9 %zext_ln1253 = zext i4 %xf_bits_per_clock

]]></Node>
<StgValue><ssdm name="zext_ln1253"/></StgValue>
</operation>

<operation id="34" st_id="2" stage="1" lat="1">
<core>NULL</core>
<MemPortIdVec></MemPortIdVec>
<condition id="-1">
<or_exp><and_exp><literal name="icmp_ln1241" val="0"/>
</and_exp></or_exp>
</condition>

<Node id="43" bw="5" op_0_bw="4">
<![CDATA[
._crit_edge.loopexit.i:11 %zext_ln785_1 = zext i4 %empty

]]></Node>
<StgValue><ssdm name="zext_ln785_1"/></StgValue>
</operation>

<operation id="35" st_id="2" stage="1" lat="1">
<core>Adder</core>
<MemPortIdVec></MemPortIdVec>
<condition id="-1">
<or_exp><and_exp><literal name="icmp_ln1241" val="0"/>
</and_exp></or_exp>
</condition>

<Node id="47" bw="5" op_0_bw="5" op_1_bw="5">
<![CDATA[
._crit_edge.loopexit.i:15 %sub_ln1258 = sub i5, i5 %zext_ln1253

]]></Node>
<StgValue><ssdm name="sub_ln1258"/></StgValue>
</operation>

<operation id="36" st_id="2" stage="1" lat="1">
<core>Cmp</core>
<MemPortIdVec></MemPortIdVec>
<condition id="-1">
<or_exp><and_exp><literal name="icmp_ln1241" val="0"/>
</and_exp></or_exp>
</condition>

<Node id="48" bw="1" op_0_bw="5" op_1_bw="5">
<![CDATA[
._crit_edge.loopexit.i:16 %icmp_ln882 = icmp_slt  i5 %zext_ln785_1, i5 %sub_ln1258

]]></Node>
<StgValue><ssdm name="icmp_ln882"/></StgValue>
</operation>

<operation id="37" st_id="2" stage="1" lat="1">
<core>NULL</core>
<MemPortIdVec></MemPortIdVec>
<condition id="-1">
<or_exp><and_exp><literal name="icmp_ln1241" val="0"/>
</and_exp></or_exp>
</condition>

<Node id="49" bw="0" op_0_bw="1" op_1_bw="0" op_2_bw="0">
<![CDATA[
._crit_edge.loopexit.i:17 %br_ln1258 = br i1 %icmp_ln882, void %_ifconv, void %._crit_edge.loopexit.i._crit_edge

]]></Node>
<StgValue><ssdm name="br_ln1258"/></StgValue>
</operation>

<operation id="38" st_id="2" stage="1" lat="1">
<core>LogicGate</core>
<MemPortIdVec></MemPortIdVec>
<condition id="-1">
<or_exp><and_exp><literal name="icmp_ln1241" val="0"/>
<literal name="icmp_ln882" val="0"/>
</and_exp></or_exp>
</condition>

<Node id="62" bw="4" op_0_bw="4" op_1_bw="4">
<![CDATA[
_ifconv:11 %xor_ln216 = xor i4 %xf_bits_per_clock, i4

]]></Node>
<StgValue><ssdm name="xor_ln216"/></StgValue>
</operation>

<operation id="39" st_id="2" stage="1" lat="1">
<core>NULL</core>
<MemPortIdVec></MemPortIdVec>
<condition id="-1">
<or_exp><and_exp><literal name="icmp_ln1241" val="0"/>
<literal name="icmp_ln882" val="0"/>
</and_exp></or_exp>
</condition>

<Node id="64" bw="0" op_0_bw="0">
<![CDATA[
_ifconv:13 %br_ln0 = br void

]]></Node>
<StgValue><ssdm name="br_ln0"/></StgValue>
</operation>

<operation id="40" st_id="2" stage="1" lat="1">
<core>NULL</core>
<MemPortIdVec></MemPortIdVec>
<condition id="-1">
<or_exp><and_exp><literal name="icmp_ln1241" val="0"/>
<literal name="icmp_ln882" val="1"/>
</and_exp></or_exp>
</condition>

<Node id="67" bw="0" op_0_bw="0">
<![CDATA[
._crit_edge.loopexit.i._crit_edge:1 %br_ln1258 = br void

]]></Node>
<StgValue><ssdm name="br_ln1258"/></StgValue>
</operation>

<operation id="41" st_id="2" stage="1" lat="1">
<core>NULL</core>
<MemPortIdVec></MemPortIdVec>
<condition id="-1">
<or_exp><and_exp><literal name="icmp_ln1241" val="0"/>
</and_exp></or_exp>
</condition>

<Node id="69" bw="4" op_0_bw="4" op_1_bw="0" op_2_bw="4" op_3_bw="0">
<![CDATA[
:0 %conv_i9_i_i4_pn_i = phi i4 %xor_ln216, void %_ifconv, i4 %xf_bits_per_clock, void %._crit_edge.loopexit.i._crit_edge

]]></Node>
<StgValue><ssdm name="conv_i9_i_i4_pn_i"/></StgValue>
</operation>

<operation id="42" st_id="2" stage="1" lat="1">
<core>Adder</core>
<MemPortIdVec></MemPortIdVec>
<condition id="-1">
<or_exp><and_exp><literal name="icmp_ln1241" val="0"/>
</and_exp></or_exp>
</condition>

<Node id="70" bw="4" op_0_bw="4" op_1_bw="4">
<![CDATA[
:1 %add_ln216 = add i4 %conv_i9_i_i4_pn_i, i4 %empty

]]></Node>
<StgValue><ssdm name="add_ln216"/></StgValue>
</operation>

<operation id="43" st_id="2" stage="1" lat="1">
<core>Adder</core>
<MemPortIdVec></MemPortIdVec>
<condition id="-1">
<or_exp><and_exp><literal name="icmp_ln1241" val="0"/>
</and_exp></or_exp>
</condition>

<Node id="71" bw="31" op_0_bw="31" op_1_bw="31">
<![CDATA[
:2 %add_ln1246 = add i31 %j, i31

]]></Node>
<StgValue><ssdm name="add_ln1246"/></StgValue>
</operation>

<operation id="44" st_id="2" stage="1" lat="1">
<core>Sel</core>
<MemPortIdVec></MemPortIdVec>
<condition id="-1">
<or_exp><and_exp><literal name="icmp_ln1241" val="0"/>
</and_exp></or_exp>
</condition>

<Node id="72" bw="31" op_0_bw="1" op_1_bw="31" op_2_bw="31">
<![CDATA[
:3 %j_1 = select i1 %icmp_ln1246, i31 %add_ln1246, i31

]]></Node>
<StgValue><ssdm name="j_1"/></StgValue>
</operation>

<operation id="45" st_id="2" stage="1" lat="1">
<core>NULL</core>
<MemPortIdVec></MemPortIdVec>
<condition id="-1">
<or_exp><and_exp><literal name="icmp_ln1241" val="0"/>
</and_exp></or_exp>
</condition>

<Node id="73" bw="0" op_0_bw="0">
<![CDATA[
:4 %br_ln0 = br void

]]></Node>
<StgValue><ssdm name="br_ln0"/></StgValue>
</operation>
</state>

<state id="3" st_id="3">

<operation id="46" st_id="3" stage="1" lat="1">
<core>NULL</core>
<MemPortIdVec></MemPortIdVec>
<condition id="-1">
<or_exp><and_exp><literal name="icmp_ln1241" val="0"/>
</and_exp></or_exp>
</condition>

<Node id="32" bw="8" op_0_bw="8" op_1_bw="0">
<![CDATA[
._crit_edge.loopexit.i:0 %p_0_load = load i8 %p_0, void %store_ln1241

]]></Node>
<StgValue><ssdm name="p_0_load"/></StgValue>
</operation>

<operation id="47" st_id="3" stage="1" lat="1">
<core>NULL</core>
<MemPortIdVec></MemPortIdVec>
<condition id="-1">
<or_exp><and_exp><literal name="icmp_ln1241" val="0"/>
</and_exp></or_exp>
</condition>

<Node id="33" bw="0" op_0_bw="0" op_1_bw="0">
<![CDATA[
._crit_edge.loopexit.i:1 %specloopname_ln0 = specloopname void @_ssdm_op_SpecLoopName, void @MMIterOutRow_MMIterOutCol_str

]]></Node>
<StgValue><ssdm name="specloopname_ln0"/></StgValue>
</operation>

<operation id="48" st_id="3" stage="1" lat="1">
<core>NULL</core>
<MemPortIdVec></MemPortIdVec>
<condition id="-1">
<or_exp><and_exp><literal name="icmp_ln1241" val="0"/>
</and_exp></or_exp>
</condition>

<Node id="34" bw="0" op_0_bw="0" op_1_bw="64" op_2_bw="64" op_3_bw="64">
<![CDATA[
._crit_edge.loopexit.i:2 %speclooptripcount_ln0 = speclooptripcount void @_ssdm_op_SpecLoopTripCount, i64, i64, i64

]]></Node>
<StgValue><ssdm name="speclooptripcount_ln0"/></StgValue>
</operation>

<operation id="49" st_id="3" stage="1" lat="1">
<core>NULL</core>
<MemPortIdVec></MemPortIdVec>
<condition id="-1">
<or_exp><and_exp><literal name="icmp_ln1241" val="0"/>
</and_exp></or_exp>
</condition>

<Node id="37" bw="0" op_0_bw="0" op_1_bw="32" op_2_bw="32" op_3_bw="32" op_4_bw="32" op_5_bw="0">
<![CDATA[
._crit_edge.loopexit.i:5 %specpipeline_ln1239 = specpipeline void @_ssdm_op_SpecPipeline, i32, i32, i32, i32, void @empty_21

]]></Node>
<StgValue><ssdm name="specpipeline_ln1239"/></StgValue>
</operation>

<operation id="50" st_id="3" stage="1" lat="1">
<core>NULL</core>
<MemPortIdVec></MemPortIdVec>
<condition id="-1">
<or_exp><and_exp><literal name="icmp_ln1241" val="0"/>
</and_exp></or_exp>
</condition>

<Node id="38" bw="0" op_0_bw="0" op_1_bw="0">
<![CDATA[
._crit_edge.loopexit.i:6 %specloopname_ln1239 = specloopname void @_ssdm_op_SpecLoopName, void @empty_11

]]></Node>
<StgValue><ssdm name="specloopname_ln1239"/></StgValue>
</operation>

<operation id="51" st_id="3" stage="1" lat="1">
<core>FIFO_SRL</core>
<MemPortIdVec></MemPortIdVec>
<condition id="-1">
<or_exp><and_exp><literal name="icmp_ln1241" val="0"/>
</and_exp></or_exp>
</condition>

<Node id="42" bw="8" op_0_bw="8" op_1_bw="8">
<![CDATA[
._crit_edge.loopexit.i:10 %imgOutput_418_read = read i8 @_ssdm_op_Read.ap_fifo.volatile.i8P, i8 %imgOutput_418

]]></Node>
<StgValue><ssdm name="imgOutput_418_read"/></StgValue>
</operation>

<operation id="52" st_id="3" stage="1" lat="1">
<core>NULL</core>
<MemPortIdVec></MemPortIdVec>
<condition id="-1">
<or_exp><and_exp><literal name="icmp_ln1241" val="0"/>
</and_exp></or_exp>
</condition>

<Node id="44" bw="8" op_0_bw="4">
<![CDATA[
._crit_edge.loopexit.i:12 %emptycast = zext i4 %empty

]]></Node>
<StgValue><ssdm name="emptycast"/></StgValue>
</operation>

<operation id="53" st_id="3" stage="1" lat="1">
<core>Shift</core>
<MemPortIdVec></MemPortIdVec>
<condition id="-1">
<or_exp><and_exp><literal name="icmp_ln1241" val="0"/>
</and_exp></or_exp>
</condition>

<Node id="45" bw="8" op_0_bw="8" op_1_bw="8">
<![CDATA[
._crit_edge.loopexit.i:13 %shl_ln785 = shl i8 %imgOutput_418_read, i8 %emptycast

]]></Node>
<StgValue><ssdm name="shl_ln785"/></StgValue>
</operation>

<operation id="54" st_id="3" stage="1" lat="1">
<core>LogicGate</core>
<MemPortIdVec></MemPortIdVec>
<condition id="-1">
<or_exp><and_exp><literal name="icmp_ln1241" val="0"/>
</and_exp></or_exp>
</condition>

<Node id="46" bw="8" op_0_bw="8" op_1_bw="8">
<![CDATA[
._crit_edge.loopexit.i:14 %or_ln1353 = or i8 %shl_ln785, i8 %p_0_load

]]></Node>
<StgValue><ssdm name="or_ln1353"/></StgValue>
</operation>

<operation id="55" st_id="3" stage="1" lat="1">
<core>FIFO_SRL</core>
<MemPortIdVec></MemPortIdVec>
<condition id="-1">
<or_exp><and_exp><literal name="icmp_ln1241" val="0"/>
<literal name="icmp_ln882" val="0"/>
</and_exp></or_exp>
</condition>

<Node id="51" bw="0" op_0_bw="0" op_1_bw="8" op_2_bw="8">
<![CDATA[
_ifconv:0 %write_ln167 = write void @_ssdm_op_Write.ap_fifo.volatile.i8P, i8 %ldata1, i8 %or_ln1353

]]></Node>
<StgValue><ssdm name="write_ln167"/></StgValue>
</operation>

<operation id="56" st_id="3" stage="1" lat="1">
<core>Adder</core>
<MemPortIdVec></MemPortIdVec>
<condition id="-1">
<or_exp><and_exp><literal name="icmp_ln1241" val="0"/>
<literal name="icmp_ln882" val="0"/>
</and_exp></or_exp>
</condition>

<Node id="52" bw="5" op_0_bw="5" op_1_bw="5">
<![CDATA[
_ifconv:1 %p_Val2_s = sub i5, i5 %zext_ln785_1

]]></Node>
<StgValue><ssdm name="p_Val2_s"/></StgValue>
</operation>

<operation id="57" st_id="3" stage="1" lat="1">
<core>NULL</core>
<MemPortIdVec></MemPortIdVec>
<condition id="-1">
<or_exp><and_exp><literal name="icmp_ln1241" val="0"/>
<literal name="icmp_ln882" val="0"/>
</and_exp></or_exp>
</condition>

<Node id="53" bw="3" op_0_bw="5">
<![CDATA[
_ifconv:2 %trunc_ln791 = trunc i5 %p_Val2_s

]]></Node>
<StgValue><ssdm name="trunc_ln791"/></StgValue>
</operation>

<operation id="58" st_id="3" stage="1" lat="1">
<core>NULL</core>
<MemPortIdVec></MemPortIdVec>
<condition id="-1">
<or_exp><and_exp><literal name="icmp_ln1241" val="0"/>
<literal name="icmp_ln882" val="0"/>
</and_exp></or_exp>
</condition>

<Node id="54" bw="1" op_0_bw="1" op_1_bw="5" op_2_bw="32">
<![CDATA[
_ifconv:3 %p_Result_s = bitselect i1 @_ssdm_op_BitSelect.i1.i5.i32, i5 %p_Val2_s, i32

]]></Node>
<StgValue><ssdm name="p_Result_s"/></StgValue>
</operation>

<operation id="59" st_id="3" stage="1" lat="1">
<core>NULL</core>
<MemPortIdVec></MemPortIdVec>
<condition id="-1">
<or_exp><and_exp><literal name="icmp_ln1241" val="0"/>
<literal name="icmp_ln882" val="0"/>
</and_exp></or_exp>
</condition>

<Node id="55" bw="32" op_0_bw="5">
<![CDATA[
_ifconv:4 %sext_ln455 = sext i5 %p_Val2_s

]]></Node>
<StgValue><ssdm name="sext_ln455"/></StgValue>
</operation>

<operation id="60" st_id="3" stage="1" lat="1">
<core>Adder</core>
<MemPortIdVec></MemPortIdVec>
<condition id="-1">
<or_exp><and_exp><literal name="icmp_ln1241" val="0"/>
<literal name="icmp_ln882" val="0"/>
</and_exp></or_exp>
</condition>

<Node id="56" bw="3" op_0_bw="3" op_1_bw="3">
<![CDATA[
_ifconv:5 %sub_ln550 = sub i3, i3 %trunc_ln791

]]></Node>
<StgValue><ssdm name="sub_ln550"/></StgValue>
</operation>

<operation id="61" st_id="3" stage="1" lat="1">
<core>NULL</core>
<MemPortIdVec></MemPortIdVec>
<condition id="-1">
<or_exp><and_exp><literal name="icmp_ln1241" val="0"/>
<literal name="icmp_ln882" val="0"/>
</and_exp></or_exp>
</condition>

<Node id="57" bw="8" op_0_bw="3">
<![CDATA[
_ifconv:6 %zext_ln785_3 = zext i3 %sub_ln550

]]></Node>
<StgValue><ssdm name="zext_ln785_3"/></StgValue>
</operation>

<operation id="62" st_id="3" stage="1" lat="1">
<core>Shift</core>
<MemPortIdVec></MemPortIdVec>
<condition id="-1">
<or_exp><and_exp><literal name="icmp_ln1241" val="0"/>
<literal name="icmp_ln882" val="0"/>
</and_exp></or_exp>
</condition>

<Node id="58" bw="8" op_0_bw="8" op_1_bw="8">
<![CDATA[
_ifconv:7 %shl_ln785_1 = shl i8 %imgOutput_418_read, i8 %zext_ln785_3

]]></Node>
<StgValue><ssdm name="shl_ln785_1"/></StgValue>
</operation>

<operation id="63" st_id="3" stage="1" lat="1">
<core>NULL</core>
<MemPortIdVec></MemPortIdVec>
<condition id="-1">
<or_exp><and_exp><literal name="icmp_ln1241" val="0"/>
<literal name="icmp_ln882" val="0"/>
</and_exp></or_exp>
</condition>

<Node id="59" bw="8" op_0_bw="32">
<![CDATA[
_ifconv:8 %sext_ln455cast = trunc i32 %sext_ln455

]]></Node>
<StgValue><ssdm name="sext_ln455cast"/></StgValue>
</operation>

<operation id="64" st_id="3" stage="1" lat="1">
<core>Shift</core>
<MemPortIdVec></MemPortIdVec>
<condition id="-1">
<or_exp><and_exp><literal name="icmp_ln1241" val="0"/>
<literal name="icmp_ln882" val="0"/>
</and_exp></or_exp>
</condition>

<Node id="60" bw="8" op_0_bw="8" op_1_bw="8">
<![CDATA[
_ifconv:9 %lshr_ln803 = lshr i8 %imgOutput_418_read, i8 %sext_ln455cast

]]></Node>
<StgValue><ssdm name="lshr_ln803"/></StgValue>
</operation>

<operation id="65" st_id="3" stage="1" lat="1">
<core>Sel</core>
<MemPortIdVec></MemPortIdVec>
<condition id="-1">
<or_exp><and_exp><literal name="icmp_ln1241" val="0"/>
<literal name="icmp_ln882" val="0"/>
</and_exp></or_exp>
</condition>

<Node id="61" bw="8" op_0_bw="1" op_1_bw="8" op_2_bw="8">
<![CDATA[
_ifconv:10 %select_ln791 = select i1 %p_Result_s, i8 %shl_ln785_1, i8 %lshr_ln803

]]></Node>
<StgValue><ssdm name="select_ln791"/></StgValue>
</operation>

<operation id="66" st_id="3" stage="1" lat="1">
<core>NULL</core>
<MemPortIdVec></MemPortIdVec>
<condition id="-1">
<or_exp><and_exp><literal name="icmp_ln1241" val="0"/>
<literal name="icmp_ln882" val="0"/>
</and_exp></or_exp>
</condition>

<Node id="63" bw="0" op_0_bw="8" op_1_bw="8" op_2_bw="0" op_3_bw="0">
<![CDATA[
_ifconv:12 %store_ln791 = store i8 %select_ln791, i8 %p_0, void %store_ln1241, i8 %p_0_load

]]></Node>
<StgValue><ssdm name="store_ln791"/></StgValue>
</operation>

<operation id="67" st_id="3" stage="1" lat="1">
<core>NULL</core>
<MemPortIdVec></MemPortIdVec>
<condition id="-1">
<or_exp><and_exp><literal name="icmp_ln1241" val="0"/>
<literal name="icmp_ln882" val="1"/>
</and_exp></or_exp>
</condition>

<Node id="66" bw="0" op_0_bw="8" op_1_bw="8" op_2_bw="0" op_3_bw="0">
<![CDATA[
._crit_edge.loopexit.i._crit_edge:0 %store_ln1258 = store i8 %or_ln1353, i8 %p_0, void %store_ln1241, i8 %p_0_load

]]></Node>
<StgValue><ssdm name="store_ln1258"/></StgValue>
</operation>
</state>

<state id="4" st_id="4">

<operation id="68" st_id="4" stage="1" lat="1">
<core>Cmp</core>
<MemPortIdVec></MemPortIdVec>
<condition id="-1">
<or_exp><and_exp></and_exp></or_exp>
</condition>

<Node id="75" bw="1" op_0_bw="4" op_1_bw="4">
<![CDATA[
._crit_edge244.loopexit.i:0 %icmp_ln878 = icmp_eq  i4 %empty, i4

]]></Node>
<StgValue><ssdm name="icmp_ln878"/></StgValue>
</operation>

<operation id="69" st_id="4" stage="1" lat="1">
<core>NULL</core>
<MemPortIdVec></MemPortIdVec>
<condition id="-1">
<or_exp><and_exp></and_exp></or_exp>
</condition>

<Node id="76" bw="0" op_0_bw="1" op_1_bw="0" op_2_bw="0">
<![CDATA[
._crit_edge244.loopexit.i:1 %br_ln1269 = br i1 %icmp_ln878, void, void %.exit

]]></Node>
<StgValue><ssdm name="br_ln1269"/></StgValue>
</operation>

<operation id="70" st_id="4" stage="1" lat="1">
<core>NULL</core>
<MemPortIdVec></MemPortIdVec>
<condition id="-1">
<or_exp><and_exp><literal name="icmp_ln878" val="0"/>
</and_exp></or_exp>
</condition>

<Node id="78" bw="8" op_0_bw="8" op_1_bw="0">
<![CDATA[
:0 %p_0_load_1 = load i8 %p_0, void %store_ln1241

]]></Node>
<StgValue><ssdm name="p_0_load_1"/></StgValue>
</operation>

<operation id="71" st_id="4" stage="1" lat="1">
<core>FIFO_SRL</core>
<MemPortIdVec></MemPortIdVec>
<condition id="-1">
<or_exp><and_exp><literal name="icmp_ln878" val="0"/>
</and_exp></or_exp>
</condition>

<Node id="79" bw="0" op_0_bw="0" op_1_bw="8" op_2_bw="8">
<![CDATA[
:1 %write_ln167 = write void @_ssdm_op_Write.ap_fifo.volatile.i8P, i8 %ldata1, i8 %p_0_load_1

]]></Node>
<StgValue><ssdm name="write_ln167"/></StgValue>
</operation>

<operation id="72" st_id="4" stage="1" lat="1">
<core>NULL</core>
<MemPortIdVec></MemPortIdVec>
<condition id="-1">
<or_exp><and_exp><literal name="icmp_ln878" val="0"/>
</and_exp></or_exp>
</condition>

<Node id="80" bw="0" op_0_bw="0">
<![CDATA[
:2 %br_ln1271 = br void %.exit

]]></Node>
<StgValue><ssdm name="br_ln1271"/></StgValue>
</operation>

<operation id="73" st_id="4" stage="1" lat="1">
<core>NULL</core>
<MemPortIdVec></MemPortIdVec>
<condition id="-1">
<or_exp><and_exp></and_exp></or_exp>
</condition>

<Node id="82" bw="0">
<![CDATA[
.exit:0 %ret_ln1281 = ret

]]></Node>
<StgValue><ssdm name="ret_ln1281"/></StgValue>
</operation>
</state>
</state_list>


<ports>
<port id="85" name="imgOutput_418" dir="0" iftype="3">
<core>FIFO_SRL</core><StgValue><ssdm name="imgOutput_418"/></StgValue>
</port>
<port id="86" name="ldata1" dir="1" iftype="3">
<core>FIFO_SRL</core><StgValue><ssdm name="ldata1"/></StgValue>
</port>
<port id="87" name="rows" dir="0" iftype="3">
<core>FIFO_SRL</core><StgValue><ssdm name="rows"/></StgValue>
</port>
<port id="88" name="cols_bound_per_npc" dir="0" iftype="3">
<core>FIFO_SRL</core><StgValue><ssdm name="cols_bound_per_npc"/></StgValue>
</port>
<port id="89" name="last_blk_width" dir="0" iftype="0">
<core>NULL</core><StgValue><ssdm name="last_blk_width"/></StgValue>
</port>
</ports>


<dataflows>
<dataflow id="91" from="StgValue_90" to="p_0" fromId="90" toId="5">
</dataflow>
<dataflow id="93" from="_ssdm_op_Read.ap_auto.volatile.i4P" to="last_blk_width_read" fromId="92" toId="6">
</dataflow>
<dataflow id="94" from="last_blk_width" to="last_blk_width_read" fromId="89" toId="6">
</dataflow>
<dataflow id="96" from="_ssdm_op_SpecInterface" to="specinterface_ln0" fromId="95" toId="7">
</dataflow>
<dataflow id="97" from="imgOutput_418" to="specinterface_ln0" fromId="85" toId="7">
</dataflow>
<dataflow id="99" from="empty_0" to="specinterface_ln0" fromId="98" toId="7">
</dataflow>
<dataflow id="101" from="StgValue_100" to="specinterface_ln0" fromId="100" toId="7">
</dataflow>
<dataflow id="102" from="StgValue_100" to="specinterface_ln0" fromId="100" toId="7">
</dataflow>
<dataflow id="104" from="empty_21" to="specinterface_ln0" fromId="103" toId="7">
</dataflow>
<dataflow id="105" from="StgValue_100" to="specinterface_ln0" fromId="100" toId="7">
</dataflow>
<dataflow id="106" from="StgValue_100" to="specinterface_ln0" fromId="100" toId="7">
</dataflow>
<dataflow id="107" from="empty_21" to="specinterface_ln0" fromId="103" toId="7">
</dataflow>
<dataflow id="108" from="empty_21" to="specinterface_ln0" fromId="103" toId="7">
</dataflow>
<dataflow id="109" from="empty_21" to="specinterface_ln0" fromId="103" toId="7">
</dataflow>
<dataflow id="110" from="StgValue_100" to="specinterface_ln0" fromId="100" toId="7">
</dataflow>
<dataflow id="111" from="StgValue_100" to="specinterface_ln0" fromId="100" toId="7">
</dataflow>
<dataflow id="112" from="StgValue_100" to="specinterface_ln0" fromId="100" toId="7">
</dataflow>
<dataflow id="113" from="StgValue_100" to="specinterface_ln0" fromId="100" toId="7">
</dataflow>
<dataflow id="114" from="empty_21" to="specinterface_ln0" fromId="103" toId="7">
</dataflow>
<dataflow id="115" from="empty_21" to="specinterface_ln0" fromId="103" toId="7">
</dataflow>
<dataflow id="116" from="_ssdm_op_SpecInterface" to="specinterface_ln0" fromId="95" toId="8">
</dataflow>
<dataflow id="117" from="ldata1" to="specinterface_ln0" fromId="86" toId="8">
</dataflow>
<dataflow id="118" from="empty_0" to="specinterface_ln0" fromId="98" toId="8">
</dataflow>
<dataflow id="119" from="StgValue_100" to="specinterface_ln0" fromId="100" toId="8">
</dataflow>
<dataflow id="120" from="StgValue_100" to="specinterface_ln0" fromId="100" toId="8">
</dataflow>
<dataflow id="121" from="empty_21" to="specinterface_ln0" fromId="103" toId="8">
</dataflow>
<dataflow id="122" from="StgValue_100" to="specinterface_ln0" fromId="100" toId="8">
</dataflow>
<dataflow id="123" from="StgValue_100" to="specinterface_ln0" fromId="100" toId="8">
</dataflow>
<dataflow id="124" from="empty_21" to="specinterface_ln0" fromId="103" toId="8">
</dataflow>
<dataflow id="125" from="empty_21" to="specinterface_ln0" fromId="103" toId="8">
</dataflow>
<dataflow id="126" from="empty_21" to="specinterface_ln0" fromId="103" toId="8">
</dataflow>
<dataflow id="127" from="StgValue_100" to="specinterface_ln0" fromId="100" toId="8">
</dataflow>
<dataflow id="128" from="StgValue_100" to="specinterface_ln0" fromId="100" toId="8">
</dataflow>
<dataflow id="129" from="StgValue_100" to="specinterface_ln0" fromId="100" toId="8">
</dataflow>
<dataflow id="130" from="StgValue_100" to="specinterface_ln0" fromId="100" toId="8">
</dataflow>
<dataflow id="131" from="empty_21" to="specinterface_ln0" fromId="103" toId="8">
</dataflow>
<dataflow id="132" from="empty_21" to="specinterface_ln0" fromId="103" toId="8">
</dataflow>
<dataflow id="133" from="_ssdm_op_SpecInterface" to="specinterface_ln0" fromId="95" toId="9">
</dataflow>
<dataflow id="134" from="cols_bound_per_npc" to="specinterface_ln0" fromId="88" toId="9">
</dataflow>
<dataflow id="136" from="ap_fifo_str" to="specinterface_ln0" fromId="135" toId="9">
</dataflow>
<dataflow id="137" from="StgValue_100" to="specinterface_ln0" fromId="100" toId="9">
</dataflow>
<dataflow id="138" from="StgValue_100" to="specinterface_ln0" fromId="100" toId="9">
</dataflow>
<dataflow id="140" from="p_str" to="specinterface_ln0" fromId="139" toId="9">
</dataflow>
<dataflow id="141" from="StgValue_100" to="specinterface_ln0" fromId="100" toId="9">
</dataflow>
<dataflow id="142" from="StgValue_100" to="specinterface_ln0" fromId="100" toId="9">
</dataflow>
<dataflow id="143" from="p_str" to="specinterface_ln0" fromId="139" toId="9">
</dataflow>
<dataflow id="144" from="p_str" to="specinterface_ln0" fromId="139" toId="9">
</dataflow>
<dataflow id="145" from="p_str" to="specinterface_ln0" fromId="139" toId="9">
</dataflow>
<dataflow id="147" from="StgValue_146" to="specinterface_ln0" fromId="146" toId="9">
</dataflow>
<dataflow id="148" from="StgValue_146" to="specinterface_ln0" fromId="146" toId="9">
</dataflow>
<dataflow id="150" from="StgValue_149" to="specinterface_ln0" fromId="149" toId="9">
</dataflow>
<dataflow id="151" from="StgValue_149" to="specinterface_ln0" fromId="149" toId="9">
</dataflow>
<dataflow id="152" from="p_str" to="specinterface_ln0" fromId="139" toId="9">
</dataflow>
<dataflow id="154" from="ScalarProp_str" to="specinterface_ln0" fromId="153" toId="9">
</dataflow>
<dataflow id="155" from="_ssdm_op_SpecInterface" to="specinterface_ln0" fromId="95" toId="10">
</dataflow>
<dataflow id="156" from="rows" to="specinterface_ln0" fromId="87" toId="10">
</dataflow>
<dataflow id="157" from="ap_fifo_str" to="specinterface_ln0" fromId="135" toId="10">
</dataflow>
<dataflow id="158" from="StgValue_100" to="specinterface_ln0" fromId="100" toId="10">
</dataflow>
<dataflow id="159" from="StgValue_100" to="specinterface_ln0" fromId="100" toId="10">
</dataflow>
<dataflow id="160" from="p_str" to="specinterface_ln0" fromId="139" toId="10">
</dataflow>
<dataflow id="161" from="StgValue_100" to="specinterface_ln0" fromId="100" toId="10">
</dataflow>
<dataflow id="162" from="StgValue_100" to="specinterface_ln0" fromId="100" toId="10">
</dataflow>
<dataflow id="163" from="p_str" to="specinterface_ln0" fromId="139" toId="10">
</dataflow>
<dataflow id="164" from="p_str" to="specinterface_ln0" fromId="139" toId="10">
</dataflow>
<dataflow id="165" from="p_str" to="specinterface_ln0" fromId="139" toId="10">
</dataflow>
<dataflow id="166" from="StgValue_146" to="specinterface_ln0" fromId="146" toId="10">
</dataflow>
<dataflow id="167" from="StgValue_146" to="specinterface_ln0" fromId="146" toId="10">
</dataflow>
<dataflow id="168" from="StgValue_149" to="specinterface_ln0" fromId="149" toId="10">
</dataflow>
<dataflow id="169" from="StgValue_149" to="specinterface_ln0" fromId="149" toId="10">
</dataflow>
<dataflow id="170" from="p_str" to="specinterface_ln0" fromId="139" toId="10">
</dataflow>
<dataflow id="171" from="ScalarProp_str" to="specinterface_ln0" fromId="153" toId="10">
</dataflow>
<dataflow id="173" from="_ssdm_op_Read.ap_fifo.i32P" to="rows_1" fromId="172" toId="11">
</dataflow>
<dataflow id="174" from="rows" to="rows_1" fromId="87" toId="11">
</dataflow>
<dataflow id="175" from="_ssdm_op_Read.ap_fifo.i32P" to="cols_bound_per_npc_1" fromId="172" toId="12">
</dataflow>
<dataflow id="176" from="cols_bound_per_npc" to="cols_bound_per_npc_1" fromId="88" toId="12">
</dataflow>
<dataflow id="177" from="_ssdm_op_SpecInterface" to="specinterface_ln0" fromId="95" toId="13">
</dataflow>
<dataflow id="178" from="imgOutput_418" to="specinterface_ln0" fromId="85" toId="13">
</dataflow>
<dataflow id="179" from="empty_0" to="specinterface_ln0" fromId="98" toId="13">
</dataflow>
<dataflow id="180" from="StgValue_100" to="specinterface_ln0" fromId="100" toId="13">
</dataflow>
<dataflow id="181" from="StgValue_100" to="specinterface_ln0" fromId="100" toId="13">
</dataflow>
<dataflow id="182" from="empty_21" to="specinterface_ln0" fromId="103" toId="13">
</dataflow>
<dataflow id="183" from="StgValue_100" to="specinterface_ln0" fromId="100" toId="13">
</dataflow>
<dataflow id="184" from="StgValue_100" to="specinterface_ln0" fromId="100" toId="13">
</dataflow>
<dataflow id="185" from="empty_21" to="specinterface_ln0" fromId="103" toId="13">
</dataflow>
<dataflow id="186" from="empty_21" to="specinterface_ln0" fromId="103" toId="13">
</dataflow>
<dataflow id="187" from="empty_21" to="specinterface_ln0" fromId="103" toId="13">
</dataflow>
<dataflow id="188" from="StgValue_100" to="specinterface_ln0" fromId="100" toId="13">
</dataflow>
<dataflow id="189" from="StgValue_100" to="specinterface_ln0" fromId="100" toId="13">
</dataflow>
<dataflow id="190" from="StgValue_100" to="specinterface_ln0" fromId="100" toId="13">
</dataflow>
<dataflow id="191" from="StgValue_100" to="specinterface_ln0" fromId="100" toId="13">
</dataflow>
<dataflow id="192" from="empty_21" to="specinterface_ln0" fromId="103" toId="13">
</dataflow>
<dataflow id="193" from="empty_21" to="specinterface_ln0" fromId="103" toId="13">
</dataflow>
<dataflow id="194" from="_ssdm_op_SpecInterface" to="specinterface_ln0" fromId="95" toId="14">
</dataflow>
<dataflow id="195" from="ldata1" to="specinterface_ln0" fromId="86" toId="14">
</dataflow>
<dataflow id="196" from="empty_0" to="specinterface_ln0" fromId="98" toId="14">
</dataflow>
<dataflow id="197" from="StgValue_100" to="specinterface_ln0" fromId="100" toId="14">
</dataflow>
<dataflow id="198" from="StgValue_100" to="specinterface_ln0" fromId="100" toId="14">
</dataflow>
<dataflow id="199" from="empty_21" to="specinterface_ln0" fromId="103" toId="14">
</dataflow>
<dataflow id="200" from="StgValue_100" to="specinterface_ln0" fromId="100" toId="14">
</dataflow>
<dataflow id="201" from="StgValue_100" to="specinterface_ln0" fromId="100" toId="14">
</dataflow>
<dataflow id="202" from="empty_21" to="specinterface_ln0" fromId="103" toId="14">
</dataflow>
<dataflow id="203" from="empty_21" to="specinterface_ln0" fromId="103" toId="14">
</dataflow>
<dataflow id="204" from="empty_21" to="specinterface_ln0" fromId="103" toId="14">
</dataflow>
<dataflow id="205" from="StgValue_100" to="specinterface_ln0" fromId="100" toId="14">
</dataflow>
<dataflow id="206" from="StgValue_100" to="specinterface_ln0" fromId="100" toId="14">
</dataflow>
<dataflow id="207" from="StgValue_100" to="specinterface_ln0" fromId="100" toId="14">
</dataflow>
<dataflow id="208" from="StgValue_100" to="specinterface_ln0" fromId="100" toId="14">
</dataflow>
<dataflow id="209" from="empty_21" to="specinterface_ln0" fromId="103" toId="14">
</dataflow>
<dataflow id="210" from="empty_21" to="specinterface_ln0" fromId="103" toId="14">
</dataflow>
<dataflow id="211" from="cols_bound_per_npc_1" to="sub_i" fromId="12" toId="15">
</dataflow>
<dataflow id="213" from="StgValue_212" to="sub_i" fromId="212" toId="15">
</dataflow>
<dataflow id="214" from="rows_1" to="zext_ln1231" fromId="11" toId="16">
</dataflow>
<dataflow id="215" from="cols_bound_per_npc_1" to="zext_ln1231_1" fromId="12" toId="17">
</dataflow>
<dataflow id="216" from="zext_ln1231_1" to="mul_ln1231" fromId="17" toId="18">
</dataflow>
<dataflow id="217" from="zext_ln1231" to="mul_ln1231" fromId="16" toId="18">
</dataflow>
<dataflow id="219" from="StgValue_218" to="store_ln1241" fromId="218" toId="19">
</dataflow>
<dataflow id="220" from="p_0" to="store_ln1241" fromId="5" toId="19">
</dataflow>
<dataflow id="222" from="StgValue_221" to="indvar_flatten" fromId="221" toId="21">
<condition id="-1">
<or_exp><and_exp></and_exp></or_exp>
</condition>
</dataflow>
<dataflow id="223" from="br_ln1241" to="indvar_flatten" fromId="20" toId="21">
</dataflow>
<dataflow id="224" from="add_ln1241" to="indvar_flatten" fromId="27" toId="21">
<BackEdge/>
<condition id="-1">
<or_exp><and_exp><literal name="icmp_ln1241" val="0"/>
</and_exp></or_exp>
</condition>
</dataflow>
<dataflow id="225" from="br_ln0" to="indvar_flatten" fromId="45" toId="21">
<BackEdge/>
</dataflow>
<dataflow id="227" from="StgValue_226" to="j" fromId="226" toId="22">
<condition id="-1">
<or_exp><and_exp></and_exp></or_exp>
</condition>
</dataflow>
<dataflow id="228" from="br_ln1241" to="j" fromId="20" toId="22">
</dataflow>
<dataflow id="229" from="j_1" to="j" fromId="44" toId="22">
<BackEdge/>
<condition id="-1">
<or_exp><and_exp><literal name="icmp_ln1241" val="0"/>
</and_exp></or_exp>
</condition>
</dataflow>
<dataflow id="230" from="br_ln0" to="j" fromId="45" toId="22">
<BackEdge/>
</dataflow>
<dataflow id="232" from="StgValue_231" to="empty" fromId="231" toId="23">
<condition id="-1">
<or_exp><and_exp></and_exp></or_exp>
</condition>
</dataflow>
<dataflow id="233" from="br_ln1241" to="empty" fromId="20" toId="23">
</dataflow>
<dataflow id="234" from="add_ln216" to="empty" fromId="42" toId="23">
<BackEdge/>
<condition id="-1">
<or_exp><and_exp><literal name="icmp_ln1241" val="0"/>
</and_exp></or_exp>
</condition>
</dataflow>
<dataflow id="235" from="br_ln0" to="empty" fromId="45" toId="23">
<BackEdge/>
</dataflow>
<dataflow id="236" from="j" to="zext_ln1246" fromId="22" toId="24">
</dataflow>
<dataflow id="237" from="zext_ln1246" to="icmp_ln1246" fromId="24" toId="25">
</dataflow>
<dataflow id="238" from="cols_bound_per_npc_1" to="icmp_ln1246" fromId="12" toId="25">
</dataflow>
<dataflow id="239" from="indvar_flatten" to="icmp_ln1241" fromId="21" toId="26">
</dataflow>
<dataflow id="240" from="mul_ln1231" to="icmp_ln1241" fromId="18" toId="26">
</dataflow>
<dataflow id="241" from="indvar_flatten" to="add_ln1241" fromId="21" toId="27">
</dataflow>
<dataflow id="243" from="StgValue_242" to="add_ln1241" fromId="242" toId="27">
</dataflow>
<dataflow id="244" from="icmp_ln1241" to="br_ln1241" fromId="26" toId="28">
</dataflow>
<dataflow id="245" from="icmp_ln1246" to="select_ln1238" fromId="25" toId="29">
</dataflow>
<dataflow id="246" from="j" to="select_ln1238" fromId="22" toId="29">
</dataflow>
<dataflow id="247" from="StgValue_226" to="select_ln1238" fromId="226" toId="29">
</dataflow>
<dataflow id="248" from="select_ln1238" to="zext_ln1239" fromId="29" toId="30">
</dataflow>
<dataflow id="249" from="zext_ln1239" to="bLast" fromId="30" toId="31">
</dataflow>
<dataflow id="250" from="sub_i" to="bLast" fromId="15" toId="31">
</dataflow>
<dataflow id="251" from="bLast" to="xf_bits_per_clock" fromId="31" toId="32">
</dataflow>
<dataflow id="252" from="last_blk_width_read" to="xf_bits_per_clock" fromId="6" toId="32">
</dataflow>
<dataflow id="254" from="StgValue_253" to="xf_bits_per_clock" fromId="253" toId="32">
</dataflow>
<dataflow id="255" from="xf_bits_per_clock" to="zext_ln1253" fromId="32" toId="33">
</dataflow>
<dataflow id="256" from="empty" to="zext_ln785_1" fromId="23" toId="34">
</dataflow>
<dataflow id="258" from="StgValue_257" to="sub_ln1258" fromId="257" toId="35">
</dataflow>
<dataflow id="259" from="zext_ln1253" to="sub_ln1258" fromId="33" toId="35">
</dataflow>
<dataflow id="260" from="zext_ln785_1" to="icmp_ln882" fromId="34" toId="36">
</dataflow>
<dataflow id="261" from="sub_ln1258" to="icmp_ln882" fromId="35" toId="36">
</dataflow>
<dataflow id="262" from="icmp_ln882" to="br_ln1258" fromId="36" toId="37">
</dataflow>
<dataflow id="263" from="xf_bits_per_clock" to="xor_ln216" fromId="32" toId="38">
</dataflow>
<dataflow id="264" from="StgValue_253" to="xor_ln216" fromId="253" toId="38">
</dataflow>
<dataflow id="265" from="xor_ln216" to="conv_i9_i_i4_pn_i" fromId="38" toId="41">
<condition id="-1">
<or_exp><and_exp><literal name="icmp_ln1241" val="0"/>
<literal name="icmp_ln882" val="0"/>
</and_exp></or_exp>
</condition>
</dataflow>
<dataflow id="266" from="br_ln0" to="conv_i9_i_i4_pn_i" fromId="39" toId="41">
</dataflow>
<dataflow id="267" from="xf_bits_per_clock" to="conv_i9_i_i4_pn_i" fromId="32" toId="41">
<condition id="-1">
<or_exp><and_exp><literal name="icmp_ln1241" val="0"/>
<literal name="icmp_ln882" val="1"/>
</and_exp></or_exp>
</condition>
</dataflow>
<dataflow id="268" from="br_ln1258" to="conv_i9_i_i4_pn_i" fromId="40" toId="41">
</dataflow>
<dataflow id="269" from="conv_i9_i_i4_pn_i" to="add_ln216" fromId="41" toId="42">
</dataflow>
<dataflow id="270" from="empty" to="add_ln216" fromId="23" toId="42">
</dataflow>
<dataflow id="271" from="j" to="add_ln1246" fromId="22" toId="43">
</dataflow>
<dataflow id="273" from="StgValue_272" to="add_ln1246" fromId="272" toId="43">
</dataflow>
<dataflow id="274" from="icmp_ln1246" to="j_1" fromId="25" toId="44">
</dataflow>
<dataflow id="275" from="add_ln1246" to="j_1" fromId="43" toId="44">
</dataflow>
<dataflow id="276" from="StgValue_272" to="j_1" fromId="272" toId="44">
</dataflow>
<dataflow id="277" from="p_0" to="p_0_load" fromId="5" toId="46">
</dataflow>
<dataflow id="279" from="_ssdm_op_SpecLoopName" to="specloopname_ln0" fromId="278" toId="47">
</dataflow>
<dataflow id="281" from="MMIterOutRow_MMIterOutCol_str" to="specloopname_ln0" fromId="280" toId="47">
</dataflow>
<dataflow id="283" from="_ssdm_op_SpecLoopTripCount" to="speclooptripcount_ln0" fromId="282" toId="48">
</dataflow>
<dataflow id="284" from="StgValue_242" to="speclooptripcount_ln0" fromId="242" toId="48">
</dataflow>
<dataflow id="286" from="StgValue_285" to="speclooptripcount_ln0" fromId="285" toId="48">
</dataflow>
<dataflow id="288" from="StgValue_287" to="speclooptripcount_ln0" fromId="287" toId="48">
</dataflow>
<dataflow id="290" from="_ssdm_op_SpecPipeline" to="specpipeline_ln1239" fromId="289" toId="49">
</dataflow>
<dataflow id="291" from="StgValue_212" to="specpipeline_ln1239" fromId="212" toId="49">
</dataflow>
<dataflow id="292" from="StgValue_90" to="specpipeline_ln1239" fromId="90" toId="49">
</dataflow>
<dataflow id="293" from="StgValue_100" to="specpipeline_ln1239" fromId="100" toId="49">
</dataflow>
<dataflow id="294" from="StgValue_100" to="specpipeline_ln1239" fromId="100" toId="49">
</dataflow>
<dataflow id="295" from="empty_21" to="specpipeline_ln1239" fromId="103" toId="49">
</dataflow>
<dataflow id="296" from="_ssdm_op_SpecLoopName" to="specloopname_ln1239" fromId="278" toId="50">
</dataflow>
<dataflow id="298" from="empty_11" to="specloopname_ln1239" fromId="297" toId="50">
</dataflow>
<dataflow id="300" from="_ssdm_op_Read.ap_fifo.volatile.i8P" to="imgOutput_418_read" fromId="299" toId="51">
</dataflow>
<dataflow id="301" from="imgOutput_418" to="imgOutput_418_read" fromId="85" toId="51">
</dataflow>
<dataflow id="302" from="empty" to="emptycast" fromId="23" toId="52">
</dataflow>
<dataflow id="303" from="imgOutput_418_read" to="shl_ln785" fromId="51" toId="53">
</dataflow>
<dataflow id="304" from="emptycast" to="shl_ln785" fromId="52" toId="53">
</dataflow>
<dataflow id="305" from="shl_ln785" to="or_ln1353" fromId="53" toId="54">
</dataflow>
<dataflow id="306" from="p_0_load" to="or_ln1353" fromId="46" toId="54">
</dataflow>
<dataflow id="308" from="_ssdm_op_Write.ap_fifo.volatile.i8P" to="write_ln167" fromId="307" toId="55">
</dataflow>
<dataflow id="309" from="ldata1" to="write_ln167" fromId="86" toId="55">
</dataflow>
<dataflow id="310" from="or_ln1353" to="write_ln167" fromId="54" toId="55">
</dataflow>
<dataflow id="311" from="StgValue_257" to="p_Val2_s" fromId="257" toId="56">
</dataflow>
<dataflow id="312" from="zext_ln785_1" to="p_Val2_s" fromId="34" toId="56">
</dataflow>
<dataflow id="313" from="p_Val2_s" to="trunc_ln791" fromId="56" toId="57">
</dataflow>
<dataflow id="315" from="_ssdm_op_BitSelect.i1.i5.i32" to="p_Result_s" fromId="314" toId="58">
</dataflow>
<dataflow id="316" from="p_Val2_s" to="p_Result_s" fromId="56" toId="58">
</dataflow>
<dataflow id="318" from="StgValue_317" to="p_Result_s" fromId="317" toId="58">
</dataflow>
<dataflow id="319" from="p_Val2_s" to="sext_ln455" fromId="56" toId="59">
</dataflow>
<dataflow id="321" from="StgValue_320" to="sub_ln550" fromId="320" toId="60">
</dataflow>
<dataflow id="322" from="trunc_ln791" to="sub_ln550" fromId="57" toId="60">
</dataflow>
<dataflow id="323" from="sub_ln550" to="zext_ln785_3" fromId="60" toId="61">
</dataflow>
<dataflow id="324" from="imgOutput_418_read" to="shl_ln785_1" fromId="51" toId="62">
</dataflow>
<dataflow id="325" from="zext_ln785_3" to="shl_ln785_1" fromId="61" toId="62">
</dataflow>
<dataflow id="326" from="sext_ln455" to="sext_ln455cast" fromId="59" toId="63">
</dataflow>
<dataflow id="327" from="imgOutput_418_read" to="lshr_ln803" fromId="51" toId="64">
</dataflow>
<dataflow id="328" from="sext_ln455cast" to="lshr_ln803" fromId="63" toId="64">
</dataflow>
<dataflow id="329" from="p_Result_s" to="select_ln791" fromId="58" toId="65">
</dataflow>
<dataflow id="330" from="shl_ln785_1" to="select_ln791" fromId="62" toId="65">
</dataflow>
<dataflow id="331" from="lshr_ln803" to="select_ln791" fromId="64" toId="65">
</dataflow>
<dataflow id="332" from="select_ln791" to="store_ln791" fromId="65" toId="66">
</dataflow>
<dataflow id="333" from="p_0" to="store_ln791" fromId="5" toId="66">
</dataflow>
<dataflow id="334" from="or_ln1353" to="store_ln1258" fromId="54" toId="67">
</dataflow>
<dataflow id="335" from="p_0" to="store_ln1258" fromId="5" toId="67">
</dataflow>
<dataflow id="336" from="empty" to="icmp_ln878" fromId="23" toId="68">
</dataflow>
<dataflow id="337" from="StgValue_231" to="icmp_ln878" fromId="231" toId="68">
</dataflow>
<dataflow id="338" from="icmp_ln878" to="br_ln1269" fromId="68" toId="69">
</dataflow>
<dataflow id="339" from="p_0" to="p_0_load_1" fromId="5" toId="70">
</dataflow>
<dataflow id="340" from="_ssdm_op_Write.ap_fifo.volatile.i8P" to="write_ln167" fromId="307" toId="71">
</dataflow>
<dataflow id="341" from="ldata1" to="write_ln167" fromId="86" toId="71">
</dataflow>
<dataflow id="342" from="p_0_load_1" to="write_ln167" fromId="70" toId="71">
</dataflow>
<dataflow id="343" from="icmp_ln1241" to="StgValue_2" fromId="26" toId="2">
</dataflow>
<dataflow id="344" from="icmp_ln882" to="StgValue_2" fromId="36" toId="2">
</dataflow>
<dataflow id="345" from="icmp_ln1241" to="StgValue_3" fromId="26" toId="3">
</dataflow>
<dataflow id="346" from="icmp_ln882" to="StgValue_3" fromId="36" toId="3">
</dataflow>
<dataflow id="347" from="icmp_ln878" to="StgValue_4" fromId="68" toId="4">
</dataflow>
</dataflows>


</stg>
