<profile>

<section name = "Vitis HLS Report for 'xferode_128_128_1_0_1_0_129_3_3_s'" level="0">
<item name = "Date">Fri Jan 22 14:17:03 2021
</item>
<item name = "Version">2020.1 (Build 2902540 on Wed May 27 20:16:15 MDT 2020)</item>
<item name = "Project">erosion</item>
<item name = "Solution">solution1 (Vivado IP Flow Target)</item>
<item name = "Product family">virtexuplus</item>
<item name = "Target device">xcvu11p-flga2577-1-e</item>
</section>

<section name = "Performance Estimates" level="0">
<item name = "Timing">
<section name = "" level="1">
<item name = "Summary"><table name="" hasTotal="0">
<keys size="4">Clock, Target, Estimated, Uncertainty</keys>
<column name="ap_clk">10.00 ns, 7.003 ns, 2.70 ns</column>
</table>
</item>
</section>
</item>
<item name = "Latency">
<section name = "" level="1">
<item name = "Summary"><table name="" hasTotal="0">
<keys size="8">, min, max, min, max, min, max, Type</keys>
<column name="">12, 17548, 0.120 us, 0.175 ms, 12, 17548, none</column>
</table>
</item>
<item name = "Detail">
<section name = "" level="1">
<item name = "Instance"><table name="" hasTotal="0">
<keys size="9">Instance, Module, min, max, min, max, min, max, Type</keys>
<column name="src_buf_V_0_1_xfExtractPixels_1_1_0_s_fu_538">xfExtractPixels_1_1_0_s, 0, 0, 0 ns, 0 ns, 1, 1, function</column>
<column name="src_buf_V_1_1_xfExtractPixels_1_1_0_s_fu_544">xfExtractPixels_1_1_0_s, 0, 0, 0 ns, 0 ns, 1, 1, function</column>
<column name="src_buf_V_2_1_xfExtractPixels_1_1_0_s_fu_550">xfExtractPixels_1_1_0_s, 0, 0, 0 ns, 0 ns, 1, 1, function</column>
</table>
</item>
<item name = "Loop"><table name="" hasTotal="0">
<keys size="8">Loop Name, min, max, Latency, achieved, target, Count, Pipelined</keys>
<column name="- VITIS_LOOP_263_1">3, 3, 1, 1, 1, 3, yes</column>
<column name="- VITIS_LOOP_278_2">1, 129, 2, 1, 1, 1 ~ 129, yes</column>
<column name="- VITIS_LOOP_295_3">1, 129, 1, 1, 1, 1 ~ 129, yes</column>
<column name="- Row_Loop">7, 17280, 7 ~ 135, -, -, 1 ~ 128, no</column>
<column name=" + Col_Loop">4, 132, 5, 1, 1, 1 ~ 129, yes</column>
</table>
</item>
</section>
</item>
</section>
</item>
</section>

<section name = "Utilization Estimates" level="0">
<item name = "Summary"><table name="" hasTotal="1">
<keys size="6">Name, BRAM_18K, DSP, FF, LUT, URAM</keys>
<column name="DSP">-, -, -, -, -</column>
<column name="Expression">-, -, 0, 602, -</column>
<column name="FIFO">-, -, -, -, -</column>
<column name="Instance">-, -, 0, 30, -</column>
<column name="Memory">3, -, 0, 0, -</column>
<column name="Multiplexer">-, -, -, 461, -</column>
<column name="Register">-, -, 532, 64, -</column>
<specialColumn name="Available SLR">1344, 3072, 864000, 432000, 320</specialColumn>
<specialColumn name="Utilization SLR (%)">~0, 0, ~0, ~0, 0</specialColumn>
<specialColumn name="Available">4032, 9216, 2592000, 1296000, 960</specialColumn>
<specialColumn name="Utilization (%)">~0, 0, ~0, ~0, 0</specialColumn>
</table>
</item>
<item name = "Detail">
<section name = "" level="1">
<item name = "Instance"><table name="" hasTotal="1">
<keys size="7">Instance, Module, BRAM_18K, DSP, FF, LUT, URAM</keys>
<column name="mux_32_8_1_1_U80">mux_32_8_1_1, 0, 0, 0, 15, 0</column>
<column name="mux_32_8_1_1_U81">mux_32_8_1_1, 0, 0, 0, 15, 0</column>
<column name="src_buf_V_0_1_xfExtractPixels_1_1_0_s_fu_538">xfExtractPixels_1_1_0_s, 0, 0, 0, 0, 0</column>
<column name="src_buf_V_1_1_xfExtractPixels_1_1_0_s_fu_544">xfExtractPixels_1_1_0_s, 0, 0, 0, 0, 0</column>
<column name="src_buf_V_2_1_xfExtractPixels_1_1_0_s_fu_550">xfExtractPixels_1_1_0_s, 0, 0, 0, 0, 0</column>
</table>
</item>
<item name = "DSP"><table name="" hasTotal="0">
<keys size="3">Instance, Module, Expression</keys>
</table>
</item>
<item name = "Memory"><table name="" hasTotal="1">
<keys size="10">Memory, Module, BRAM_18K, FF, LUT, URAM, Words, Bits, Banks, W*Bits*Banks</keys>
<column name="buf_0_V_U">xferode_128_128_1_0_1_0_129_3_3_s_buf_0_V, 1, 0, 0, 0, 128, 8, 1, 1024</column>
<column name="buf_1_V_U">xferode_128_128_1_0_1_0_129_3_3_s_buf_0_V, 1, 0, 0, 0, 128, 8, 1, 1024</column>
<column name="buf_2_V_U">xferode_128_128_1_0_1_0_129_3_3_s_buf_0_V, 1, 0, 0, 0, 128, 8, 1, 1024</column>
</table>
</item>
<item name = "FIFO"><table name="" hasTotal="1">
<keys size="8">Name, BRAM_18K, FF, LUT, URAM, Depth, Bits, Size:D*B</keys>
</table>
</item>
<item name = "Expression"><table name="" hasTotal="1">
<keys size="7">Variable Name, Operation, DSP, FF, LUT, Bitwidth P0, Bitwidth P1</keys>
<column name="add_ln1620_fu_649_p2">+, 0, 0, 21, 14, 1</column>
<column name="add_ln695_1_fu_629_p2">+, 0, 0, 20, 13, 1</column>
<column name="add_ln695_2_fu_991_p2">+, 0, 0, 20, 13, 1</column>
<column name="add_ln695_3_fu_758_p2">+, 0, 0, 20, 13, 1</column>
<column name="add_ln695_fu_609_p2">+, 0, 0, 20, 13, 1</column>
<column name="init_row_ind_fu_575_p2">+, 0, 0, 9, 2, 1</column>
<column name="op2_assign_fu_643_p2">+, 0, 0, 24, 17, 1</column>
<column name="ap_block_pp1_stage0_11001">and, 0, 0, 2, 1, 1</column>
<column name="ap_block_state11_pp3_stage0_iter1">and, 0, 0, 2, 1, 1</column>
<column name="ap_block_state14_pp3_stage0_iter4">and, 0, 0, 2, 1, 1</column>
<column name="ap_block_state5_pp1_stage0_iter1">and, 0, 0, 2, 1, 1</column>
<column name="ap_condition_262">and, 0, 0, 2, 1, 1</column>
<column name="ap_condition_272">and, 0, 0, 2, 1, 1</column>
<column name="ap_condition_446">and, 0, 0, 2, 1, 1</column>
<column name="ap_condition_86">and, 0, 0, 2, 1, 1</column>
<column name="ap_condition_896">and, 0, 0, 2, 1, 1</column>
<column name="cmp_i_i138_i_fu_728_p2">icmp, 0, 0, 13, 16, 16</column>
<column name="icmp_ln263_fu_569_p2">icmp, 0, 0, 8, 2, 2</column>
<column name="icmp_ln882_10_fu_911_p2">icmp, 0, 0, 11, 8, 8</column>
<column name="icmp_ln882_11_fu_932_p2">icmp, 0, 0, 11, 8, 8</column>
<column name="icmp_ln882_12_fu_950_p2">icmp, 0, 0, 11, 8, 8</column>
<column name="icmp_ln882_13_fu_971_p2">icmp, 0, 0, 11, 8, 8</column>
<column name="icmp_ln882_1_fu_624_p2">icmp, 0, 0, 13, 16, 16</column>
<column name="icmp_ln882_2_fu_664_p2">icmp, 0, 0, 13, 16, 1</column>
<column name="icmp_ln882_3_fu_723_p2">icmp, 0, 0, 20, 17, 17</column>
<column name="icmp_ln882_4_fu_753_p2">icmp, 0, 0, 13, 14, 14</column>
<column name="icmp_ln882_5_fu_764_p2">icmp, 0, 0, 13, 16, 16</column>
<column name="icmp_ln882_6_fu_827_p2">icmp, 0, 0, 11, 8, 8</column>
<column name="icmp_ln882_7_fu_848_p2">icmp, 0, 0, 11, 8, 8</column>
<column name="icmp_ln882_8_fu_869_p2">icmp, 0, 0, 11, 8, 8</column>
<column name="icmp_ln882_9_fu_890_p2">icmp, 0, 0, 11, 8, 8</column>
<column name="icmp_ln882_fu_604_p2">icmp, 0, 0, 13, 16, 16</column>
<column name="icmp_ln886_fu_790_p2">icmp, 0, 0, 13, 13, 1</column>
<column name="tobool_i_i_1983_fu_675_p2">icmp, 0, 0, 11, 8, 1</column>
<column name="tobool_i_i_1_1_fu_690_p2">icmp, 0, 0, 11, 8, 1</column>
<column name="tobool_i_i_1_2_fu_695_p2">icmp, 0, 0, 11, 8, 1</column>
<column name="tobool_i_i_1_fu_685_p2">icmp, 0, 0, 11, 8, 1</column>
<column name="tobool_i_i_21010_fu_680_p2">icmp, 0, 0, 11, 8, 1</column>
<column name="tobool_i_i_2_1_fu_705_p2">icmp, 0, 0, 11, 8, 1</column>
<column name="tobool_i_i_2_2_fu_710_p2">icmp, 0, 0, 11, 8, 1</column>
<column name="tobool_i_i_2_fu_700_p2">icmp, 0, 0, 11, 8, 1</column>
<column name="tobool_i_i_fu_670_p2">icmp, 0, 0, 11, 8, 1</column>
<column name="ap_block_pp3_stage0_01001">or, 0, 0, 2, 1, 1</column>
<column name="empty_41_fu_841_p3">select, 0, 0, 8, 1, 8</column>
<column name="empty_42_fu_862_p3">select, 0, 0, 8, 1, 8</column>
<column name="empty_43_fu_883_p3">select, 0, 0, 8, 1, 8</column>
<column name="empty_44_fu_904_p3">select, 0, 0, 8, 1, 8</column>
<column name="empty_45_fu_925_p3">select, 0, 0, 8, 1, 8</column>
<column name="empty_46_fu_944_p3">select, 0, 0, 8, 1, 8</column>
<column name="empty_47_fu_964_p3">select, 0, 0, 8, 1, 8</column>
<column name="imgOutput_418_din">select, 0, 0, 8, 1, 8</column>
<column name="p_Result_1_fu_820_p3">select, 0, 0, 8, 1, 2</column>
<column name="select_ln56_1_fu_854_p3">select, 0, 0, 8, 1, 8</column>
<column name="select_ln56_2_fu_875_p3">select, 0, 0, 8, 1, 8</column>
<column name="select_ln56_3_fu_896_p3">select, 0, 0, 8, 1, 8</column>
<column name="select_ln56_4_fu_917_p3">select, 0, 0, 8, 1, 8</column>
<column name="select_ln56_5_fu_937_p3">select, 0, 0, 8, 1, 8</column>
<column name="select_ln56_6_fu_956_p3">select, 0, 0, 8, 1, 8</column>
<column name="select_ln56_7_fu_976_p3">select, 0, 0, 8, 1, 8</column>
<column name="select_ln56_fu_833_p3">select, 0, 0, 8, 1, 8</column>
<column name="ap_enable_pp1">xor, 0, 0, 2, 1, 2</column>
<column name="ap_enable_pp3">xor, 0, 0, 2, 1, 2</column>
<column name="ap_enable_reg_pp1_iter1">xor, 0, 0, 2, 2, 1</column>
</table>
</item>
<item name = "Multiplexer"><table name="" hasTotal="1">
<keys size="5">Name, LUT, Input Size, Bits, Total Bits</keys>
<column name="ap_NS_fsm">50, 11, 1, 11</column>
<column name="ap_enable_reg_pp1_iter1">15, 3, 1, 3</column>
<column name="ap_enable_reg_pp3_iter3">9, 2, 1, 2</column>
<column name="ap_enable_reg_pp3_iter4">15, 3, 1, 3</column>
<column name="ap_phi_mux_buf_cop_V_0_0_phi_fu_508_p4">9, 2, 8, 16</column>
<column name="ap_phi_mux_buf_cop_V_1_phi_fu_519_p4">9, 2, 8, 16</column>
<column name="ap_phi_mux_buf_cop_V_2_phi_fu_530_p4">9, 2, 8, 16</column>
<column name="ap_phi_mux_empty_36_phi_fu_344_p4">9, 2, 13, 26</column>
<column name="ap_phi_mux_empty_39_phi_fu_412_p4">9, 2, 13, 26</column>
<column name="ap_phi_mux_p_Val2_1_phi_fu_448_p4">9, 2, 8, 16</column>
<column name="ap_phi_mux_p_Val2_s_phi_fu_472_p4">9, 2, 8, 16</column>
<column name="ap_phi_mux_src_buf_V_0_0_phi_fu_460_p4">9, 2, 8, 16</column>
<column name="ap_phi_mux_src_buf_V_1_0_phi_fu_436_p4">9, 2, 8, 16</column>
<column name="ap_phi_reg_pp3_iter1_buf_cop_V_0_0_reg_504">9, 2, 8, 16</column>
<column name="ap_phi_reg_pp3_iter1_buf_cop_V_1_reg_515">9, 2, 8, 16</column>
<column name="ap_phi_reg_pp3_iter1_buf_cop_V_2_reg_526">9, 2, 8, 16</column>
<column name="ap_phi_reg_pp3_iter1_empty_40_reg_493">9, 2, 8, 16</column>
<column name="ap_phi_reg_pp3_iter2_empty_40_reg_493">9, 2, 8, 16</column>
<column name="buf_0_V_address1">21, 4, 7, 28</column>
<column name="buf_0_V_d1">15, 3, 8, 24</column>
<column name="buf_1_V_address1">21, 4, 7, 28</column>
<column name="buf_1_V_d1">15, 3, 8, 24</column>
<column name="buf_2_V_address1">15, 3, 7, 21</column>
<column name="buf_2_V_d1">15, 3, 8, 24</column>
<column name="empty_36_reg_340">9, 2, 13, 26</column>
<column name="empty_37_reg_352">9, 2, 13, 26</column>
<column name="empty_38_reg_396">9, 2, 13, 26</column>
<column name="empty_39_reg_408">9, 2, 13, 26</column>
<column name="imgInput_417_blk_n">9, 2, 1, 2</column>
<column name="imgOutput_418_blk_n">9, 2, 1, 2</column>
<column name="p_Val2_1_reg_444">9, 2, 8, 16</column>
<column name="p_Val2_2_reg_420">9, 2, 8, 16</column>
<column name="p_Val2_s_reg_468">9, 2, 8, 16</column>
<column name="row_ind_V_0_reg_384">9, 2, 13, 26</column>
<column name="row_ind_V_1_1_reg_373">9, 2, 13, 26</column>
<column name="row_ind_V_1_reg_329">9, 2, 2, 4</column>
<column name="row_ind_V_2_reg_363">9, 2, 13, 26</column>
<column name="src_buf_V_0_0_reg_456">9, 2, 8, 16</column>
<column name="src_buf_V_1_0_reg_432">9, 2, 8, 16</column>
<column name="src_buf_V_2_0_reg_480">9, 2, 8, 16</column>
</table>
</item>
<item name = "Register"><table name="" hasTotal="1">
<keys size="5">Name, FF, LUT, Bits, Const Bits</keys>
<column name="add_ln1620_reg_1123">14, 0, 14, 0</column>
<column name="add_ln695_3_reg_1203">13, 0, 13, 0</column>
<column name="add_ln695_reg_1105">13, 0, 13, 0</column>
<column name="ap_CS_fsm">10, 0, 10, 0</column>
<column name="ap_enable_reg_pp1_iter0">1, 0, 1, 0</column>
<column name="ap_enable_reg_pp1_iter1">1, 0, 1, 0</column>
<column name="ap_enable_reg_pp3_iter0">1, 0, 1, 0</column>
<column name="ap_enable_reg_pp3_iter1">1, 0, 1, 0</column>
<column name="ap_enable_reg_pp3_iter2">1, 0, 1, 0</column>
<column name="ap_enable_reg_pp3_iter3">1, 0, 1, 0</column>
<column name="ap_enable_reg_pp3_iter4">1, 0, 1, 0</column>
<column name="ap_phi_reg_pp3_iter1_buf_cop_V_0_0_reg_504">8, 0, 8, 0</column>
<column name="ap_phi_reg_pp3_iter1_buf_cop_V_1_reg_515">8, 0, 8, 0</column>
<column name="ap_phi_reg_pp3_iter1_buf_cop_V_2_reg_526">8, 0, 8, 0</column>
<column name="ap_phi_reg_pp3_iter1_empty_40_reg_493">8, 0, 8, 0</column>
<column name="ap_phi_reg_pp3_iter2_buf_cop_V_0_0_reg_504">8, 0, 8, 0</column>
<column name="ap_phi_reg_pp3_iter2_buf_cop_V_1_reg_515">8, 0, 8, 0</column>
<column name="ap_phi_reg_pp3_iter2_buf_cop_V_2_reg_526">8, 0, 8, 0</column>
<column name="ap_phi_reg_pp3_iter2_empty_40_reg_493">8, 0, 8, 0</column>
<column name="ap_phi_reg_pp3_iter3_buf_cop_V_0_0_reg_504">8, 0, 8, 0</column>
<column name="ap_phi_reg_pp3_iter3_buf_cop_V_1_reg_515">8, 0, 8, 0</column>
<column name="ap_phi_reg_pp3_iter3_buf_cop_V_2_reg_526">8, 0, 8, 0</column>
<column name="ap_phi_reg_pp3_iter3_empty_40_reg_493">8, 0, 8, 0</column>
<column name="cmp_i_i138_i_reg_1181">1, 0, 1, 0</column>
<column name="empty_36_reg_340">13, 0, 13, 0</column>
<column name="empty_37_reg_352">13, 0, 13, 0</column>
<column name="empty_38_reg_396">13, 0, 13, 0</column>
<column name="empty_39_reg_408">13, 0, 13, 0</column>
<column name="empty_39_reg_408_pp3_iter1_reg">13, 0, 13, 0</column>
<column name="empty_45_reg_1253">8, 0, 8, 0</column>
<column name="empty_reg_1073">14, 0, 14, 0</column>
<column name="icmp_ln882_2_reg_1128">1, 0, 1, 0</column>
<column name="icmp_ln882_4_reg_1199">1, 0, 1, 0</column>
<column name="icmp_ln882_5_reg_1208">1, 0, 1, 0</column>
<column name="icmp_ln882_reg_1101">1, 0, 1, 0</column>
<column name="icmp_ln886_reg_1232">1, 0, 1, 0</column>
<column name="icmp_ln886_reg_1232_pp3_iter3_reg">1, 0, 1, 0</column>
<column name="op2_assign_reg_1118">17, 0, 17, 0</column>
<column name="p_Val2_1_reg_444">8, 0, 8, 0</column>
<column name="p_Val2_2_reg_420">8, 0, 8, 0</column>
<column name="p_Val2_s_reg_468">8, 0, 8, 0</column>
<column name="row_ind_V_0_0_fu_116">2, 0, 13, 11</column>
<column name="row_ind_V_0_0_load_reg_1078">2, 0, 13, 11</column>
<column name="row_ind_V_0_reg_384">13, 0, 13, 0</column>
<column name="row_ind_V_1_0_fu_120">2, 0, 13, 11</column>
<column name="row_ind_V_1_0_load_reg_1083">2, 0, 13, 11</column>
<column name="row_ind_V_1_1_reg_373">13, 0, 13, 0</column>
<column name="row_ind_V_1_reg_329">2, 0, 2, 0</column>
<column name="row_ind_V_2_0_fu_124">2, 0, 13, 11</column>
<column name="row_ind_V_2_0_load_reg_1088">2, 0, 13, 11</column>
<column name="row_ind_V_2_reg_363">13, 0, 13, 0</column>
<column name="src_buf_V_0_0_reg_456">8, 0, 8, 0</column>
<column name="src_buf_V_0_1_reg_1236">8, 0, 8, 0</column>
<column name="src_buf_V_1_0_reg_432">8, 0, 8, 0</column>
<column name="src_buf_V_1_1_reg_1241">8, 0, 8, 0</column>
<column name="src_buf_V_2_0_reg_480">8, 0, 8, 0</column>
<column name="src_buf_V_2_1_reg_1246">8, 0, 8, 0</column>
<column name="tobool_i_i_1983_reg_1137">1, 0, 1, 0</column>
<column name="tobool_i_i_1_1_reg_1152">1, 0, 1, 0</column>
<column name="tobool_i_i_1_2_reg_1157">1, 0, 1, 0</column>
<column name="tobool_i_i_1_reg_1147">1, 0, 1, 0</column>
<column name="tobool_i_i_21010_reg_1142">1, 0, 1, 0</column>
<column name="tobool_i_i_2_1_reg_1167">1, 0, 1, 0</column>
<column name="tobool_i_i_2_2_reg_1172">1, 0, 1, 0</column>
<column name="tobool_i_i_2_reg_1162">1, 0, 1, 0</column>
<column name="tobool_i_i_reg_1132">1, 0, 1, 0</column>
<column name="trunc_ln324_1_reg_1189">2, 0, 2, 0</column>
<column name="trunc_ln324_2_reg_1194">2, 0, 2, 0</column>
<column name="trunc_ln324_reg_1185">2, 0, 2, 0</column>
<column name="icmp_ln882_4_reg_1199">64, 32, 1, 0</column>
<column name="icmp_ln882_5_reg_1208">64, 32, 1, 0</column>
</table>
</item>
</section>
</item>
</section>

<section name = "Interface" level="0">
<item name = "Summary"><table name="" hasTotal="0">
<keys size="6">RTL Ports, Dir, Bits, Protocol, Source Object, C Type</keys>
<column name="ap_clk">in, 1, ap_ctrl_hs, xferode&lt;128, 128, 1, 0, 1, 0, 129, 3, 3&gt;, return value</column>
<column name="ap_rst">in, 1, ap_ctrl_hs, xferode&lt;128, 128, 1, 0, 1, 0, 129, 3, 3&gt;, return value</column>
<column name="ap_start">in, 1, ap_ctrl_hs, xferode&lt;128, 128, 1, 0, 1, 0, 129, 3, 3&gt;, return value</column>
<column name="ap_done">out, 1, ap_ctrl_hs, xferode&lt;128, 128, 1, 0, 1, 0, 129, 3, 3&gt;, return value</column>
<column name="ap_idle">out, 1, ap_ctrl_hs, xferode&lt;128, 128, 1, 0, 1, 0, 129, 3, 3&gt;, return value</column>
<column name="ap_ready">out, 1, ap_ctrl_hs, xferode&lt;128, 128, 1, 0, 1, 0, 129, 3, 3&gt;, return value</column>
<column name="imgInput_417_dout">in, 8, ap_fifo, imgInput_417, pointer</column>
<column name="imgInput_417_empty_n">in, 1, ap_fifo, imgInput_417, pointer</column>
<column name="imgInput_417_read">out, 1, ap_fifo, imgInput_417, pointer</column>
<column name="imgOutput_418_din">out, 8, ap_fifo, imgOutput_418, pointer</column>
<column name="imgOutput_418_full_n">in, 1, ap_fifo, imgOutput_418, pointer</column>
<column name="imgOutput_418_write">out, 1, ap_fifo, imgOutput_418, pointer</column>
<column name="img_height">in, 16, ap_none, img_height, scalar</column>
<column name="img_width">in, 16, ap_none, img_width, scalar</column>
<column name="p_read">in, 8, ap_none, p_read, scalar</column>
<column name="p_read1">in, 8, ap_none, p_read1, scalar</column>
<column name="p_read2">in, 8, ap_none, p_read2, scalar</column>
<column name="p_read3">in, 8, ap_none, p_read3, scalar</column>
<column name="p_read4">in, 8, ap_none, p_read4, scalar</column>
<column name="p_read5">in, 8, ap_none, p_read5, scalar</column>
<column name="p_read6">in, 8, ap_none, p_read6, scalar</column>
<column name="p_read7">in, 8, ap_none, p_read7, scalar</column>
<column name="p_read8">in, 8, ap_none, p_read8, scalar</column>
</table>
</item>
</section>
</profile>
