<profile>

<section name = "Vitis HLS Report for 'xferode_128_128_1_0_1_0_129_3_3_s'" level="0">
<item name = "Date">Fri Jan 22 14:16:53 2021
</item>
<item name = "Version">2020.1 (Build 2902540 on Wed May 27 20:16:15 MDT 2020)</item>
<item name = "Project">erosion</item>
<item name = "Solution">solution1 (Vivado IP Flow Target)</item>
<item name = "Product family">virtexuplus</item>
<item name = "Target device">xcvu11p-flga2577-1-e</item>
</section>

<section name = "Performance Estimates" level="0">
<item name = "Timing">
<section name = "" level="1">
<item name = "Summary"><table name="" hasTotal="0">
<keys size="4">Clock, Target, Estimated, Uncertainty</keys>
<column name="ap_clk">10.00 ns, 7.003 ns, 2.70 ns</column>
</table>
</item>
</section>
</item>
<item name = "Latency">
<section name = "" level="1">
<item name = "Summary"><table name="" hasTotal="0">
<keys size="8">, min, max, min, max, min, max, Type</keys>
<column name="">12, 17548, 0.120 us, 0.175 ms, 12, 17548, none</column>
</table>
</item>
<item name = "Detail">
<section name = "" level="1">
<item name = "Instance"><table name="" hasTotal="0">
<keys size="9">Instance, Module, min, max, min, max, min, max, Type</keys>
</table>
</item>
<item name = "Loop"><table name="" hasTotal="0">
<keys size="8">Loop Name, min, max, Latency, achieved, target, Count, Pipelined</keys>
<column name="- VITIS_LOOP_263_1">3, 3, 1, 1, 1, 3, yes</column>
<column name="- VITIS_LOOP_278_2">1, 129, 2, 1, 1, 1 ~ 129, yes</column>
<column name="- VITIS_LOOP_295_3">1, 129, 1, 1, 1, 1 ~ 129, yes</column>
<column name="- Row_Loop">7, 17280, 7 ~ 135, -, -, 1 ~ 128, no</column>
<column name=" + Col_Loop">4, 132, 5, 1, 1, 1 ~ 129, yes</column>
</table>
</item>
</section>
</item>
</section>
</item>
</section>
</profile>
