<stg><name>xfExtractPixels<1, 1, 0></name>


<trans_list>
</trans_list>



<state_list>

<state id="1" st_id="1">

<operation id="2" st_id="1" stage="1" lat="1">
<core>NULL</core>
<MemPortIdVec></MemPortIdVec>
<condition id="-1">
<or_exp><and_exp></and_exp></or_exp>
</condition>

<Node id="2" bw="8" op_0_bw="8" op_1_bw="8">
<![CDATA[
bb:0 %p_read11 = read i8 @_ssdm_op_Read.ap_auto.i8, i8 %p_read1

]]></Node>
<StgValue><ssdm name="p_read11"/></StgValue>
</operation>

<operation id="3" st_id="1" stage="1" lat="1">
<core>NULL</core>
<MemPortIdVec></MemPortIdVec>
<condition id="-1">
<or_exp><and_exp></and_exp></or_exp>
</condition>

<Node id="3" bw="0" op_0_bw="8">
<![CDATA[
bb:1 %ret_ln69 = ret i8 %p_read11

]]></Node>
<StgValue><ssdm name="ret_ln69"/></StgValue>
</operation>
</state>
</state_list>


<ports>
</ports>


<dataflows>
</dataflows>


</stg>
