<stg><name>xfMat2Array<8, 0, 128, 128, 1></name>


<trans_list>

<trans id="16" from="1" to="2">
<condition id="-1">
<or_exp><and_exp></and_exp></or_exp>
</condition>
</trans>
</trans_list>



<state_list>

<state id="1" st_id="1">

<operation id="3" st_id="1" stage="1" lat="1">
<core>FIFO_SRL</core>
<MemPortIdVec></MemPortIdVec>
<condition id="-1">
<or_exp><and_exp></and_exp></or_exp>
</condition>

<Node id="11" bw="64" op_0_bw="64" op_1_bw="64">
<![CDATA[
entry:5 %dstPtr_read = read i64 @_ssdm_op_Read.ap_fifo.i64P, i64 %dstPtr

]]></Node>
<StgValue><ssdm name="dstPtr_read"/></StgValue>
</operation>

<operation id="4" st_id="1" stage="1" lat="1">
<core>FIFO_SRL</core>
<MemPortIdVec></MemPortIdVec>
<condition id="-1">
<or_exp><and_exp></and_exp></or_exp>
</condition>

<Node id="14" bw="32" op_0_bw="32" op_1_bw="32">
<![CDATA[
entry:8 %srcMat_1_read = read i32 @_ssdm_op_Read.ap_fifo.i32P, i32 %srcMat_1

]]></Node>
<StgValue><ssdm name="srcMat_1_read"/></StgValue>
</operation>

<operation id="5" st_id="1" stage="1" lat="1">
<core>FIFO_SRL</core>
<MemPortIdVec></MemPortIdVec>
<condition id="-1">
<or_exp><and_exp></and_exp></or_exp>
</condition>

<Node id="15" bw="32" op_0_bw="32" op_1_bw="32">
<![CDATA[
entry:9 %srcMat_2_read = read i32 @_ssdm_op_Read.ap_fifo.i32P, i32 %srcMat_2

]]></Node>
<StgValue><ssdm name="srcMat_2_read"/></StgValue>
</operation>

<operation id="6" st_id="1" stage="2" lat="2">
<core></core>
<MemPortIdVec></MemPortIdVec>
<condition id="-1">
<or_exp><and_exp></and_exp></or_exp>
</condition>

<Node id="16" bw="0" op_0_bw="0" op_1_bw="8" op_2_bw="8" op_3_bw="64" op_4_bw="32" op_5_bw="32">
<![CDATA[
entry:10 %call_ln1411 = call void @Mat2Axi, i8 %imgOutput_418, i8 %gmem2, i64 %dstPtr_read, i32 %srcMat_1_read, i32 %srcMat_2_read

]]></Node>
<StgValue><ssdm name="call_ln1411"/></StgValue>
</operation>
</state>

<state id="2" st_id="2">

<operation id="7" st_id="2" stage="1" lat="1">
<core>NULL</core>
<MemPortIdVec></MemPortIdVec>
<condition id="-1">
<or_exp><and_exp></and_exp></or_exp>
</condition>

<Node id="6" bw="0" op_0_bw="0" op_1_bw="8" op_2_bw="0" op_3_bw="32" op_4_bw="32" op_5_bw="0" op_6_bw="32" op_7_bw="32" op_8_bw="0" op_9_bw="0" op_10_bw="0" op_11_bw="32" op_12_bw="32" op_13_bw="32" op_14_bw="32" op_15_bw="0" op_16_bw="0">
<![CDATA[
entry:0 %specinterface_ln0 = specinterface void @_ssdm_op_SpecInterface, i8 %imgOutput_418, void @empty_0, i32, i32, void @empty_21, i32, i32, void @empty_21, void @empty_21, void @empty_21, i32, i32, i32, i32, void @empty_21, void @empty_21

]]></Node>
<StgValue><ssdm name="specinterface_ln0"/></StgValue>
</operation>

<operation id="8" st_id="2" stage="1" lat="1">
<core>NULL</core>
<MemPortIdVec></MemPortIdVec>
<condition id="-1">
<or_exp><and_exp></and_exp></or_exp>
</condition>

<Node id="7" bw="0" op_0_bw="0" op_1_bw="8" op_2_bw="0" op_3_bw="32" op_4_bw="32" op_5_bw="0" op_6_bw="32" op_7_bw="32" op_8_bw="0" op_9_bw="0" op_10_bw="0" op_11_bw="32" op_12_bw="32" op_13_bw="32" op_14_bw="32" op_15_bw="0" op_16_bw="0">
<![CDATA[
entry:1 %specinterface_ln0 = specinterface void @_ssdm_op_SpecInterface, i8 %gmem2, void @empty_12, i32, i32, void @empty_21, i32, i32, void @empty_21, void @empty_21, void @empty_21, i32, i32, i32, i32, void @empty_21, void @empty_21

]]></Node>
<StgValue><ssdm name="specinterface_ln0"/></StgValue>
</operation>

<operation id="9" st_id="2" stage="1" lat="1">
<core>NULL</core>
<MemPortIdVec></MemPortIdVec>
<condition id="-1">
<or_exp><and_exp></and_exp></or_exp>
</condition>

<Node id="8" bw="0" op_0_bw="0" op_1_bw="64" op_2_bw="0" op_3_bw="32" op_4_bw="32" op_5_bw="0" op_6_bw="32" op_7_bw="32" op_8_bw="0" op_9_bw="0" op_10_bw="0" op_11_bw="32" op_12_bw="32" op_13_bw="32" op_14_bw="32" op_15_bw="0" op_16_bw="0">
<![CDATA[
entry:2 %specinterface_ln0 = specinterface void @_ssdm_op_SpecInterface, i64 %dstPtr, void @ap_fifo_str, i32, i32, void @p_str, i32, i32, void @p_str, void @p_str, void @p_str, i32, i32, i32, i32, void @p_str, void @ScalarProp_str

]]></Node>
<StgValue><ssdm name="specinterface_ln0"/></StgValue>
</operation>

<operation id="10" st_id="2" stage="1" lat="1">
<core>NULL</core>
<MemPortIdVec></MemPortIdVec>
<condition id="-1">
<or_exp><and_exp></and_exp></or_exp>
</condition>

<Node id="9" bw="0" op_0_bw="0" op_1_bw="32" op_2_bw="0" op_3_bw="32" op_4_bw="32" op_5_bw="0" op_6_bw="32" op_7_bw="32" op_8_bw="0" op_9_bw="0" op_10_bw="0" op_11_bw="32" op_12_bw="32" op_13_bw="32" op_14_bw="32" op_15_bw="0" op_16_bw="0">
<![CDATA[
entry:3 %specinterface_ln0 = specinterface void @_ssdm_op_SpecInterface, i32 %srcMat_1, void @ap_fifo_str, i32, i32, void @p_str, i32, i32, void @p_str, void @p_str, void @p_str, i32, i32, i32, i32, void @p_str, void @ScalarProp_str

]]></Node>
<StgValue><ssdm name="specinterface_ln0"/></StgValue>
</operation>

<operation id="11" st_id="2" stage="1" lat="1">
<core>NULL</core>
<MemPortIdVec></MemPortIdVec>
<condition id="-1">
<or_exp><and_exp></and_exp></or_exp>
</condition>

<Node id="10" bw="0" op_0_bw="0" op_1_bw="32" op_2_bw="0" op_3_bw="32" op_4_bw="32" op_5_bw="0" op_6_bw="32" op_7_bw="32" op_8_bw="0" op_9_bw="0" op_10_bw="0" op_11_bw="32" op_12_bw="32" op_13_bw="32" op_14_bw="32" op_15_bw="0" op_16_bw="0">
<![CDATA[
entry:4 %specinterface_ln0 = specinterface void @_ssdm_op_SpecInterface, i32 %srcMat_2, void @ap_fifo_str, i32, i32, void @p_str, i32, i32, void @p_str, void @p_str, void @p_str, i32, i32, i32, i32, void @p_str, void @ScalarProp_str

]]></Node>
<StgValue><ssdm name="specinterface_ln0"/></StgValue>
</operation>

<operation id="12" st_id="2" stage="1" lat="1">
<core>NULL</core>
<MemPortIdVec></MemPortIdVec>
<condition id="-1">
<or_exp><and_exp></and_exp></or_exp>
</condition>

<Node id="12" bw="0" op_0_bw="0" op_1_bw="8" op_2_bw="0" op_3_bw="32" op_4_bw="32" op_5_bw="0" op_6_bw="32" op_7_bw="32" op_8_bw="0" op_9_bw="0" op_10_bw="0" op_11_bw="32" op_12_bw="32" op_13_bw="32" op_14_bw="32" op_15_bw="0" op_16_bw="0">
<![CDATA[
entry:6 %specinterface_ln0 = specinterface void @_ssdm_op_SpecInterface, i8 %imgOutput_418, void @empty_0, i32, i32, void @empty_21, i32, i32, void @empty_21, void @empty_21, void @empty_21, i32, i32, i32, i32, void @empty_21, void @empty_21

]]></Node>
<StgValue><ssdm name="specinterface_ln0"/></StgValue>
</operation>

<operation id="13" st_id="2" stage="1" lat="1">
<core>NULL</core>
<MemPortIdVec></MemPortIdVec>
<condition id="-1">
<or_exp><and_exp></and_exp></or_exp>
</condition>

<Node id="13" bw="0" op_0_bw="0" op_1_bw="8" op_2_bw="0" op_3_bw="32" op_4_bw="32" op_5_bw="0" op_6_bw="32" op_7_bw="32" op_8_bw="0" op_9_bw="0" op_10_bw="0" op_11_bw="32" op_12_bw="32" op_13_bw="32" op_14_bw="32" op_15_bw="0" op_16_bw="0">
<![CDATA[
entry:7 %specinterface_ln0 = specinterface void @_ssdm_op_SpecInterface, i8 %gmem2, void @empty_12, i32, i32, void @empty_21, i32, i32, void @empty_21, void @empty_21, void @empty_21, i32, i32, i32, i32, void @empty_21, void @empty_21

]]></Node>
<StgValue><ssdm name="specinterface_ln0"/></StgValue>
</operation>

<operation id="14" st_id="2" stage="1" lat="2">
<core></core>
<MemPortIdVec></MemPortIdVec>
<condition id="-1">
<or_exp><and_exp></and_exp></or_exp>
</condition>

<Node id="16" bw="0" op_0_bw="0" op_1_bw="8" op_2_bw="8" op_3_bw="64" op_4_bw="32" op_5_bw="32">
<![CDATA[
entry:10 %call_ln1411 = call void @Mat2Axi, i8 %imgOutput_418, i8 %gmem2, i64 %dstPtr_read, i32 %srcMat_1_read, i32 %srcMat_2_read

]]></Node>
<StgValue><ssdm name="call_ln1411"/></StgValue>
</operation>

<operation id="15" st_id="2" stage="1" lat="1">
<core>NULL</core>
<MemPortIdVec></MemPortIdVec>
<condition id="-1">
<or_exp><and_exp></and_exp></or_exp>
</condition>

<Node id="17" bw="0">
<![CDATA[
entry:11 %ret_ln0 = ret

]]></Node>
<StgValue><ssdm name="ret_ln0"/></StgValue>
</operation>
</state>
</state_list>


<ports>
<port id="17" name="imgOutput_418" dir="0" iftype="3">
<core>FIFO_SRL</core><StgValue><ssdm name="imgOutput_418"/></StgValue>
</port>
<port id="18" name="gmem2" dir="1" iftype="4">
<core>NULL</core><StgValue><ssdm name="gmem2"/></StgValue>
</port>
<port id="19" name="srcMat_1" dir="0" iftype="3">
<core>FIFO_SRL</core><StgValue><ssdm name="srcMat_1"/></StgValue>
</port>
<port id="20" name="srcMat_2" dir="0" iftype="3">
<core>FIFO_SRL</core><StgValue><ssdm name="srcMat_2"/></StgValue>
</port>
<port id="21" name="dstPtr" dir="0" iftype="3">
<core>FIFO_SRL</core><StgValue><ssdm name="dstPtr"/></StgValue>
</port>
</ports>


<dataflows>
<dataflow id="23" from="_ssdm_op_Read.ap_fifo.i64P" to="dstPtr_read" fromId="22" toId="3">
</dataflow>
<dataflow id="24" from="dstPtr" to="dstPtr_read" fromId="21" toId="3">
</dataflow>
<dataflow id="26" from="_ssdm_op_Read.ap_fifo.i32P" to="srcMat_1_read" fromId="25" toId="4">
</dataflow>
<dataflow id="27" from="srcMat_1" to="srcMat_1_read" fromId="19" toId="4">
</dataflow>
<dataflow id="28" from="_ssdm_op_Read.ap_fifo.i32P" to="srcMat_2_read" fromId="25" toId="5">
</dataflow>
<dataflow id="29" from="srcMat_2" to="srcMat_2_read" fromId="20" toId="5">
</dataflow>
<dataflow id="31" from="Mat2Axi" to="call_ln1411" fromId="30" toId="6">
</dataflow>
<dataflow id="32" from="imgOutput_418" to="call_ln1411" fromId="17" toId="6">
</dataflow>
<dataflow id="33" from="gmem2" to="call_ln1411" fromId="18" toId="6">
</dataflow>
<dataflow id="34" from="dstPtr_read" to="call_ln1411" fromId="3" toId="6">
</dataflow>
<dataflow id="35" from="srcMat_1_read" to="call_ln1411" fromId="4" toId="6">
</dataflow>
<dataflow id="36" from="srcMat_2_read" to="call_ln1411" fromId="5" toId="6">
</dataflow>
<dataflow id="38" from="_ssdm_op_SpecInterface" to="specinterface_ln0" fromId="37" toId="7">
</dataflow>
<dataflow id="39" from="imgOutput_418" to="specinterface_ln0" fromId="17" toId="7">
</dataflow>
<dataflow id="41" from="empty_0" to="specinterface_ln0" fromId="40" toId="7">
</dataflow>
<dataflow id="43" from="StgValue_42" to="specinterface_ln0" fromId="42" toId="7">
</dataflow>
<dataflow id="44" from="StgValue_42" to="specinterface_ln0" fromId="42" toId="7">
</dataflow>
<dataflow id="46" from="empty_21" to="specinterface_ln0" fromId="45" toId="7">
</dataflow>
<dataflow id="47" from="StgValue_42" to="specinterface_ln0" fromId="42" toId="7">
</dataflow>
<dataflow id="48" from="StgValue_42" to="specinterface_ln0" fromId="42" toId="7">
</dataflow>
<dataflow id="49" from="empty_21" to="specinterface_ln0" fromId="45" toId="7">
</dataflow>
<dataflow id="50" from="empty_21" to="specinterface_ln0" fromId="45" toId="7">
</dataflow>
<dataflow id="51" from="empty_21" to="specinterface_ln0" fromId="45" toId="7">
</dataflow>
<dataflow id="52" from="StgValue_42" to="specinterface_ln0" fromId="42" toId="7">
</dataflow>
<dataflow id="53" from="StgValue_42" to="specinterface_ln0" fromId="42" toId="7">
</dataflow>
<dataflow id="54" from="StgValue_42" to="specinterface_ln0" fromId="42" toId="7">
</dataflow>
<dataflow id="55" from="StgValue_42" to="specinterface_ln0" fromId="42" toId="7">
</dataflow>
<dataflow id="56" from="empty_21" to="specinterface_ln0" fromId="45" toId="7">
</dataflow>
<dataflow id="57" from="empty_21" to="specinterface_ln0" fromId="45" toId="7">
</dataflow>
<dataflow id="58" from="_ssdm_op_SpecInterface" to="specinterface_ln0" fromId="37" toId="8">
</dataflow>
<dataflow id="59" from="gmem2" to="specinterface_ln0" fromId="18" toId="8">
</dataflow>
<dataflow id="61" from="empty_12" to="specinterface_ln0" fromId="60" toId="8">
</dataflow>
<dataflow id="62" from="StgValue_42" to="specinterface_ln0" fromId="42" toId="8">
</dataflow>
<dataflow id="63" from="StgValue_42" to="specinterface_ln0" fromId="42" toId="8">
</dataflow>
<dataflow id="64" from="empty_21" to="specinterface_ln0" fromId="45" toId="8">
</dataflow>
<dataflow id="65" from="StgValue_42" to="specinterface_ln0" fromId="42" toId="8">
</dataflow>
<dataflow id="67" from="StgValue_66" to="specinterface_ln0" fromId="66" toId="8">
</dataflow>
<dataflow id="68" from="empty_21" to="specinterface_ln0" fromId="45" toId="8">
</dataflow>
<dataflow id="69" from="empty_21" to="specinterface_ln0" fromId="45" toId="8">
</dataflow>
<dataflow id="70" from="empty_21" to="specinterface_ln0" fromId="45" toId="8">
</dataflow>
<dataflow id="72" from="StgValue_71" to="specinterface_ln0" fromId="71" toId="8">
</dataflow>
<dataflow id="73" from="StgValue_71" to="specinterface_ln0" fromId="71" toId="8">
</dataflow>
<dataflow id="74" from="StgValue_71" to="specinterface_ln0" fromId="71" toId="8">
</dataflow>
<dataflow id="75" from="StgValue_71" to="specinterface_ln0" fromId="71" toId="8">
</dataflow>
<dataflow id="76" from="empty_21" to="specinterface_ln0" fromId="45" toId="8">
</dataflow>
<dataflow id="77" from="empty_21" to="specinterface_ln0" fromId="45" toId="8">
</dataflow>
<dataflow id="78" from="_ssdm_op_SpecInterface" to="specinterface_ln0" fromId="37" toId="9">
</dataflow>
<dataflow id="79" from="dstPtr" to="specinterface_ln0" fromId="21" toId="9">
</dataflow>
<dataflow id="81" from="ap_fifo_str" to="specinterface_ln0" fromId="80" toId="9">
</dataflow>
<dataflow id="82" from="StgValue_42" to="specinterface_ln0" fromId="42" toId="9">
</dataflow>
<dataflow id="83" from="StgValue_42" to="specinterface_ln0" fromId="42" toId="9">
</dataflow>
<dataflow id="85" from="p_str" to="specinterface_ln0" fromId="84" toId="9">
</dataflow>
<dataflow id="86" from="StgValue_42" to="specinterface_ln0" fromId="42" toId="9">
</dataflow>
<dataflow id="87" from="StgValue_42" to="specinterface_ln0" fromId="42" toId="9">
</dataflow>
<dataflow id="88" from="p_str" to="specinterface_ln0" fromId="84" toId="9">
</dataflow>
<dataflow id="89" from="p_str" to="specinterface_ln0" fromId="84" toId="9">
</dataflow>
<dataflow id="90" from="p_str" to="specinterface_ln0" fromId="84" toId="9">
</dataflow>
<dataflow id="92" from="StgValue_91" to="specinterface_ln0" fromId="91" toId="9">
</dataflow>
<dataflow id="93" from="StgValue_91" to="specinterface_ln0" fromId="91" toId="9">
</dataflow>
<dataflow id="94" from="StgValue_71" to="specinterface_ln0" fromId="71" toId="9">
</dataflow>
<dataflow id="95" from="StgValue_71" to="specinterface_ln0" fromId="71" toId="9">
</dataflow>
<dataflow id="96" from="p_str" to="specinterface_ln0" fromId="84" toId="9">
</dataflow>
<dataflow id="98" from="ScalarProp_str" to="specinterface_ln0" fromId="97" toId="9">
</dataflow>
<dataflow id="99" from="_ssdm_op_SpecInterface" to="specinterface_ln0" fromId="37" toId="10">
</dataflow>
<dataflow id="100" from="srcMat_1" to="specinterface_ln0" fromId="19" toId="10">
</dataflow>
<dataflow id="101" from="ap_fifo_str" to="specinterface_ln0" fromId="80" toId="10">
</dataflow>
<dataflow id="102" from="StgValue_42" to="specinterface_ln0" fromId="42" toId="10">
</dataflow>
<dataflow id="103" from="StgValue_42" to="specinterface_ln0" fromId="42" toId="10">
</dataflow>
<dataflow id="104" from="p_str" to="specinterface_ln0" fromId="84" toId="10">
</dataflow>
<dataflow id="105" from="StgValue_42" to="specinterface_ln0" fromId="42" toId="10">
</dataflow>
<dataflow id="106" from="StgValue_42" to="specinterface_ln0" fromId="42" toId="10">
</dataflow>
<dataflow id="107" from="p_str" to="specinterface_ln0" fromId="84" toId="10">
</dataflow>
<dataflow id="108" from="p_str" to="specinterface_ln0" fromId="84" toId="10">
</dataflow>
<dataflow id="109" from="p_str" to="specinterface_ln0" fromId="84" toId="10">
</dataflow>
<dataflow id="110" from="StgValue_91" to="specinterface_ln0" fromId="91" toId="10">
</dataflow>
<dataflow id="111" from="StgValue_91" to="specinterface_ln0" fromId="91" toId="10">
</dataflow>
<dataflow id="112" from="StgValue_71" to="specinterface_ln0" fromId="71" toId="10">
</dataflow>
<dataflow id="113" from="StgValue_71" to="specinterface_ln0" fromId="71" toId="10">
</dataflow>
<dataflow id="114" from="p_str" to="specinterface_ln0" fromId="84" toId="10">
</dataflow>
<dataflow id="115" from="ScalarProp_str" to="specinterface_ln0" fromId="97" toId="10">
</dataflow>
<dataflow id="116" from="_ssdm_op_SpecInterface" to="specinterface_ln0" fromId="37" toId="11">
</dataflow>
<dataflow id="117" from="srcMat_2" to="specinterface_ln0" fromId="20" toId="11">
</dataflow>
<dataflow id="118" from="ap_fifo_str" to="specinterface_ln0" fromId="80" toId="11">
</dataflow>
<dataflow id="119" from="StgValue_42" to="specinterface_ln0" fromId="42" toId="11">
</dataflow>
<dataflow id="120" from="StgValue_42" to="specinterface_ln0" fromId="42" toId="11">
</dataflow>
<dataflow id="121" from="p_str" to="specinterface_ln0" fromId="84" toId="11">
</dataflow>
<dataflow id="122" from="StgValue_42" to="specinterface_ln0" fromId="42" toId="11">
</dataflow>
<dataflow id="123" from="StgValue_42" to="specinterface_ln0" fromId="42" toId="11">
</dataflow>
<dataflow id="124" from="p_str" to="specinterface_ln0" fromId="84" toId="11">
</dataflow>
<dataflow id="125" from="p_str" to="specinterface_ln0" fromId="84" toId="11">
</dataflow>
<dataflow id="126" from="p_str" to="specinterface_ln0" fromId="84" toId="11">
</dataflow>
<dataflow id="127" from="StgValue_91" to="specinterface_ln0" fromId="91" toId="11">
</dataflow>
<dataflow id="128" from="StgValue_91" to="specinterface_ln0" fromId="91" toId="11">
</dataflow>
<dataflow id="129" from="StgValue_71" to="specinterface_ln0" fromId="71" toId="11">
</dataflow>
<dataflow id="130" from="StgValue_71" to="specinterface_ln0" fromId="71" toId="11">
</dataflow>
<dataflow id="131" from="p_str" to="specinterface_ln0" fromId="84" toId="11">
</dataflow>
<dataflow id="132" from="ScalarProp_str" to="specinterface_ln0" fromId="97" toId="11">
</dataflow>
<dataflow id="133" from="_ssdm_op_SpecInterface" to="specinterface_ln0" fromId="37" toId="12">
</dataflow>
<dataflow id="134" from="imgOutput_418" to="specinterface_ln0" fromId="17" toId="12">
</dataflow>
<dataflow id="135" from="empty_0" to="specinterface_ln0" fromId="40" toId="12">
</dataflow>
<dataflow id="136" from="StgValue_42" to="specinterface_ln0" fromId="42" toId="12">
</dataflow>
<dataflow id="137" from="StgValue_42" to="specinterface_ln0" fromId="42" toId="12">
</dataflow>
<dataflow id="138" from="empty_21" to="specinterface_ln0" fromId="45" toId="12">
</dataflow>
<dataflow id="139" from="StgValue_42" to="specinterface_ln0" fromId="42" toId="12">
</dataflow>
<dataflow id="140" from="StgValue_42" to="specinterface_ln0" fromId="42" toId="12">
</dataflow>
<dataflow id="141" from="empty_21" to="specinterface_ln0" fromId="45" toId="12">
</dataflow>
<dataflow id="142" from="empty_21" to="specinterface_ln0" fromId="45" toId="12">
</dataflow>
<dataflow id="143" from="empty_21" to="specinterface_ln0" fromId="45" toId="12">
</dataflow>
<dataflow id="144" from="StgValue_42" to="specinterface_ln0" fromId="42" toId="12">
</dataflow>
<dataflow id="145" from="StgValue_42" to="specinterface_ln0" fromId="42" toId="12">
</dataflow>
<dataflow id="146" from="StgValue_42" to="specinterface_ln0" fromId="42" toId="12">
</dataflow>
<dataflow id="147" from="StgValue_42" to="specinterface_ln0" fromId="42" toId="12">
</dataflow>
<dataflow id="148" from="empty_21" to="specinterface_ln0" fromId="45" toId="12">
</dataflow>
<dataflow id="149" from="empty_21" to="specinterface_ln0" fromId="45" toId="12">
</dataflow>
<dataflow id="150" from="_ssdm_op_SpecInterface" to="specinterface_ln0" fromId="37" toId="13">
</dataflow>
<dataflow id="151" from="gmem2" to="specinterface_ln0" fromId="18" toId="13">
</dataflow>
<dataflow id="152" from="empty_12" to="specinterface_ln0" fromId="60" toId="13">
</dataflow>
<dataflow id="153" from="StgValue_42" to="specinterface_ln0" fromId="42" toId="13">
</dataflow>
<dataflow id="154" from="StgValue_42" to="specinterface_ln0" fromId="42" toId="13">
</dataflow>
<dataflow id="155" from="empty_21" to="specinterface_ln0" fromId="45" toId="13">
</dataflow>
<dataflow id="156" from="StgValue_42" to="specinterface_ln0" fromId="42" toId="13">
</dataflow>
<dataflow id="157" from="StgValue_66" to="specinterface_ln0" fromId="66" toId="13">
</dataflow>
<dataflow id="158" from="empty_21" to="specinterface_ln0" fromId="45" toId="13">
</dataflow>
<dataflow id="159" from="empty_21" to="specinterface_ln0" fromId="45" toId="13">
</dataflow>
<dataflow id="160" from="empty_21" to="specinterface_ln0" fromId="45" toId="13">
</dataflow>
<dataflow id="161" from="StgValue_71" to="specinterface_ln0" fromId="71" toId="13">
</dataflow>
<dataflow id="162" from="StgValue_71" to="specinterface_ln0" fromId="71" toId="13">
</dataflow>
<dataflow id="163" from="StgValue_71" to="specinterface_ln0" fromId="71" toId="13">
</dataflow>
<dataflow id="164" from="StgValue_71" to="specinterface_ln0" fromId="71" toId="13">
</dataflow>
<dataflow id="165" from="empty_21" to="specinterface_ln0" fromId="45" toId="13">
</dataflow>
<dataflow id="166" from="empty_21" to="specinterface_ln0" fromId="45" toId="13">
</dataflow>
<dataflow id="167" from="Mat2Axi" to="call_ln1411" fromId="30" toId="14">
</dataflow>
<dataflow id="168" from="imgOutput_418" to="call_ln1411" fromId="17" toId="14">
</dataflow>
<dataflow id="169" from="gmem2" to="call_ln1411" fromId="18" toId="14">
</dataflow>
<dataflow id="170" from="dstPtr_read" to="call_ln1411" fromId="3" toId="14">
</dataflow>
<dataflow id="171" from="srcMat_1_read" to="call_ln1411" fromId="4" toId="14">
</dataflow>
<dataflow id="172" from="srcMat_2_read" to="call_ln1411" fromId="5" toId="14">
</dataflow>
</dataflows>


</stg>
