<?xml version="1.0" encoding="UTF-8"?>
<vivadoHLSLog:LogRoot xmlns:vivadoHLSLog="www.xilinx.com/vivadoHLSLog">
  <errorLogs>
    <logs>
      <synLog/>
      <simLog/>
      <mgLog/>
      <packageLog/>
      <csimLog>
        <logs message="ERROR: [SIM 211-100] CSim file generation failed: compilation error(s)." projectName="erosion" solutionName="solution1" date="2021-01-22T14:39:34.250+0800"/>
        <logs message="ERROR: [SIM 211-100] CSim file generation failed: compilation error(s)." projectName="erosion" solutionName="solution1" date="2021-01-22T14:38:04.960+0800"/>
        <logs message="ERROR: [SIM 211-100] CSim file generation failed: compilation error(s)." projectName="erosion" solutionName="solution1" date="2021-01-22T14:37:14.515+0800"/>
        <logs message="ERROR: [SIM 211-100] CSim file generation failed: compilation error(s)." projectName="erosion" solutionName="solution1" date="2021-01-22T14:31:09.625+0800"/>
        <logs message="ERROR: [SIM 211-100] CSim file generation failed: compilation error(s)." projectName="erosion" solutionName="solution1" date="2021-01-22T14:30:09.920+0800"/>
        <logs message="ERROR: [SIM 211-100] CSim file generation failed: compilation error(s)." projectName="erosion" solutionName="solution1" date="2021-01-22T14:28:46.530+0800"/>
        <logs message="ERROR: [SIM 211-100] CSim file generation failed: compilation error(s)." projectName="erosion" solutionName="solution1" date="2021-01-22T14:25:02.196+0800"/>
        <logs message="ERROR: [SIM 211-100] CSim file generation failed: compilation error(s)." projectName="erosion" solutionName="solution1" date="2021-01-22T14:21:44.425+0800"/>
      </csimLog>
    </logs>
  </errorLogs>
  <warningLogs>
    <logs>
      <synLog>
        <logs message="WARNING: [RTGEN 206-101] RTL name 'fifo_w8_d2_S' is changed to 'fifo_w8_d2_S_x0' due to conflict." projectName="erosion" solutionName="solution1" date="2021-01-22T14:17:07.753+0800" type="Warning"/>
        <logs message="WARNING: [RTGEN 206-101] RTL name 'fifo_w32_d4_S' is changed to 'fifo_w32_d4_S_x' due to conflict." projectName="erosion" solutionName="solution1" date="2021-01-22T14:17:07.702+0800" type="Warning"/>
        <logs message="WARNING: [RTGEN 206-101] RTL name 'fifo_w32_d2_S' is changed to 'fifo_w32_d2_S_x1' due to conflict." projectName="erosion" solutionName="solution1" date="2021-01-22T14:17:07.683+0800" type="Warning"/>
        <logs message="WARNING: [RTGEN 206-101] RTL name 'fifo_w64_d2_S' is changed to 'fifo_w64_d2_S_x' due to conflict." projectName="erosion" solutionName="solution1" date="2021-01-22T14:17:07.662+0800" type="Warning"/>
        <logs message="WARNING: [RTGEN 206-101] Design contains AXI ports. Reset is fixed to synchronous and active low." projectName="erosion" solutionName="solution1" date="2021-01-22T14:17:07.413+0800" type="Warning"/>
        <logs message="WARNING: [RTGEN 206-101] Setting dangling out port 'Mat2Axi/m_axi_gmem2_RREADY' to 0." projectName="erosion" solutionName="solution1" date="2021-01-22T14:17:06.710+0800" type="Warning"/>
        <logs message="WARNING: [RTGEN 206-101] Setting dangling out port 'Mat2Axi/m_axi_gmem2_ARUSER' to 0." projectName="erosion" solutionName="solution1" date="2021-01-22T14:17:06.685+0800" type="Warning"/>
        <logs message="WARNING: [RTGEN 206-101] Setting dangling out port 'Mat2Axi/m_axi_gmem2_ARREGION' to 0." projectName="erosion" solutionName="solution1" date="2021-01-22T14:17:06.664+0800" type="Warning"/>
        <logs message="WARNING: [RTGEN 206-101] Setting dangling out port 'Mat2Axi/m_axi_gmem2_ARQOS' to 0." projectName="erosion" solutionName="solution1" date="2021-01-22T14:17:06.643+0800" type="Warning"/>
        <logs message="WARNING: [RTGEN 206-101] Setting dangling out port 'Mat2Axi/m_axi_gmem2_ARPROT' to 0." projectName="erosion" solutionName="solution1" date="2021-01-22T14:17:06.623+0800" type="Warning"/>
        <logs message="WARNING: [RTGEN 206-101] Setting dangling out port 'Mat2Axi/m_axi_gmem2_ARCACHE' to 0." projectName="erosion" solutionName="solution1" date="2021-01-22T14:17:06.602+0800" type="Warning"/>
        <logs message="WARNING: [RTGEN 206-101] Setting dangling out port 'Mat2Axi/m_axi_gmem2_ARLOCK' to 0." projectName="erosion" solutionName="solution1" date="2021-01-22T14:17:06.583+0800" type="Warning"/>
        <logs message="WARNING: [RTGEN 206-101] Setting dangling out port 'Mat2Axi/m_axi_gmem2_ARBURST' to 0." projectName="erosion" solutionName="solution1" date="2021-01-22T14:17:06.569+0800" type="Warning"/>
        <logs message="WARNING: [RTGEN 206-101] Setting dangling out port 'Mat2Axi/m_axi_gmem2_ARSIZE' to 0." projectName="erosion" solutionName="solution1" date="2021-01-22T14:17:06.543+0800" type="Warning"/>
        <logs message="WARNING: [RTGEN 206-101] Setting dangling out port 'Mat2Axi/m_axi_gmem2_ARLEN' to 0." projectName="erosion" solutionName="solution1" date="2021-01-22T14:17:06.524+0800" type="Warning"/>
        <logs message="WARNING: [RTGEN 206-101] Setting dangling out port 'Mat2Axi/m_axi_gmem2_ARID' to 0." projectName="erosion" solutionName="solution1" date="2021-01-22T14:17:06.507+0800" type="Warning"/>
        <logs message="WARNING: [RTGEN 206-101] Setting dangling out port 'Mat2Axi/m_axi_gmem2_ARADDR' to 0." projectName="erosion" solutionName="solution1" date="2021-01-22T14:17:06.485+0800" type="Warning"/>
        <logs message="WARNING: [RTGEN 206-101] Setting dangling out port 'Mat2Axi/m_axi_gmem2_ARVALID' to 0." projectName="erosion" solutionName="solution1" date="2021-01-22T14:17:06.465+0800" type="Warning"/>
        <logs message="WARNING: [RTGEN 206-101] RTL name 'fifo_w8_d2_S' is changed to 'fifo_w8_d2_S_x' due to conflict." projectName="erosion" solutionName="solution1" date="2021-01-22T14:17:06.445+0800" type="Warning"/>
        <logs message="WARNING: [RTGEN 206-101] RTL name 'fifo_w32_d2_S' is changed to 'fifo_w32_d2_S_x0' due to conflict." projectName="erosion" solutionName="solution1" date="2021-01-22T14:17:06.425+0800" type="Warning"/>
        <logs message="WARNING: [RTGEN 206-101] RTL name 'fifo_w15_d2_S' is changed to 'fifo_w15_d2_S_x' due to conflict." projectName="erosion" solutionName="solution1" date="2021-01-22T14:17:06.404+0800" type="Warning"/>
        <logs message="WARNING: [RTGEN 206-101] RTL name 'fifo_w64_d4_S' is changed to 'fifo_w64_d4_S_x' due to conflict." projectName="erosion" solutionName="solution1" date="2021-01-22T14:17:06.385+0800" type="Warning"/>
        <logs message="WARNING: [RTGEN 206-101] RTL name 'fifo_w32_d2_S' is changed to 'fifo_w32_d2_S_x' due to conflict." projectName="erosion" solutionName="solution1" date="2021-01-22T14:17:05.727+0800" type="Warning"/>
        <logs message="WARNING: [RTGEN 206-101] Setting dangling out port 'Axi2Mat/m_axi_gmem0_BREADY' to 0." projectName="erosion" solutionName="solution1" date="2021-01-22T14:17:02.194+0800" type="Warning"/>
        <logs message="WARNING: [RTGEN 206-101] Setting dangling out port 'Axi2Mat/m_axi_gmem0_WUSER' to 0." projectName="erosion" solutionName="solution1" date="2021-01-22T14:17:02.167+0800" type="Warning"/>
        <logs message="WARNING: [RTGEN 206-101] Setting dangling out port 'Axi2Mat/m_axi_gmem0_WID' to 0." projectName="erosion" solutionName="solution1" date="2021-01-22T14:17:02.148+0800" type="Warning"/>
        <logs message="WARNING: [RTGEN 206-101] Setting dangling out port 'Axi2Mat/m_axi_gmem0_WLAST' to 0." projectName="erosion" solutionName="solution1" date="2021-01-22T14:17:02.129+0800" type="Warning"/>
        <logs message="WARNING: [RTGEN 206-101] Setting dangling out port 'Axi2Mat/m_axi_gmem0_WSTRB' to 0." projectName="erosion" solutionName="solution1" date="2021-01-22T14:17:02.110+0800" type="Warning"/>
        <logs message="WARNING: [RTGEN 206-101] Setting dangling out port 'Axi2Mat/m_axi_gmem0_WDATA' to 0." projectName="erosion" solutionName="solution1" date="2021-01-22T14:17:02.091+0800" type="Warning"/>
        <logs message="WARNING: [RTGEN 206-101] Setting dangling out port 'Axi2Mat/m_axi_gmem0_WVALID' to 0." projectName="erosion" solutionName="solution1" date="2021-01-22T14:17:02.072+0800" type="Warning"/>
        <logs message="WARNING: [RTGEN 206-101] Setting dangling out port 'Axi2Mat/m_axi_gmem0_AWUSER' to 0." projectName="erosion" solutionName="solution1" date="2021-01-22T14:17:02.053+0800" type="Warning"/>
        <logs message="WARNING: [RTGEN 206-101] Setting dangling out port 'Axi2Mat/m_axi_gmem0_AWREGION' to 0." projectName="erosion" solutionName="solution1" date="2021-01-22T14:17:02.034+0800" type="Warning"/>
        <logs message="WARNING: [RTGEN 206-101] Setting dangling out port 'Axi2Mat/m_axi_gmem0_AWQOS' to 0." projectName="erosion" solutionName="solution1" date="2021-01-22T14:17:02.016+0800" type="Warning"/>
        <logs message="WARNING: [RTGEN 206-101] Setting dangling out port 'Axi2Mat/m_axi_gmem0_AWPROT' to 0." projectName="erosion" solutionName="solution1" date="2021-01-22T14:17:02.003+0800" type="Warning"/>
        <logs message="WARNING: [RTGEN 206-101] Setting dangling out port 'Axi2Mat/m_axi_gmem0_AWCACHE' to 0." projectName="erosion" solutionName="solution1" date="2021-01-22T14:17:01.979+0800" type="Warning"/>
        <logs message="WARNING: [RTGEN 206-101] Setting dangling out port 'Axi2Mat/m_axi_gmem0_AWLOCK' to 0." projectName="erosion" solutionName="solution1" date="2021-01-22T14:17:01.960+0800" type="Warning"/>
        <logs message="WARNING: [RTGEN 206-101] Setting dangling out port 'Axi2Mat/m_axi_gmem0_AWBURST' to 0." projectName="erosion" solutionName="solution1" date="2021-01-22T14:17:01.941+0800" type="Warning"/>
        <logs message="WARNING: [RTGEN 206-101] Setting dangling out port 'Axi2Mat/m_axi_gmem0_AWSIZE' to 0." projectName="erosion" solutionName="solution1" date="2021-01-22T14:17:01.922+0800" type="Warning"/>
        <logs message="WARNING: [RTGEN 206-101] Setting dangling out port 'Axi2Mat/m_axi_gmem0_AWLEN' to 0." projectName="erosion" solutionName="solution1" date="2021-01-22T14:17:01.904+0800" type="Warning"/>
        <logs message="WARNING: [RTGEN 206-101] Setting dangling out port 'Axi2Mat/m_axi_gmem0_AWID' to 0." projectName="erosion" solutionName="solution1" date="2021-01-22T14:17:01.885+0800" type="Warning"/>
        <logs message="WARNING: [RTGEN 206-101] Setting dangling out port 'Axi2Mat/m_axi_gmem0_AWADDR' to 0." projectName="erosion" solutionName="solution1" date="2021-01-22T14:17:01.866+0800" type="Warning"/>
        <logs message="WARNING: [RTGEN 206-101] Setting dangling out port 'Axi2Mat/m_axi_gmem0_AWVALID' to 0." projectName="erosion" solutionName="solution1" date="2021-01-22T14:17:01.848+0800" type="Warning"/>
        <logs message="WARNING: [HLS 200-1019] Consider increasing the depth of PIPO p_kernel (from Loop_VITIS_LOOP_35_1_proc_U0 to erode_0_0_128_128_2_3_3_1_1_U0) to 3 to improve performance and/or avoid deadlocks." projectName="erosion" solutionName="solution1" date="2021-01-22T14:16:58.397+0800" type="Warning"/>
        <logs message="WARNING: [HLS 200-1018] Consider increasing the depth of FIFO ldata (from Mat2AxiStream_U0 to AxiStream2Axi_U0) to 3 to improve performance and/or avoid deadlocks." projectName="erosion" solutionName="solution1" date="2021-01-22T14:16:57.489+0800" type="Warning"/>
        <logs message="WARNING: [BIND 205-102] The specified resource core for memory 'buf_2_V' will be ignored if a simpler one can be used." projectName="erosion" solutionName="solution1" date="2021-01-22T14:16:53.659+0800" type="Warning"/>
        <logs message="WARNING: [BIND 205-102] The specified resource core for memory 'buf_0_V' will be ignored if a simpler one can be used." projectName="erosion" solutionName="solution1" date="2021-01-22T14:16:53.643+0800" type="Warning"/>
        <logs message="WARNING: [BIND 205-102] The specified resource core for memory 'buf_1_V' will be ignored if a simpler one can be used." projectName="erosion" solutionName="solution1" date="2021-01-22T14:16:53.628+0800" type="Warning"/>
        <logs message="WARNING: [HLS 200-1020] Increasing the depth of FIFO last_blk_width_c (from last_blk_pxl_width17_U0 to AxiStream2MatStream_U0) to 6 to improve performance and/or avoid deadlocks." projectName="erosion" solutionName="solution1" date="2021-01-22T14:16:52.005+0800" type="Warning"/>
        <logs message="WARNING: [SYN 201-103] Legalizing function name 'xfMat2Array&lt;8, 0, 128, 128, 1>' to 'xfMat2Array_8_0_128_128_1_s'." projectName="erosion" solutionName="solution1" date="2021-01-22T14:16:47.935+0800" type="Warning"/>
        <logs message="WARNING: [SYN 201-103] Legalizing function name 'Mat2Axi_Block_.split13_proc' to 'Mat2Axi_Block_split13_proc'." projectName="erosion" solutionName="solution1" date="2021-01-22T14:16:47.893+0800" type="Warning"/>
        <logs message="WARNING: [SYN 201-103] Legalizing function name 'Mat2Axi.entry34' to 'Mat2Axi_entry34'." projectName="erosion" solutionName="solution1" date="2021-01-22T14:16:47.884+0800" type="Warning"/>
        <logs message="WARNING: [SYN 201-103] Legalizing function name 'erode&lt;0, 0, 128, 128, 2, 3, 3, 1, 1>' to 'erode_0_0_128_128_2_3_3_1_1_s'." projectName="erosion" solutionName="solution1" date="2021-01-22T14:16:47.865+0800" type="Warning"/>
        <logs message="WARNING: [SYN 201-103] Legalizing function name 'xferode&lt;128, 128, 1, 0, 1, 0, 129, 3, 3>' to 'xferode_128_128_1_0_1_0_129_3_3_s'." projectName="erosion" solutionName="solution1" date="2021-01-22T14:16:47.851+0800" type="Warning"/>
        <logs message="WARNING: [SYN 201-103] Legalizing function name 'xfExtractPixels&lt;1, 1, 0>' to 'xfExtractPixels_1_1_0_s'." projectName="erosion" solutionName="solution1" date="2021-01-22T14:16:47.838+0800" type="Warning"/>
        <logs message="WARNING: [SYN 201-103] Legalizing function name 'Array2xfMat&lt;8, 0, 128, 128, 1>' to 'Array2xfMat_8_0_128_128_1_s'." projectName="erosion" solutionName="solution1" date="2021-01-22T14:16:47.829+0800" type="Warning"/>
        <logs message="WARNING: [SYN 201-103] Legalizing function name 'Axi2Mat_Block_.split15_proc' to 'Axi2Mat_Block_split15_proc'." projectName="erosion" solutionName="solution1" date="2021-01-22T14:16:47.814+0800" type="Warning"/>
        <logs message="WARNING: [SYN 201-103] Legalizing function name 'Axi2Mat.entry25' to 'Axi2Mat_entry25'." projectName="erosion" solutionName="solution1" date="2021-01-22T14:16:47.795+0800" type="Warning"/>
        <logs message="WARNING: [SYN 201-103] Legalizing function name 'Axi2Mat.entry3' to 'Axi2Mat_entry3'." projectName="erosion" solutionName="solution1" date="2021-01-22T14:16:47.783+0800" type="Warning"/>
        <logs message="WARNING: [SYN 201-103] Legalizing function name 'Block_.split2_proc' to 'Block_split2_proc'." projectName="erosion" solutionName="solution1" date="2021-01-22T14:16:47.769+0800" type="Warning"/>
        <logs message="WARNING: [SYN 201-103] Legalizing function name 'erosion_accel.entry39' to 'erosion_accel_entry39'." projectName="erosion" solutionName="solution1" date="2021-01-22T14:16:47.756+0800" type="Warning"/>
        <logs message="WARNING: [HLS 200-1449] Process Array2xfMat&lt;8, 0, 128, 128, 1> has both a predecessor and reads an input from its caller (see the GUI dataflow viewer). This may lead to lower throughput. Consider copying this input via a predecessor process." projectName="erosion" solutionName="solution1" date="2021-01-22T14:16:47.703+0800" type="Warning"/>
        <logs message="WARNING: [HLS 200-1449] Process Loop_VITIS_LOOP_35_1_proc has both a predecessor and reads an input from its caller (see the GUI dataflow viewer). This may lead to lower throughput. Consider copying this input via a predecessor process." projectName="erosion" solutionName="solution1" date="2021-01-22T14:16:47.691+0800" type="Warning"/>
        <logs message="WARNING: [HLS 200-1449] Process Mat2AxiStream has both a predecessor and reads an input from its caller (see the GUI dataflow viewer). This may lead to lower throughput. Consider copying this input via a predecessor process." projectName="erosion" solutionName="solution1" date="2021-01-22T14:16:47.673+0800" type="Warning"/>
        <logs message="WARNING: [HLS 200-1449] Process MatStream2AxiStream has both a predecessor and reads an input from its caller (see the GUI dataflow viewer). This may lead to lower throughput. Consider copying this input via a predecessor process." projectName="erosion" solutionName="solution1" date="2021-01-22T14:16:47.656+0800" type="Warning"/>
        <logs message="WARNING: [HLS 200-1449] Process Axi2AxiStream has both a predecessor and reads an input from its caller (see the GUI dataflow viewer). This may lead to lower throughput. Consider copying this input via a predecessor process." projectName="erosion" solutionName="solution1" date="2021-01-22T14:16:47.639+0800" type="Warning"/>
        <logs message="WARNING: [XFORM 203-631] Renaming function 'xf::cv::Array2xfMat&lt;8, 0, 128, 128, 1>' to 'Array2xfMat&lt;8, 0, 128, 128, 1>' (F:/Vitis_Libraries/vision/L1/include\common/xf_structs.hpp:1192:9)" projectName="erosion" solutionName="solution1" date="2021-01-22T14:16:46.522+0800" type="Warning"/>
        <logs message="WARNING: [XFORM 203-631] Renaming function 'xf::cv::MMIter&lt;8, 0, 128, 128, 1, 2>::addrbound' to 'addrbound' (F:/Vitis_Libraries/vision/L1/include\common/xf_structs.hpp:976:29)" projectName="erosion" solutionName="solution1" date="2021-01-22T14:16:46.079+0800" type="Warning"/>
        <logs message="WARNING: [XFORM 203-631] Renaming function 'xf::cv::MMIter&lt;8, 0, 128, 128, 1, 2>::addrbound18' to 'addrbound18' (F:/Vitis_Libraries/vision/L1/include\common/xf_structs.hpp:976:30)" projectName="erosion" solutionName="solution1" date="2021-01-22T14:16:46.069+0800" type="Warning"/>
        <logs message="WARNING: [XFORM 203-631] Renaming function 'xf::cv::MMIter&lt;8, 0, 128, 128, 1, 2>::last_blk_pxl_width17' to 'last_blk_pxl_width17' (F:/Vitis_Libraries/vision/L1/include\common/xf_structs.hpp:1115:13)" projectName="erosion" solutionName="solution1" date="2021-01-22T14:16:46.051+0800" type="Warning"/>
        <logs message="WARNING: [XFORM 203-631] Renaming function 'xf::cv::MMIter&lt;8, 0, 128, 128, 1, 2>::last_blk_pxl_width31' to 'last_blk_pxl_width31' (F:/Vitis_Libraries/vision/L1/include\common/xf_structs.hpp:1274:6)" projectName="erosion" solutionName="solution1" date="2021-01-22T14:16:46.042+0800" type="Warning"/>
        <logs message="WARNING: [XFORM 203-631] Renaming function 'xf::cv::MMIterIn&lt;8, 0, 128, 128, 1, 2>::Axi2AxiStream' to 'Axi2AxiStream' (F:/Vitis_Libraries/vision/L1/include\common/xf_structs.hpp:1000)" projectName="erosion" solutionName="solution1" date="2021-01-22T14:16:46.025+0800" type="Warning"/>
        <logs message="WARNING: [XFORM 203-631] Renaming function 'xf::cv::MMIterIn&lt;8, 0, 128, 128, 1, 2>::Axi2Mat' to 'Axi2Mat' (F:/Vitis_Libraries/vision/L1/include\common/xf_structs.hpp:1107:5)" projectName="erosion" solutionName="solution1" date="2021-01-22T14:16:46.016+0800" type="Warning"/>
        <logs message="WARNING: [XFORM 203-631] Renaming function 'xf::cv::MMIterIn&lt;8, 0, 128, 128, 1, 2>::Axi2Mat.entry25' to 'Axi2Mat.entry25' " projectName="erosion" solutionName="solution1" date="2021-01-22T14:16:46.008+0800" type="Warning"/>
        <logs message="WARNING: [XFORM 203-631] Renaming function 'xf::cv::MMIterIn&lt;8, 0, 128, 128, 1, 2>::Axi2Mat_Block_.split15_proc' to 'Axi2Mat_Block_.split15_proc' " projectName="erosion" solutionName="solution1" date="2021-01-22T14:16:46.000+0800" type="Warning"/>
        <logs message="WARNING: [XFORM 203-631] Renaming function 'xf::cv::MMIterIn&lt;8, 0, 128, 128, 1, 2>::AxiStream2MatStream' to 'AxiStream2MatStream' (F:/Vitis_Libraries/vision/L1/include\common/xf_structs.hpp:145:23)" projectName="erosion" solutionName="solution1" date="2021-01-22T14:16:45.992+0800" type="Warning"/>
        <logs message="WARNING: [XFORM 203-631] Renaming function 'xf::cv::MMIterOut&lt;8, 0, 128, 128, 1, 2>::AxiStream2Axi' to 'AxiStream2Axi' (F:/Vitis_Libraries/vision/L1/include\common/xf_structs.hpp:1302)" projectName="erosion" solutionName="solution1" date="2021-01-22T14:16:45.959+0800" type="Warning"/>
        <logs message="WARNING: [XFORM 203-631] Renaming function 'xf::cv::MMIterOut&lt;8, 0, 128, 128, 1, 2>::Mat2Axi' to 'Mat2Axi' (F:/Vitis_Libraries/vision/L1/include\common/xf_structs.hpp:1331:5)" projectName="erosion" solutionName="solution1" date="2021-01-22T14:16:45.946+0800" type="Warning"/>
        <logs message="WARNING: [XFORM 203-631] Renaming function 'xf::cv::MMIterOut&lt;8, 0, 128, 128, 1, 2>::Mat2Axi.entry34' to 'Mat2Axi.entry34' " projectName="erosion" solutionName="solution1" date="2021-01-22T14:16:45.933+0800" type="Warning"/>
        <logs message="WARNING: [XFORM 203-631] Renaming function 'xf::cv::MMIterOut&lt;8, 0, 128, 128, 1, 2>::Mat2AxiStream' to 'Mat2AxiStream' (F:/Vitis_Libraries/vision/L1/include\common/xf_structs.hpp:1274:29)" projectName="erosion" solutionName="solution1" date="2021-01-22T14:16:45.922+0800" type="Warning"/>
        <logs message="WARNING: [XFORM 203-631] Renaming function 'xf::cv::MMIterOut&lt;8, 0, 128, 128, 1, 2>::Mat2Axi_Block_.split13_proc' to 'Mat2Axi_Block_.split13_proc' " projectName="erosion" solutionName="solution1" date="2021-01-22T14:16:45.914+0800" type="Warning"/>
        <logs message="WARNING: [XFORM 203-631] Renaming function 'xf::cv::MMIterOut&lt;8, 0, 128, 128, 1, 2>::MatStream2AxiStream' to 'MatStream2AxiStream' (F:/xilinx_2020.1/Vitis/2020.1/common/technology/autopilot/hls_stream_39.h:145:9)" projectName="erosion" solutionName="solution1" date="2021-01-22T14:16:45.895+0800" type="Warning"/>
        <logs message="WARNING: [XFORM 203-631] Renaming function 'xf::cv::erode&lt;0, 0, 128, 128, 2, 3, 3, 1, 1>' to 'erode&lt;0, 0, 128, 128, 2, 3, 3, 1, 1>' (F:/Vitis_Libraries/vision/L1/include\imgproc/xf_erosion.hpp:344:30)" projectName="erosion" solutionName="solution1" date="2021-01-22T14:16:45.882+0800" type="Warning"/>
        <logs message="WARNING: [XFORM 203-631] Renaming function 'xf::cv::xfExtractPixels&lt;1, 1, 0>' to 'xfExtractPixels&lt;1, 1, 0>' (F:/Vitis_Libraries/vision/L1/include\common/xf_utility.hpp:69:1)" projectName="erosion" solutionName="solution1" date="2021-01-22T14:16:45.869+0800" type="Warning"/>
        <logs message="WARNING: [XFORM 203-631] Renaming function 'xf::cv::xfMat2Array&lt;8, 0, 128, 128, 1>' to 'xfMat2Array&lt;8, 0, 128, 128, 1>' (F:/Vitis_Libraries/vision/L1/include\common/xf_structs.hpp:1411:9)" projectName="erosion" solutionName="solution1" date="2021-01-22T14:16:45.856+0800" type="Warning"/>
        <logs message="WARNING: [XFORM 203-631] Renaming function 'xf::cv::xferode&lt;128, 128, 1, 0, 1, 0, 129, 3, 3>' to 'xferode&lt;128, 128, 1, 0, 1, 0, 129, 3, 3>' (F:/Vitis_Libraries/vision/L1/include\imgproc/xf_erosion.hpp:55:17)" projectName="erosion" solutionName="solution1" date="2021-01-22T14:16:45.845+0800" type="Warning"/>
        <logs message="WARNING: [HLS 200-786] Detected dataflow-on-top in function  'erosion_accel'  with default interface mode 'ap_ctrl_hs'. Overlapped execution of successive kernel calls will not happen unless interface mode 'ap_ctrl_chain' is used (or 'ap_ctrl_none' for a purely data-driven design).&#xD;&#xA;Resolution: For help on HLS 200-786 see www.xilinx.com/html_docs/xilinx2020_1/hls-guidance/200-786.html" projectName="erosion" solutionName="solution1" date="2021-01-22T14:16:43.910+0800" type="Warning"/>
        <logs message="WARNING: [HLS 200-805] An internal stream 'ldata' (F:/Vitis_Libraries/vision/L1/include\common/xf_structs.hpp:1114) with default size can result in deadlock. Please consider resizing the stream using the directive 'set_directive_stream' or the 'HLS stream' pragma." projectName="erosion" solutionName="solution1" date="2021-01-22T14:16:43.687+0800" type="Warning"/>
        <logs message="WARNING: [HLS 200-805] An internal stream 'ldata' (F:/Vitis_Libraries/vision/L1/include\common/xf_structs.hpp:1337) with default size can result in deadlock. Please consider resizing the stream using the directive 'set_directive_stream' or the 'HLS stream' pragma." projectName="erosion" solutionName="solution1" date="2021-01-22T14:16:43.661+0800" type="Warning"/>
        <logs message="WARNING: [HLS 200-936] Cannot unroll loop 'VITIS_LOOP_295_3' in function 'xf::cv::xferode&lt;128, 128, 1, 0, 1, 0, 129, 3, 3>': cannot completely unroll a loop with a variable trip count.&#xD;&#xA;Resolution: For help on HLS 200-936 see www.xilinx.com/html_docs/xilinx2020_1/hls-guidance/200-936.html" projectName="erosion" solutionName="solution1" date="2021-01-22T14:16:43.091+0800" type="Warning"/>
        <logs message="WARNING: [XFORM 203-561] Updating loop upper bound from 3 to 1 for loop 'init_boarder' in function 'xf::cv::xferode&lt;128, 128, 1, 0, 1, 0, 129, 3, 3>'." projectName="erosion" solutionName="solution1" date="2021-01-22T14:16:43.068+0800" type="Warning"/>
        <logs message="WARNING: [XFORM 203-561] Updating loop lower bound from 1 to 3 for loop 'VITIS_LOOP_263_1' in function 'xf::cv::xferode&lt;128, 128, 1, 0, 1, 0, 129, 3, 3>'." projectName="erosion" solutionName="solution1" date="2021-01-22T14:16:43.038+0800" type="Warning"/>
        <logs message="WARNING: [SYNCHK 200-23] F:/xilinx_2020.1/Vitis/2020.1/common/technology/autopilot\ap_int_ref.h:674: variable-indexed range selection may cause suboptimal QoR." projectName="erosion" solutionName="solution1" date="2021-01-22T14:16:42.524+0800" type="Warning"/>
        <logs message="WARNING: [HLS 214-167] The program may have out of bound array access (source/xf_erosion_accel.cpp:39:13)" projectName="erosion" solutionName="solution1" date="2021-01-22T14:16:41.284+0800" type="Warning"/>
        <logs message="WARNING: [HLS 207-1535] 'Resource' is deprecated, and it will be removed in future release: F:/Vitis_Libraries/vision/L1/include\imgproc/xf_erosion.hpp:257:9" projectName="erosion" solutionName="solution1" date="2021-01-22T14:16:25.857+0800" type="Warning"/>
        <logs message="WARNING: [HLS 207-5324] unused parameter 'index': F:/Vitis_Libraries/vision/L1/include\common/xf_structs.hpp:1386:34" projectName="erosion" solutionName="solution1" date="2021-01-22T14:16:21.194+0800" type="Warning"/>
        <logs message="WARNING: [HLS 207-5324] unused parameter 'index': F:/Vitis_Libraries/vision/L1/include\common/xf_structs.hpp:1183:102" projectName="erosion" solutionName="solution1" date="2021-01-22T14:16:21.187+0800" type="Warning"/>
        <logs message="WARNING: [HLS 207-5324] unused parameter 'index': F:/Vitis_Libraries/vision/L1/include\common/xf_structs.hpp:675:60" projectName="erosion" solutionName="solution1" date="2021-01-22T14:16:21.180+0800" type="Warning"/>
        <logs message="WARNING: [HLS 207-5324] unused parameter 'index': F:/Vitis_Libraries/vision/L1/include\common/xf_structs.hpp:655:87" projectName="erosion" solutionName="solution1" date="2021-01-22T14:16:21.170+0800" type="Warning"/>
        <logs message="WARNING: [HLS 200-471] Dataflow form checks found 1 issue(s) in file source/xf_erosion_accel.cpp&#xD;&#xA;Resolution: For help on HLS 200-471 see www.xilinx.com/html_docs/xilinx2020_1/hls-guidance/200-471.html" projectName="erosion" solutionName="solution1" date="2021-01-22T14:16:21.164+0800" type="Warning"/>
        <logs message="WARNING: [HLS 214-114] Since the only kind of statements allowed in a canonical dataflow region are variable declarations and function calls, the compiler may not be able to correctly handle the region: source/xf_erosion_accel.cpp:35:5&#xD;&#xA;Resolution: For help on HLS 214-114 see www.xilinx.com/html_docs/xilinx2020_1/hls-guidance/214-114.html" projectName="erosion" solutionName="solution1" date="2021-01-22T14:16:19.243+0800" type="Warning"/>
        <logs message="WARNING: [HLS 200-40] Cannot find library 'xilinx/Virtex-7/Virtex-7_fpv7'." projectName="erosion" solutionName="solution1" date="2021-01-22T14:16:12.931+0800" type="Warning"/>
        <logs message="WARNING: [HLS 200-40] Cannot find library 'F:/xilinx_2020.1/Vitis/2020.1/common/technology/xilinx/Virtex-7/Virtex-7_fpv7.lib'." projectName="erosion" solutionName="solution1" date="2021-01-22T14:16:11.805+0800" type="Warning"/>
        <logs message="WARNING: [HLS 200-40] Cannot find library 'xilinx/Virtex-7/Virtex-7'." projectName="erosion" solutionName="solution1" date="2021-01-22T14:16:11.798+0800" type="Warning"/>
        <logs message="WARNING: [HLS 200-40] Cannot find library 'F:/xilinx_2020.1/Vitis/2020.1/common/technology/xilinx/Virtex-7/Virtex-7.lib'." projectName="erosion" solutionName="solution1" date="2021-01-22T14:16:11.791+0800" type="Warning"/>
      </synLog>
      <simLog/>
      <mgLog/>
      <packageLog/>
      <csimLog>
        <logs message="WARNING: [HLS 200-40] Cannot find library 'xilinx/Virtex-7/Virtex-7_fpv7'.&#xD;&#xA;" projectName="erosion" solutionName="solution1" date="2021-01-25T09:17:12.547+0800" type="Warning"/>
        <logs message="WARNING: [HLS 200-40] Cannot find library 'F:/xilinx_2020.1/Vitis/2020.1/common/technology/xilinx/Virtex-7/Virtex-7_fpv7.lib'." projectName="erosion" solutionName="solution1" date="2021-01-25T09:17:12.320+0800" type="Warning"/>
        <logs message="WARNING: [HLS 200-40] Cannot find library 'xilinx/Virtex-7/Virtex-7'." projectName="erosion" solutionName="solution1" date="2021-01-25T09:17:12.307+0800" type="Warning"/>
        <logs message="WARNING: [HLS 200-40] Cannot find library 'F:/xilinx_2020.1/Vitis/2020.1/common/technology/xilinx/Virtex-7/Virtex-7.lib'." projectName="erosion" solutionName="solution1" date="2021-01-25T09:17:12.295+0800" type="Warning"/>
        <logs message="WARNING: [HLS 200-40] Cannot find library 'xilinx/Virtex-7/Virtex-7_fpv7'." projectName="erosion" solutionName="solution1" date="2021-01-22T16:56:10.287+0800" type="Warning"/>
        <logs message="WARNING: [HLS 200-40] Cannot find library 'F:/xilinx_2020.1/Vitis/2020.1/common/technology/xilinx/Virtex-7/Virtex-7_fpv7.lib'." projectName="erosion" solutionName="solution1" date="2021-01-22T16:56:09.136+0800" type="Warning"/>
        <logs message="WARNING: [HLS 200-40] Cannot find library 'xilinx/Virtex-7/Virtex-7'." projectName="erosion" solutionName="solution1" date="2021-01-22T16:56:09.124+0800" type="Warning"/>
        <logs message="WARNING: [HLS 200-40] Cannot find library 'F:/xilinx_2020.1/Vitis/2020.1/common/technology/xilinx/Virtex-7/Virtex-7.lib'." projectName="erosion" solutionName="solution1" date="2021-01-22T16:56:09.112+0800" type="Warning"/>
        <logs message="WARNING: [HLS 200-40] Cannot find library 'xilinx/Virtex-7/Virtex-7_fpv7'." projectName="erosion" solutionName="solution1" date="2021-01-22T15:07:45.389+0800" type="Warning"/>
        <logs message="WARNING: [HLS 200-40] Cannot find library 'F:/xilinx_2020.1/Vitis/2020.1/common/technology/xilinx/Virtex-7/Virtex-7_fpv7.lib'." projectName="erosion" solutionName="solution1" date="2021-01-22T15:07:44.395+0800" type="Warning"/>
        <logs message="WARNING: [HLS 200-40] Cannot find library 'xilinx/Virtex-7/Virtex-7'." projectName="erosion" solutionName="solution1" date="2021-01-22T15:07:44.384+0800" type="Warning"/>
        <logs message="WARNING: [HLS 200-40] Cannot find library 'F:/xilinx_2020.1/Vitis/2020.1/common/technology/xilinx/Virtex-7/Virtex-7.lib'." projectName="erosion" solutionName="solution1" date="2021-01-22T15:07:44.373+0800" type="Warning"/>
        <logs message="WARNING: [HLS 200-40] Cannot find library 'xilinx/Virtex-7/Virtex-7_fpv7'." projectName="erosion" solutionName="solution1" date="2021-01-22T15:04:41.919+0800" type="Warning"/>
        <logs message="WARNING: [HLS 200-40] Cannot find library 'F:/xilinx_2020.1/Vitis/2020.1/common/technology/xilinx/Virtex-7/Virtex-7_fpv7.lib'." projectName="erosion" solutionName="solution1" date="2021-01-22T15:04:40.910+0800" type="Warning"/>
        <logs message="WARNING: [HLS 200-40] Cannot find library 'xilinx/Virtex-7/Virtex-7'." projectName="erosion" solutionName="solution1" date="2021-01-22T15:04:40.898+0800" type="Warning"/>
        <logs message="WARNING: [HLS 200-40] Cannot find library 'F:/xilinx_2020.1/Vitis/2020.1/common/technology/xilinx/Virtex-7/Virtex-7.lib'." projectName="erosion" solutionName="solution1" date="2021-01-22T15:04:40.887+0800" type="Warning"/>
        <logs message="WARNING: [HLS 200-40] Cannot find library 'xilinx/Virtex-7/Virtex-7_fpv7'." projectName="erosion" solutionName="solution1" date="2021-01-22T15:04:12.793+0800" type="Warning"/>
        <logs message="WARNING: [HLS 200-40] Cannot find library 'F:/xilinx_2020.1/Vitis/2020.1/common/technology/xilinx/Virtex-7/Virtex-7_fpv7.lib'." projectName="erosion" solutionName="solution1" date="2021-01-22T15:04:11.715+0800" type="Warning"/>
        <logs message="WARNING: [HLS 200-40] Cannot find library 'xilinx/Virtex-7/Virtex-7'." projectName="erosion" solutionName="solution1" date="2021-01-22T15:04:11.703+0800" type="Warning"/>
        <logs message="WARNING: [HLS 200-40] Cannot find library 'F:/xilinx_2020.1/Vitis/2020.1/common/technology/xilinx/Virtex-7/Virtex-7.lib'." projectName="erosion" solutionName="solution1" date="2021-01-22T15:04:11.690+0800" type="Warning"/>
        <logs message="WARNING: [HLS 200-40] Cannot find library 'xilinx/Virtex-7/Virtex-7_fpv7'." projectName="erosion" solutionName="solution1" date="2021-01-22T15:03:20.955+0800" type="Warning"/>
        <logs message="WARNING: [HLS 200-40] Cannot find library 'F:/xilinx_2020.1/Vitis/2020.1/common/technology/xilinx/Virtex-7/Virtex-7_fpv7.lib'." projectName="erosion" solutionName="solution1" date="2021-01-22T15:03:19.958+0800" type="Warning"/>
        <logs message="WARNING: [HLS 200-40] Cannot find library 'xilinx/Virtex-7/Virtex-7'." projectName="erosion" solutionName="solution1" date="2021-01-22T15:03:19.945+0800" type="Warning"/>
        <logs message="WARNING: [HLS 200-40] Cannot find library 'F:/xilinx_2020.1/Vitis/2020.1/common/technology/xilinx/Virtex-7/Virtex-7.lib'." projectName="erosion" solutionName="solution1" date="2021-01-22T15:03:19.930+0800" type="Warning"/>
        <logs message="WARNING: [HLS 200-40] Cannot find library 'xilinx/Virtex-7/Virtex-7_fpv7'." projectName="erosion" solutionName="solution1" date="2021-01-22T14:59:48.268+0800" type="Warning"/>
        <logs message="WARNING: [HLS 200-40] Cannot find library 'F:/xilinx_2020.1/Vitis/2020.1/common/technology/xilinx/Virtex-7/Virtex-7_fpv7.lib'." projectName="erosion" solutionName="solution1" date="2021-01-22T14:59:47.175+0800" type="Warning"/>
        <logs message="WARNING: [HLS 200-40] Cannot find library 'xilinx/Virtex-7/Virtex-7'." projectName="erosion" solutionName="solution1" date="2021-01-22T14:59:47.161+0800" type="Warning"/>
        <logs message="WARNING: [HLS 200-40] Cannot find library 'F:/xilinx_2020.1/Vitis/2020.1/common/technology/xilinx/Virtex-7/Virtex-7.lib'." projectName="erosion" solutionName="solution1" date="2021-01-22T14:59:47.145+0800" type="Warning"/>
        <logs message="WARNING: [HLS 200-40] Cannot find library 'xilinx/Virtex-7/Virtex-7_fpv7'." projectName="erosion" solutionName="solution1" date="2021-01-22T14:58:20.159+0800" type="Warning"/>
        <logs message="WARNING: [HLS 200-40] Cannot find library 'F:/xilinx_2020.1/Vitis/2020.1/common/technology/xilinx/Virtex-7/Virtex-7_fpv7.lib'." projectName="erosion" solutionName="solution1" date="2021-01-22T14:58:18.050+0800" type="Warning"/>
        <logs message="WARNING: [HLS 200-40] Cannot find library 'xilinx/Virtex-7/Virtex-7'." projectName="erosion" solutionName="solution1" date="2021-01-22T14:58:18.030+0800" type="Warning"/>
        <logs message="WARNING: [HLS 200-40] Cannot find library 'F:/xilinx_2020.1/Vitis/2020.1/common/technology/xilinx/Virtex-7/Virtex-7.lib'." projectName="erosion" solutionName="solution1" date="2021-01-22T14:58:18.006+0800" type="Warning"/>
        <logs message="WARNING: [HLS 200-40] Cannot find library 'xilinx/Virtex-7/Virtex-7_fpv7'." projectName="erosion" solutionName="solution1" date="2021-01-22T14:43:39.751+0800" type="Warning"/>
        <logs message="WARNING: [HLS 200-40] Cannot find library 'F:/xilinx_2020.1/Vitis/2020.1/common/technology/xilinx/Virtex-7/Virtex-7_fpv7.lib'." projectName="erosion" solutionName="solution1" date="2021-01-22T14:43:38.654+0800" type="Warning"/>
        <logs message="WARNING: [HLS 200-40] Cannot find library 'xilinx/Virtex-7/Virtex-7'." projectName="erosion" solutionName="solution1" date="2021-01-22T14:43:38.642+0800" type="Warning"/>
        <logs message="WARNING: [HLS 200-40] Cannot find library 'F:/xilinx_2020.1/Vitis/2020.1/common/technology/xilinx/Virtex-7/Virtex-7.lib'." projectName="erosion" solutionName="solution1" date="2021-01-22T14:43:38.632+0800" type="Warning"/>
        <logs message="WARNING: [HLS 200-40] Cannot find library 'xilinx/Virtex-7/Virtex-7_fpv7'." projectName="erosion" solutionName="solution1" date="2021-01-22T14:43:00.962+0800" type="Warning"/>
        <logs message="WARNING: [HLS 200-40] Cannot find library 'F:/xilinx_2020.1/Vitis/2020.1/common/technology/xilinx/Virtex-7/Virtex-7_fpv7.lib'." projectName="erosion" solutionName="solution1" date="2021-01-22T14:42:59.847+0800" type="Warning"/>
        <logs message="WARNING: [HLS 200-40] Cannot find library 'xilinx/Virtex-7/Virtex-7'." projectName="erosion" solutionName="solution1" date="2021-01-22T14:42:59.836+0800" type="Warning"/>
        <logs message="WARNING: [HLS 200-40] Cannot find library 'F:/xilinx_2020.1/Vitis/2020.1/common/technology/xilinx/Virtex-7/Virtex-7.lib'." projectName="erosion" solutionName="solution1" date="2021-01-22T14:42:59.825+0800" type="Warning"/>
        <logs message="WARNING: [HLS 200-40] Cannot find library 'xilinx/Virtex-7/Virtex-7_fpv7'." projectName="erosion" solutionName="solution1" date="2021-01-22T14:42:29.466+0800" type="Warning"/>
        <logs message="WARNING: [HLS 200-40] Cannot find library 'F:/xilinx_2020.1/Vitis/2020.1/common/technology/xilinx/Virtex-7/Virtex-7_fpv7.lib'." projectName="erosion" solutionName="solution1" date="2021-01-22T14:42:28.336+0800" type="Warning"/>
        <logs message="WARNING: [HLS 200-40] Cannot find library 'xilinx/Virtex-7/Virtex-7'." projectName="erosion" solutionName="solution1" date="2021-01-22T14:42:28.325+0800" type="Warning"/>
        <logs message="WARNING: [HLS 200-40] Cannot find library 'F:/xilinx_2020.1/Vitis/2020.1/common/technology/xilinx/Virtex-7/Virtex-7.lib'." projectName="erosion" solutionName="solution1" date="2021-01-22T14:42:28.314+0800" type="Warning"/>
        <logs message="WARNING: [HLS 200-40] Cannot find library 'xilinx/Virtex-7/Virtex-7_fpv7'." projectName="erosion" solutionName="solution1" date="2021-01-22T14:39:28.280+0800" type="Warning"/>
        <logs message="WARNING: [HLS 200-40] Cannot find library 'F:/xilinx_2020.1/Vitis/2020.1/common/technology/xilinx/Virtex-7/Virtex-7_fpv7.lib'." projectName="erosion" solutionName="solution1" date="2021-01-22T14:39:27.153+0800" type="Warning"/>
        <logs message="WARNING: [HLS 200-40] Cannot find library 'xilinx/Virtex-7/Virtex-7'." projectName="erosion" solutionName="solution1" date="2021-01-22T14:39:27.141+0800" type="Warning"/>
        <logs message="WARNING: [HLS 200-40] Cannot find library 'F:/xilinx_2020.1/Vitis/2020.1/common/technology/xilinx/Virtex-7/Virtex-7.lib'." projectName="erosion" solutionName="solution1" date="2021-01-22T14:39:27.131+0800" type="Warning"/>
        <logs message="WARNING: [HLS 200-40] Cannot find library 'xilinx/Virtex-7/Virtex-7_fpv7'." projectName="erosion" solutionName="solution1" date="2021-01-22T14:37:58.924+0800" type="Warning"/>
        <logs message="WARNING: [HLS 200-40] Cannot find library 'F:/xilinx_2020.1/Vitis/2020.1/common/technology/xilinx/Virtex-7/Virtex-7_fpv7.lib'." projectName="erosion" solutionName="solution1" date="2021-01-22T14:37:57.714+0800" type="Warning"/>
        <logs message="WARNING: [HLS 200-40] Cannot find library 'xilinx/Virtex-7/Virtex-7'." projectName="erosion" solutionName="solution1" date="2021-01-22T14:37:57.704+0800" type="Warning"/>
        <logs message="WARNING: [HLS 200-40] Cannot find library 'F:/xilinx_2020.1/Vitis/2020.1/common/technology/xilinx/Virtex-7/Virtex-7.lib'." projectName="erosion" solutionName="solution1" date="2021-01-22T14:37:57.693+0800" type="Warning"/>
        <logs message="WARNING: [HLS 200-40] Cannot find library 'xilinx/Virtex-7/Virtex-7_fpv7'." projectName="erosion" solutionName="solution1" date="2021-01-22T14:37:13.416+0800" type="Warning"/>
        <logs message="WARNING: [HLS 200-40] Cannot find library 'F:/xilinx_2020.1/Vitis/2020.1/common/technology/xilinx/Virtex-7/Virtex-7_fpv7.lib'." projectName="erosion" solutionName="solution1" date="2021-01-22T14:37:12.320+0800" type="Warning"/>
        <logs message="WARNING: [HLS 200-40] Cannot find library 'xilinx/Virtex-7/Virtex-7'." projectName="erosion" solutionName="solution1" date="2021-01-22T14:37:12.310+0800" type="Warning"/>
        <logs message="WARNING: [HLS 200-40] Cannot find library 'F:/xilinx_2020.1/Vitis/2020.1/common/technology/xilinx/Virtex-7/Virtex-7.lib'." projectName="erosion" solutionName="solution1" date="2021-01-22T14:37:12.300+0800" type="Warning"/>
        <logs message="WARNING: [HLS 200-40] Cannot find library 'xilinx/Virtex-7/Virtex-7_fpv7'." projectName="erosion" solutionName="solution1" date="2021-01-22T14:31:08.552+0800" type="Warning"/>
        <logs message="WARNING: [HLS 200-40] Cannot find library 'F:/xilinx_2020.1/Vitis/2020.1/common/technology/xilinx/Virtex-7/Virtex-7_fpv7.lib'." projectName="erosion" solutionName="solution1" date="2021-01-22T14:31:07.436+0800" type="Warning"/>
        <logs message="WARNING: [HLS 200-40] Cannot find library 'xilinx/Virtex-7/Virtex-7'." projectName="erosion" solutionName="solution1" date="2021-01-22T14:31:07.425+0800" type="Warning"/>
        <logs message="WARNING: [HLS 200-40] Cannot find library 'F:/xilinx_2020.1/Vitis/2020.1/common/technology/xilinx/Virtex-7/Virtex-7.lib'." projectName="erosion" solutionName="solution1" date="2021-01-22T14:31:07.415+0800" type="Warning"/>
        <logs message="WARNING: [HLS 200-40] Cannot find library 'xilinx/Virtex-7/Virtex-7_fpv7'." projectName="erosion" solutionName="solution1" date="2021-01-22T14:30:08.798+0800" type="Warning"/>
        <logs message="WARNING: [HLS 200-40] Cannot find library 'F:/xilinx_2020.1/Vitis/2020.1/common/technology/xilinx/Virtex-7/Virtex-7_fpv7.lib'." projectName="erosion" solutionName="solution1" date="2021-01-22T14:30:07.712+0800" type="Warning"/>
        <logs message="WARNING: [HLS 200-40] Cannot find library 'xilinx/Virtex-7/Virtex-7'." projectName="erosion" solutionName="solution1" date="2021-01-22T14:30:07.701+0800" type="Warning"/>
        <logs message="WARNING: [HLS 200-40] Cannot find library 'F:/xilinx_2020.1/Vitis/2020.1/common/technology/xilinx/Virtex-7/Virtex-7.lib'." projectName="erosion" solutionName="solution1" date="2021-01-22T14:30:07.691+0800" type="Warning"/>
        <logs message="WARNING: [HLS 200-40] Cannot find library 'xilinx/Virtex-7/Virtex-7_fpv7'." projectName="erosion" solutionName="solution1" date="2021-01-22T14:28:43.158+0800" type="Warning"/>
        <logs message="WARNING: [HLS 200-40] Cannot find library 'F:/xilinx_2020.1/Vitis/2020.1/common/technology/xilinx/Virtex-7/Virtex-7_fpv7.lib'." projectName="erosion" solutionName="solution1" date="2021-01-22T14:28:42.044+0800" type="Warning"/>
        <logs message="WARNING: [HLS 200-40] Cannot find library 'xilinx/Virtex-7/Virtex-7'." projectName="erosion" solutionName="solution1" date="2021-01-22T14:28:42.035+0800" type="Warning"/>
        <logs message="WARNING: [HLS 200-40] Cannot find library 'F:/xilinx_2020.1/Vitis/2020.1/common/technology/xilinx/Virtex-7/Virtex-7.lib'." projectName="erosion" solutionName="solution1" date="2021-01-22T14:28:42.026+0800" type="Warning"/>
        <logs message="WARNING: [HLS 200-40] Cannot find library 'xilinx/Virtex-7/Virtex-7_fpv7'." projectName="erosion" solutionName="solution1" date="2021-01-22T14:25:01.068+0800" type="Warning"/>
        <logs message="WARNING: [HLS 200-40] Cannot find library 'F:/xilinx_2020.1/Vitis/2020.1/common/technology/xilinx/Virtex-7/Virtex-7_fpv7.lib'." projectName="erosion" solutionName="solution1" date="2021-01-22T14:24:59.841+0800" type="Warning"/>
        <logs message="WARNING: [HLS 200-40] Cannot find library 'xilinx/Virtex-7/Virtex-7'." projectName="erosion" solutionName="solution1" date="2021-01-22T14:24:59.831+0800" type="Warning"/>
        <logs message="WARNING: [HLS 200-40] Cannot find library 'F:/xilinx_2020.1/Vitis/2020.1/common/technology/xilinx/Virtex-7/Virtex-7.lib'." projectName="erosion" solutionName="solution1" date="2021-01-22T14:24:59.820+0800" type="Warning"/>
        <logs message="WARNING: [HLS 200-40] Cannot find library 'xilinx/Virtex-7/Virtex-7_fpv7'." projectName="erosion" solutionName="solution1" date="2021-01-22T14:21:33.377+0800" type="Warning"/>
        <logs message="WARNING: [HLS 200-40] Cannot find library 'F:/xilinx_2020.1/Vitis/2020.1/common/technology/xilinx/Virtex-7/Virtex-7_fpv7.lib'." projectName="erosion" solutionName="solution1" date="2021-01-22T14:21:32.259+0800" type="Warning"/>
        <logs message="WARNING: [HLS 200-40] Cannot find library 'xilinx/Virtex-7/Virtex-7'." projectName="erosion" solutionName="solution1" date="2021-01-22T14:21:32.249+0800" type="Warning"/>
        <logs message="WARNING: [HLS 200-40] Cannot find library 'F:/xilinx_2020.1/Vitis/2020.1/common/technology/xilinx/Virtex-7/Virtex-7.lib'." projectName="erosion" solutionName="solution1" date="2021-01-22T14:21:32.238+0800" type="Warning"/>
      </csimLog>
    </logs>
  </warningLogs>
</vivadoHLSLog:LogRoot>
